Diet_type,Recipe_name,Cuisine_type,Protein(g),Carbs(g),Fat(g),Extraction_day,Extraction_time,Protein_to_Carbs_ratio,Carbs_to_Fat_ratio
paleo,Bone Broth From 'Nom Nom Paleo',american,5.22,1.29,3.2,10/16/2022,17:20:09,4.047,0.403
paleo,"Paleo Effect Asian-Glazed Pork Sides, A Sweet & Crispy Appetizer",south east asian,181.55,28.62,146.14,10/16/2022,17:20:09,6.343,0.196
paleo,Paleo Pumpkin Pie,american,30.91,302.59,96.76,10/16/2022,17:20:09,0.102,3.127
paleo,Strawberry Guacamole recipes,mexican,9.62,75.78,59.89,10/16/2022,17:20:09,0.127,1.265
paleo,"Asian Cauliflower Fried ""Rice"" From 'Nom Nom Paleo'",chinese,39.84,54.08,71.55,10/16/2022,17:20:09,0.737,0.756
paleo,Paleo Shrimp-Stuffed Mushrooms recipes,mediterranean,68.62,34.15,42.44,10/16/2022,17:20:09,2.009,0.805
paleo,Paleo Pumpkin Pie recipes,american,30.03,275.88,97.68,10/16/2022,17:20:09,0.109,2.824
paleo,Autoimmune Paleo Pesto,italian,4.25,14.15,72.9,10/16/2022,17:20:09,0.3,0.194
paleo,Baked Banana Chip Encrusted French Toast,french,152.88,1874.52,385.8,10/16/2022,17:20:09,0.082,4.859
paleo,Vietnamese Pho Pressure Cooker (Noodle Soup),south east asian,602.91,274.87,400.01,10/16/2022,17:20:09,2.193,0.687
paleo,Paleo Collard Burrito,mexican,44.62,28.66,78.46,10/16/2022,17:20:09,1.557,0.365
paleo,Paleo Chawanmushi (Savory Egg Custard) recipes,american,61.43,13.29,24.6,10/16/2022,17:20:09,4.622,0.54
paleo,‘paleo' banana bread,american,46.69,192.54,156.48,10/16/2022,17:20:09,0.242,1.23
paleo,Leftover Turkey Sandwich recipes,american,54.09,34.97,14.1,10/16/2022,17:20:16,1.547,2.48
paleo,Paleo Pumpkin Waffles,american,51.24,89.63,78.38,10/16/2022,17:20:16,0.572,1.144
paleo,Fudgy Paleo Brownies,french,64.29,263.65,176.36,10/16/2022,17:20:16,0.244,1.495
paleo,Magic Wings recipes,american,320.76,28.36,252.82,10/16/2022,17:20:16,11.31,0.112
paleo,Turkey Club Sandwich,american,46.92,39.94,19.6,10/16/2022,17:20:16,1.175,2.038
paleo,Easy Paleo Meatloaf,american,185.99,47.82,260.64,10/16/2022,17:20:16,3.889,0.183
paleo,Paleo Crepes,french,15.73,15.91,49.16,10/16/2022,17:20:16,0.989,0.324
paleo,Chocolate Pecan Pie recipes,american,59.86,567.39,320.76,10/16/2022,17:20:16,0.106,1.769
paleo,Simple Crab Salad recipes,american,82.1,4.75,20.24,10/16/2022,17:20:16,17.284,0.235
paleo,Chocolate Pecan Pie,american,54.7,503.39,320.12,10/16/2022,17:20:16,0.109,1.573
paleo,Asian Meatballs recipes,indian,167.07,55.11,210.14,10/16/2022,17:20:16,3.032,0.262
paleo,Blueberry French Toast Casserole,french,78.59,290.1,84.95,10/16/2022,17:20:16,0.271,3.415
paleo,Paleo Spanish Rice,mediterranean,28.67,64.13,37.71,10/16/2022,17:20:23,0.447,1.701
paleo,Whole30® Sriracha,south east asian,12.16,85.78,2.91,10/16/2022,17:20:23,0.142,29.478
paleo,Banana Cream Pie,american,17.85,215.69,304.25,10/16/2022,17:20:23,0.083,0.709
paleo,Spicy Salmon Cucumber Bites recipes,nordic,49.84,17.2,75.62,10/16/2022,17:20:23,2.898,0.227
paleo,Blueberry French Toast Casserole recipes,french,78.59,290.1,84.95,10/16/2022,17:20:23,0.271,3.415
paleo,Paleo Honey Cake,eastern europe,87.32,258.25,259.21,10/16/2022,17:20:23,0.338,0.996
paleo,Chocolate Pumpkin Pie recipes,central europe,44.05,429.69,162.78,10/16/2022,17:20:23,0.103,2.64
paleo,Paleo Creamy Alfredo,american,16.48,32.46,91.36,10/16/2022,17:20:23,0.508,0.355
paleo,Paleo Blini recipes,eastern europe,15.5,12.78,23.29,10/16/2022,17:20:23,1.213,0.549
paleo,Paleo Tzimmes,kosher,16.11,236.88,3.86,10/16/2022,17:20:23,0.068,61.368
paleo,Paleo Pumpkin Bars,american,39.73,169.01,117.95,10/16/2022,17:20:23,0.235,1.433
paleo,Paleo Fruitcake,american,82.45,271.48,204.91,10/16/2022,17:20:23,0.304,1.325
paleo,Paleo Chocolate Frosting,american,14.19,85.18,150.26,10/16/2022,17:20:23,0.167,0.567
paleo,Paleo Crepes recipes,french,27.38,9.57,61.87,10/16/2022,17:20:29,2.861,0.155
paleo,Paleo Peach Crisp,french,39.58,126.88,97.83,10/16/2022,17:20:29,0.312,1.297
paleo,Paleo Pumpkin Bars,american,36.27,182.51,105.1,10/16/2022,17:20:29,0.199,1.737
paleo,Paleo Honey Cake,american,87.32,258.25,259.24,10/16/2022,17:20:29,0.338,0.996
paleo,Paleo Carrot Soup,american,27.17,116.73,125.14,10/16/2022,17:20:29,0.233,0.933
paleo,Paleo Fruitcake recipes,american,85.97,271.68,207.57,10/16/2022,17:20:29,0.316,1.309
paleo,Best Paleo Chili,american,193.11,83.93,227.24,10/16/2022,17:20:36,2.301,0.369
paleo,Perfect Paleo Pizza,italian,123.47,75.65,235.87,10/16/2022,17:20:36,1.632,0.321
paleo,Grain-Free Cauliflower Fried Rice recipes,chinese,37.54,56.92,53.88,10/16/2022,17:20:36,0.66,1.056
paleo,Paleo Chocolate Frosting recipes,american,7.27,112.19,269.91,10/16/2022,17:20:36,0.065,0.416
paleo,Paleo Eggplant Lasagna,italian,172.17,186.26,467.17,10/16/2022,17:20:36,0.924,0.399
paleo,Paleo Pecan Tart Crust,american,20.15,24.96,111.99,10/16/2022,17:20:36,0.807,0.223
paleo,Paleo Shepherd’s Pie,american,189.35,143.25,300.66,10/16/2022,17:20:36,1.322,0.476
paleo,Paleo Pie Crust recipes,american,56.39,43.01,143.87,10/16/2022,17:20:36,1.311,0.299
paleo,Paleo Mug Cake recipes,british,10.48,19.56,12.5,10/16/2022,17:20:36,0.536,1.565
paleo,Paleo Flourless Chocolate Cake,american,83.82,384.27,324.34,10/16/2022,17:20:36,0.218,1.185
paleo,Mini Paleo Egg Bites,american,118.36,6.54,61.57,10/16/2022,17:20:36,18.098,0.106
paleo,Egg-Free Paleo Macaroons,french,9.91,99.09,110.51,10/16/2022,17:20:36,0.1,0.897
paleo,Paleo Raw Chocolate Bites,american,46.07,261.6,147.5,10/16/2022,17:20:36,0.176,1.774
paleo,Paleo Mushroom Soup recipes,french,60.19,112.58,52.61,10/16/2022,17:20:43,0.535,2.14
paleo,Paleo Birthday Cake recipes,american,68.21,199.96,161.13,10/16/2022,17:20:43,0.341,1.241
paleo,Paleo Avocado Tuna Salad,mexican,32.45,24.27,31.05,10/16/2022,17:20:43,1.337,0.782
paleo,Paleo Honey Cake recipes,eastern europe,90.83,258.46,261.91,10/16/2022,17:20:43,0.351,0.987
paleo,Paleo Pumpkin Bars recipes,american,49.0,412.09,116.03,10/16/2022,17:20:43,0.119,3.552
paleo,Perfect Paleo Baked Salmon,nordic,161.95,1.17,160.83,10/16/2022,17:20:43,138.419,0.007
paleo,Chocolate Mousse (Paleo! Keto!),french,20.23,126.01,153.36,10/16/2022,17:20:43,0.161,0.822
paleo,Crab + Avocado Temaki recipes,caribbean,88.79,32.66,55.58,10/16/2022,17:20:50,2.719,0.588
paleo,Red Cabbage Slaw with Tangy Carrot Ginger Dressing recipes,american,9.65,42.63,83.92,10/16/2022,17:20:50,0.226,0.508
paleo,Paleo Prosciutto Egg Cups,italian,80.95,6.34,113.98,10/16/2022,17:20:50,12.768,0.056
paleo,Paleo Chicken Adobo recipes,mediterranean,123.17,61.52,107.7,10/16/2022,17:20:50,2.002,0.571
paleo,Cranberry Apple Stuffing,american,47.89,285.93,93.75,10/16/2022,17:20:50,0.167,3.05
paleo,Paleo Dirty Rice recipes,caribbean,26.68,80.75,35.37,10/16/2022,17:20:50,0.33,2.283
paleo,Slow-Cooker Paleo Meatballs,eastern europe,145.6,102.25,144.33,10/16/2022,17:20:50,1.424,0.708
paleo,Delicata Squash Stuffed with Spiced Meat and Tomatoes (serves 2) and a side of Sauteed Chard recipes,italian,100.74,92.07,360.57,10/16/2022,17:20:50,1.094,0.255
paleo,Paleo Pork Chili Verde,american,107.7,68.02,28.69,10/16/2022,17:20:50,1.583,2.371
paleo,Paleo Steak and Egg Salad,american,65.19,17.09,69.97,10/16/2022,17:20:50,3.815,0.244
paleo,Easy Paleo Beef with Broccoli,mediterranean,102.5,38.41,98.85,10/16/2022,17:20:50,2.669,0.389
paleo,Paleo Party Pork Carnitas,mexican,268.92,128.88,334.28,10/16/2022,17:20:50,2.087,0.386
paleo,Paleo Pecan Tart Crust recipes,american,21.03,25.01,112.66,10/16/2022,17:20:50,0.841,0.222
paleo,Paleo Shepherd's Pie recipes,american,189.35,143.25,300.66,10/16/2022,17:20:50,1.322,0.476
paleo,Paleo Vanilla Birthday Cake recipes,french,71.11,159.31,147.25,10/16/2022,17:20:56,0.446,1.082
paleo,Egg-Free Paleo Macaroons recipes,french,10.16,105.7,110.51,10/16/2022,17:20:56,0.096,0.956
paleo,Paleo Raw Chocolate Bites recipes,american,46.07,261.6,147.5,10/16/2022,17:20:56,0.176,1.774
paleo,Perfect Paleo Pie Crust recipes,american,43.97,104.37,160.83,10/16/2022,17:20:56,0.421,0.649
paleo,Practical Paleo: Mint Chip Truffles,american,3.76,23.94,80.65,10/16/2022,17:20:56,0.157,0.297
paleo,Cindy's Paleo Harvest Chili,american,210.45,139.56,272.52,10/16/2022,17:20:56,1.508,0.512
paleo,Instant Pot Paleo Pork Tenderloin,french,362.76,16.83,64.04,10/16/2022,17:20:56,21.554,0.263
paleo,Paleo Pecan-Crusted Chicken | everydaypaleo.com,american,258.66,55.59,103.91,10/16/2022,17:20:56,4.653,0.535
paleo,Entertain Meatloaf Style,american,197.94,70.1,110.07,10/16/2022,17:20:56,2.824,0.637
paleo,Semi-Homemade Paleo Spaghetti And Meatballs,italian,128.54,366.81,166.72,10/16/2022,17:20:56,0.35,2.2
paleo,Easy Paleo Herb Gravy recipes,french,23.56,39.05,42.25,10/16/2022,17:21:04,0.603,0.924
paleo,Homemade Mayo (Paleo and Whole30 Friendly!),italian,2.81,1.11,112.61,10/16/2022,17:21:04,2.532,0.01
paleo,Paleo and Vegan Pesto stuffed mushrooms,american,10.73,15.5,49.29,10/16/2022,17:21:04,0.692,0.314
paleo,Paleo Un-Stuffed Cabbage Soup,italian,141.27,55.82,198.73,10/16/2022,17:21:04,2.531,0.281
paleo,Sweet Potato Chili (Paleo-Friendly!),american,98.56,191.3,176.93,10/16/2022,17:21:04,0.515,1.081
paleo,Paleo Dirty Cauliflower ‘Rice’ Recipe,mediterranean,26.68,80.75,35.37,10/16/2022,17:21:04,0.33,2.283
paleo,Spicy Paleo Pumpkin Muffins recipes,british,121.84,413.93,317.39,10/16/2022,17:21:04,0.294,1.304
paleo,Paleo Cauliflower Bacon Fried Rice Recipe,chinese,28.76,50.01,48.09,10/16/2022,17:21:04,0.575,1.04
paleo,Paleo Beef and Sweet Potato Stew,american,200.82,153.82,102.62,10/16/2022,17:21:04,1.306,1.499
paleo,Paleo Comfort Foods’ Poached Pears recipes,french,9.82,214.27,3.04,10/16/2022,17:21:04,0.046,70.484
paleo,Madras Chicken Salad recipes,mediterranean,150.18,41.36,123.75,10/16/2022,17:21:04,3.631,0.334
paleo,Slow Cooker Cheater Pork Stew recipes,french,244.29,69.44,249.9,10/16/2022,17:21:04,3.518,0.278
paleo,Strawberry Rhubarb Crisp - and it's paleo. recipes,american,32.24,250.87,139.25,10/16/2022,17:21:04,0.129,1.802
paleo,Paleo Pasta Salad with Avocado Oil Vinaigrette,french,31.23,74.97,116.67,10/16/2022,17:21:04,0.417,0.643
paleo,The Paleo Diet’s Salmon Caesar Salad Recipe,nordic,155.95,49.31,150.25,10/16/2022,17:21:04,3.163,0.328
paleo,"Eggplant ""Ricotta"" Stacks From 'Nom Nom Paleo'",italian,32.32,157.39,194.11,10/16/2022,17:21:11,0.205,0.811
paleo,Southwest Cowboy Chili From 'Nom Nom Paleo',american,430.2,138.37,178.17,10/16/2022,17:21:11,3.109,0.777
paleo,Swiss Paleo’s Homemade Italian & Chorizo Sausage,italian,1273.61,83.34,1608.54,10/16/2022,17:21:11,15.282,0.052
paleo,Paleo Doritos Toast Will Scratch Your Snack Itch,american,32.75,22.67,2.45,10/16/2022,17:21:11,1.445,9.253
paleo,"Paleo Pumpkin, Coconut, & Maple Custard Cups recipes",american,36.0,142.79,107.74,10/16/2022,17:21:11,0.252,1.325
paleo,Paleo Spaghetti Squash and Amped Up Meatballs,italian,128.33,154.22,125.77,10/16/2022,17:21:11,0.832,1.226
paleo,Swiss Paleo’s Bugs Bunny Hasenpfeffer Stew recipes,nordic,65.78,96.23,130.86,10/16/2022,17:21:11,0.684,0.735
paleo,The Paleo Kitchen’s Honey Mustard Chicken Thighs recipes,french,152.56,53.59,205.36,10/16/2022,17:21:11,2.847,0.261
paleo,Stupid Easy Paleo’s Kickin’ BBQ Shredded Chicken recipes,american,283.7,78.55,252.1,10/16/2022,17:21:11,3.612,0.312
paleo,Paleo-Friendly Roasted Butternut Squash with Crispy Sage Leaves,nordic,6.45,66.8,42.58,10/16/2022,17:21:11,0.097,1.569
paleo,Orange Sriracha Chicken recipes,south east asian,104.17,82.97,64.82,10/16/2022,17:21:11,1.256,1.28
paleo,Overnight Cherry Chia Seed Pudding – Paleo/Gluten Free/Vegan,american,12.77,112.92,56.84,10/16/2022,17:21:11,0.113,1.987
paleo,Paleo Pumpkin Gingerbread Cake with Maple-Vanilla Frosting recipes,american,73.83,185.59,307.46,10/16/2022,17:21:11,0.398,0.604
paleo,"Sweet Potato & Pork Thanksgiving Stuffing (Paleo, Gluten-Free) recipes",american,197.91,312.15,371.5,10/16/2022,17:21:11,0.634,0.84
paleo,Paleo Comfort Food? Here’s A Creamy Shrimp Fra Diavolo recipes,italian,102.47,51.64,54.82,10/16/2022,17:21:11,1.984,0.942
paleo,"Instant Pot Buffalo Sweet Potato Soup {Vegan, Whole30, Paleo, Gluten-Free}",american,14.26,79.07,109.53,10/16/2022,17:21:11,0.18,0.722
paleo,Dill Butternut Squash Fries,american,7.68,89.2,14.38,10/16/2022,17:21:11,0.086,6.203
paleo,Crispy Sweet Potato Fries,south american,4.4,56.19,28.84,10/16/2022,17:21:18,0.078,1.948
paleo,Rosemary and Garlic Parsnip Mash,american,3.34,48.53,13.6,10/16/2022,17:21:18,0.069,3.568
paleo,Four Layer Beef and Bacon Casserole,american,213.63,149.66,298.56,10/16/2022,17:21:18,1.427,0.501
paleo,Boston Baked Beef,american,135.99,193.85,232.95,10/16/2022,17:21:18,0.702,0.832
paleo,Nutella Brownie Truffles,french,12.21,151.95,98.75,10/16/2022,17:21:18,0.08,1.539
paleo,Best Ever Bars,american,62.76,194.9,266.67,10/16/2022,17:21:18,0.322,0.731
paleo,Salmon Cakes,nordic,86.31,11.17,66.45,10/16/2022,17:21:18,7.727,0.168
paleo,Crockpot Italian Chicken and Peppers,italian,86.07,84.94,43.04,10/16/2022,17:21:18,1.013,1.974
paleo,Herbed Rack of Lamb,middle eastern,35.36,6.76,133.82,10/16/2022,17:21:18,5.231,0.051
paleo,Moroccan Braised Chicken and Kale,middle eastern,283.65,89.99,306.29,10/16/2022,17:21:18,3.152,0.294
paleo,Roasted Tomato Soup,italian,39.32,88.7,50.97,10/16/2022,17:21:18,0.443,1.74
paleo,Sweet Plantain Guacamole,south american,19.18,134.0,138.71,10/16/2022,17:21:18,0.143,0.966
paleo,Turkey Spaghetti Zoodles,american,122.69,96.81,51.15,10/16/2022,17:21:18,1.267,1.893
paleo,Celery Leaf & Fennel Poached Salmon,nordic,32.41,17.25,24.49,10/16/2022,17:21:18,1.879,0.704
paleo,Turkey Veggie Meatballs With Spaghetti Squash,american,122.78,147.94,51.84,10/16/2022,17:21:24,0.83,2.854
paleo,Asian Sesame Chicken & Broccoli,chinese,107.67,31.95,70.25,10/16/2022,17:21:24,3.37,0.455
paleo,Cauliflower Fried Rice,chinese,46.62,82.76,53.47,10/16/2022,17:21:24,0.563,1.548
paleo,Khoresht Lubia Sabz (Persian Green Bean Stew),american,121.29,69.51,49.55,10/16/2022,17:21:24,1.745,1.403
paleo,Cinnamon Chocolate Swirl Banana Bread,american,68.73,266.84,183.04,10/16/2022,17:21:24,0.258,1.458
paleo,Easy Pan Gravy,british,0.32,6.54,11.65,10/16/2022,17:21:24,0.049,0.561
paleo,Salsa Fresca estilo Siete,mexican,4.94,33.55,1.11,10/16/2022,17:21:24,0.147,30.225
paleo,Ginger Snap Pumpkin Butter Cookie Sandwiches,american,97.78,239.78,356.65,10/16/2022,17:21:24,0.408,0.672
paleo,Cauliflower Soup Drizzled with White Truffle Oil,french,41.9,64.07,37.95,10/16/2022,17:21:24,0.654,1.688
paleo,Apple Pumpkin Soup,american,9.95,64.53,19.56,10/16/2022,17:21:24,0.154,3.299
paleo,Easy Vegan Pad Thai Supreme,american,97.94,217.78,168.32,10/16/2022,17:21:24,0.45,1.294
paleo,Beef Chorizo con Huevo estilo Siete,mediterranean,133.92,12.88,92.88,10/16/2022,17:21:24,10.398,0.139
paleo,Angel Food Cake,american,55.09,283.94,5.02,10/16/2022,17:21:24,0.194,56.562
paleo,Asian Chicken Salad,asian,69.61,44.66,128.44,10/16/2022,17:21:24,1.559,0.348
paleo,Roasted Beef Tenderloin,american,349.89,10.57,130.34,10/16/2022,17:21:24,33.102,0.081
paleo,"Kale, Artichoke and Pecorino Salad",mediterranean,36.98,40.42,58.68,10/16/2022,17:21:24,0.915,0.689
paleo,Spicy Thai Peanut Kelp Noodle Pad Thai,south east asian,92.67,357.52,68.86,10/16/2022,17:21:24,0.259,5.192
paleo,Almond Meal Encrusted Chicken Nuggets - REAL FOOD Healing Recipe from Mee Tracy McCormick,american,191.06,25.06,137.85,10/16/2022,17:21:24,7.624,0.182
paleo,Artichoke Francaise,mediterranean,35.81,127.03,62.87,10/16/2022,17:21:31,0.282,2.021
paleo,Braised Short Rib Bolognese,italian,242.69,59.62,607.18,10/16/2022,17:21:31,4.071,0.098
paleo,Maialino's Olive Oil Cake (Adapted by Becca Fox),american,72.45,479.49,468.3,10/16/2022,17:21:31,0.151,1.024
paleo,Homemade Ravioli with Ricotta Cheese and Spinach Filling,italian,118.65,300.0,107.45,10/16/2022,17:21:31,0.396,2.792
paleo,Boneless Short Ribs on the BGE,french,392.64,12.51,472.92,10/16/2022,17:21:31,31.386,0.026
paleo,Ribollita,italian,66.67,180.22,111.67,10/16/2022,17:21:31,0.37,1.614
paleo,Pear and Apple Coffeecake with Walnut Topping,british,68.86,309.13,384.74,10/16/2022,17:21:31,0.223,0.803
paleo,Artichoke and Perfect Asparagus Salad with Lemony Herbed Vinaigrette,mediterranean,22.61,68.6,103.89,10/16/2022,17:21:31,0.33,0.66
paleo,Indian Spiced Broccoli and Potato Hash,nordic,9.39,47.36,10.47,10/16/2022,17:21:31,0.198,4.523
paleo,Vegan Dark Chocolate Coconut Tart,american,32.24,221.1,103.54,10/16/2022,17:21:31,0.146,2.135
paleo,Pork and Charred Brussels Sprouts with Chile Lime Sauce,south american,145.56,240.17,89.14,10/16/2022,17:21:31,0.606,2.694
paleo,Apple Fennel Casserole with a Coconut-Turmeric Twist,italian,5.6,46.5,18.34,10/16/2022,17:21:31,0.12,2.535
paleo,Slow-Cooker 'Osso Buco' Stew,italian,211.11,94.79,61.46,10/16/2022,17:21:31,2.227,1.542
paleo,Vegan Coconut Cream Tart with White Peaches and Blueberries,american,39.45,285.88,109.49,10/16/2022,17:21:31,0.138,2.611
paleo,Spiced Harvest Cake,british,65.92,455.58,158.29,10/16/2022,17:21:31,0.145,2.878
paleo,Paleo MeeNut™ Butter Sandwich on Paleo Bread™,american,0.93,3.08,24.31,10/16/2022,17:21:38,0.302,0.127
paleo,Low Carb Paleo Egg Wrap Recipe,american,16.71,28.5,15.85,10/16/2022,17:21:38,0.586,1.798
paleo,Paleo Nutella Banana Ice Cream,american,7.86,186.18,30.1,10/16/2022,17:21:38,0.042,6.185
paleo,Paleo Whole30 Pesto Chicken Salad,american,176.97,10.7,206.48,10/16/2022,17:21:38,16.539,0.052
paleo,The Elvis Paleo Sandwich Recipe,american,18.72,68.14,54.08,10/16/2022,17:21:38,0.275,1.26
paleo,Simple Paleo Reese’s Cups,american,69.56,157.94,257.36,10/16/2022,17:21:38,0.44,0.614
paleo,Paleo Meatloaf recipes,american,216.95,203.73,178.18,10/16/2022,17:21:38,1.065,1.143
paleo,Paleo Nacho Casserole,mexican,156.83,88.03,167.6,10/16/2022,17:21:38,1.782,0.525
paleo,Simple Paleo Coleslaw Dressing,mediterranean,6.76,17.01,89.82,10/16/2022,17:21:38,0.397,0.189
paleo,Paleo Bread Stuffing recipes,american,54.96,208.13,49.2,10/16/2022,17:21:44,0.264,4.23
paleo,Paleo deviled egg recipe,french,32.74,3.08,69.22,10/16/2022,17:21:44,10.63,0.044
paleo,Paleo Peppermint Bark,american,30.23,191.35,235.63,10/16/2022,17:21:44,0.158,0.812
paleo,Paleo Chipotle Dipping Sauce,mexican,2.14,15.79,116.27,10/16/2022,17:21:44,0.136,0.136
paleo,Paleo Wrap Carne Asada Recipe,mexican,159.24,75.82,62.53,10/16/2022,17:21:44,2.1,1.213
paleo,Homemade Paleo Protein Bars,american,368.04,500.49,210.84,10/16/2022,17:21:44,0.735,2.374
paleo,Paleo Tzatziki,mediterranean,2.82,17.07,13.93,10/16/2022,17:21:44,0.165,1.225
paleo,Paleo Pecan Pie Bars recipes,american,105.25,594.23,700.42,10/16/2022,17:21:44,0.177,0.848
paleo,Loaded Paleo Cauliflower Nachos recipes,mexican,52.93,75.7,131.7,10/16/2022,17:21:44,0.699,0.575
paleo,Gluten-Free Paleo Meatloaf recipes,eastern europe,170.21,136.35,196.93,10/16/2022,17:21:44,1.248,0.692
paleo,Paleo Broccoli Salad recipes,american,22.75,124.99,146.91,10/16/2022,17:21:44,0.182,0.851
paleo,Healthy Paleo Marble Cake recipes,american,42.18,245.32,90.32,10/16/2022,17:21:44,0.172,2.716
paleo,Paleo Deviled Eggs recipes,french,87.75,10.06,163.03,10/16/2022,17:21:51,8.723,0.062
paleo,Paleo Meatball Sub,american,57.04,62.66,77.65,10/16/2022,17:21:51,0.91,0.807
paleo,Paleo Egg Salad recipes,american,35.77,30.22,88.57,10/16/2022,17:21:51,1.184,0.341
paleo,"Caramel Caffe Latte (paleo, GF, dairy-free) recipes",american,3.28,32.7,15.37,10/16/2022,17:21:51,0.1,2.128
paleo,Smoky Paleo Deviled Eggs recipes,french,34.1,8.47,69.53,10/16/2022,17:21:51,4.026,0.122
paleo,Paleo Barbecue Beef and Bacon recipes,american,114.04,148.84,128.75,10/16/2022,17:21:51,0.766,1.156
paleo,Paleo Pad Thai with Zucchini Noodles,south east asian,3.5,40.81,0.36,10/16/2022,17:21:51,0.086,113.361
paleo,Paleo Sunbutter Cups recipes,french,0.1,32.29,27.63,10/16/2022,17:21:51,0.003,1.169
paleo,Paleo Quiche Cups,french,59.38,43.71,82.41,10/16/2022,17:21:51,1.358,0.53
paleo,Paleo Pecan Pie,american,41.28,497.12,285.89,10/16/2022,17:21:51,0.083,1.739
paleo,Paleo Smoked Tuna Salad recipes,american,24.83,19.77,90.32,10/16/2022,17:21:51,1.256,0.219
paleo,Paleo Lemon Mousse,french,17.82,77.84,84.12,10/16/2022,17:21:58,0.229,0.925
paleo,Paleo Aioli Salad Dressing,mediterranean,0.53,2.32,44.57,10/16/2022,17:21:58,0.228,0.052
paleo,Paleo Flourless Chocolate Cake recipes,american,80.48,404.46,410.21,10/16/2022,17:21:58,0.199,0.986
paleo,Paleo Flourless Chocolate Cake,american,55.16,123.66,244.31,10/16/2022,17:21:58,0.446,0.506
paleo,Paleo Chicken Salad with Dates & Walnuts {Whole30} recipes,mediterranean,97.63,88.59,98.0,10/16/2022,17:21:58,1.102,0.904
paleo,Paleo Blackberry Muffins recipes,american,43.48,81.37,88.44,10/16/2022,17:21:58,0.534,0.92
paleo,Paleo Crockpot Cashew Chicken recipes,italian,165.31,78.63,220.89,10/16/2022,17:21:58,2.102,0.356
paleo,Paleo Blackberry Instant Pot Cobbler,french,33.01,287.56,114.66,10/16/2022,17:21:58,0.115,2.508
paleo,Paleo Banana Bread French Toast,french,21.23,203.11,42.55,10/16/2022,17:21:58,0.105,4.773
paleo,Three-Ingredient Paleo Chocolate Truffles,french,23.43,183.78,200.78,10/16/2022,17:21:58,0.127,0.915
paleo,Toasted Egg Fiesta Paleo Wrap (Ketogenic),american,13.92,32.74,26.53,10/16/2022,17:21:58,0.425,1.234
paleo,Paleo Beef Stroganoff,eastern europe,215.13,36.63,68.05,10/16/2022,17:21:58,5.873,0.538
paleo,Paleo Whole30 Classic Egg Salad recipes,american,61.5,8.58,184.92,10/16/2022,17:21:58,7.168,0.046
paleo,Easy Paleo Meatloaf with Bacon,american,203.61,23.57,166.41,10/16/2022,17:21:58,8.639,0.142
paleo,"Gluten Free Beef and Tomato {Chinese Style, Paleo Option} recipes",chinese,107.83,56.13,81.39,10/16/2022,17:21:58,1.921,0.69
paleo,"Buffalo Ranch Chicken Salad Recipe {Paleo, Whole30 Compliant} recipes",american,145.57,27.22,152.88,10/16/2022,17:22:05,5.348,0.178
paleo,Paleo Crock Pot Pulled Pork recipes,american,255.11,99.29,170.32,10/16/2022,17:22:05,2.569,0.583
paleo,Papaya Chicken Paleo Wrap,british,40.75,33.63,35.28,10/16/2022,17:22:05,1.212,0.953
paleo,Paleo Vegan Enchilada Casserole,american,96.62,331.56,21.46,10/16/2022,17:22:05,0.291,15.45
paleo,"Blueberry Almond Mug Cake (Paleo, Gluten Free)",american,14.22,33.55,34.47,10/16/2022,17:22:05,0.424,0.973
paleo,Paleo Bang Bang Shrimp recipes,japanese,91.88,3.34,163.16,10/16/2022,17:22:05,27.509,0.02
paleo,"Creamy Roasted Sesame Dressing (Paleo, Whole30, Keto)",mediterranean,3.3,13.24,57.69,10/16/2022,17:22:05,0.249,0.23
paleo,Paleo Ranch Dressing and Dip recipes,american,1.77,5.8,190.1,10/16/2022,17:22:05,0.305,0.031
paleo,Smoked Salmon Paleo Wrap Bites,nordic,34.01,82.25,27.63,10/16/2022,17:22:05,0.413,2.977
paleo,Paleo Meatloaf,american,283.04,85.83,108.96,10/16/2022,17:22:05,3.298,0.788
paleo,Dairy-free Paleo Ranch Dressing,american,5.63,10.85,226.21,10/16/2022,17:22:05,0.519,0.048
paleo,Paleo Banana Chip Muffins recipes,american,95.83,139.93,188.95,10/16/2022,17:22:05,0.685,0.741
paleo,Creamy (yet Paleo) Cucumber Salad recipes,american,3.23,17.66,45.05,10/16/2022,17:22:12,0.183,0.392
paleo,Bunless Paleo Chicken BLTs recipes,american,97.48,19.3,119.43,10/16/2022,17:22:12,5.051,0.162
paleo,"Frittata with Sweet Potato, Sausage and Caramelized Onions (Paleo, Grain-Free) recipes",italian,126.61,109.21,188.1,10/16/2022,17:22:12,1.159,0.581
paleo,Paleo Tangy BBQ Pulled Pork,american,244.91,263.45,61.97,10/16/2022,17:22:12,0.93,4.251
paleo,Paleo Crab Cakes recipes,french,97.65,19.1,76.38,10/16/2022,17:22:12,5.113,0.25
paleo,Simple Paleo Coleslaw recipes,mediterranean,14.52,80.91,90.39,10/16/2022,17:22:12,0.179,0.895
paleo,"3 Ingredient Chocolate Walnut Fudge (Paleo, Vegan, Gluten Free, Dairy-Free)",american,48.8,126.11,160.21,10/16/2022,17:22:12,0.387,0.787
paleo,Paleo Whole30 Chicken Salad recipes,american,171.35,54.47,285.53,10/16/2022,17:22:12,3.146,0.191
paleo,Flourless Chocolate Peppermint Cake (Paleo and Low Carb) recipes,american,45.19,255.14,114.31,10/16/2022,17:22:12,0.177,2.232
paleo,Easy Paleo Fried Fish Sticks,french,106.13,43.27,214.62,10/16/2022,17:22:12,2.453,0.202
paleo,Paleo Cheese-Stuffed Meatballs,american,103.97,82.66,131.02,10/16/2022,17:22:12,1.258,0.631
paleo,"Paleo Shrimp, Bacon and Tomato Pasta Recip",italian,72.33,48.97,74.65,10/16/2022,17:22:12,1.477,0.656
paleo,Primal Organic Chicken Recipe In A Paleo Wrap,american,37.07,50.05,35.2,10/16/2022,17:22:12,0.741,1.422
paleo,Paleo Vegan Cherry Garcia Ice Cream,american,16.51,257.72,52.79,10/16/2022,17:22:12,0.064,4.882
paleo,Paleo Peach-Blueberry Cobbler recipes,american,42.38,245.47,161.24,10/16/2022,17:22:12,0.173,1.522
paleo,Paleo Sweet Potato Casserole,italian,38.03,1061.56,199.18,10/16/2022,17:22:18,0.036,5.33
paleo,Paleo Crab Cakes,american,32.3,14.14,106.85,10/16/2022,17:22:18,2.284,0.132
paleo,Cinnamon Raisin Paleo Bread Pudding recipes,british,74.2,336.36,139.83,10/16/2022,17:22:18,0.221,2.405
paleo,Paleo Chicken Piccata,french,38.49,111.57,127.66,10/16/2022,17:22:18,0.345,0.874
paleo,Paleo Barbecue Chicken Casserole recipes,italian,271.64,258.95,282.4,10/16/2022,17:22:18,1.049,0.917
paleo,Baked Ranch Chicken Tenders (Paleo + Whole30),american,105.57,129.65,146.59,10/16/2022,17:22:18,0.814,0.884
paleo,Chocolate Almond Buttercream Cups | PALEO,american,27.72,280.99,138.5,10/16/2022,17:22:18,0.099,2.029
paleo,Paleo Broccoli Salad,american,33.1,59.46,126.68,10/16/2022,17:22:18,0.557,0.469
paleo,Paleo Whole 30 Berry Chicken Salad,american,228.65,25.01,238.62,10/16/2022,17:22:18,9.142,0.105
paleo,"Cauliflower Fried ""Rice"" (Paleo)",chinese,26.48,44.85,16.65,10/16/2022,17:22:18,0.59,2.694
paleo,Paleo Pumpkin Bolognese,italian,83.7,41.66,96.89,10/16/2022,17:22:18,2.009,0.43
paleo,Paleo Egg Nog Cake recipes,british,62.83,159.42,66.35,10/16/2022,17:22:18,0.394,2.403
paleo,Easy Paleo Reese's™ Cups,french,61.73,259.06,224.92,10/16/2022,17:22:25,0.238,1.152
paleo,Paleo Cornbread Stuffing recipes,american,129.28,693.44,243.17,10/16/2022,17:22:25,0.186,2.852
paleo,Sloppy Joe's - Paleo & Whole30 recipes,french,94.68,90.81,85.8,10/16/2022,17:22:25,1.043,1.058
paleo,No-Bake Paleo Chocolate Chip Coconut Bars,american,74.81,272.62,518.78,10/16/2022,17:22:25,0.274,0.526
paleo,Portobello Mushroom Paleo Taco,italian,81.07,46.84,114.72,10/16/2022,17:22:25,1.731,0.408
paleo,Paleo BBQ Ranch Meatloaf,american,173.86,79.71,130.88,10/16/2022,17:22:25,2.181,0.609
paleo,Keto Paleo Tuna Taquitos Recipe,mexican,46.45,79.45,75.1,10/16/2022,17:22:25,0.585,1.058
paleo,Paleo Chocolate Coconut Milk Panna Cotta,italian,23.39,101.95,147.65,10/16/2022,17:22:25,0.229,0.69
paleo,"Slow Cooker Honey Peach Chipotle Meatballs (Gluten Free, Paleo) recipes",eastern europe,23.44,256.29,25.75,10/16/2022,17:22:25,0.091,9.953
paleo,Paleo Roasted Cabbage with Mustard Seed Dressing recipes,mediterranean,4.18,14.45,50.79,10/16/2022,17:22:25,0.289,0.285
paleo,Paleo Tuna Spinach Casserole recipes,italian,84.76,50.54,92.11,10/16/2022,17:22:25,1.677,0.549
paleo,Paleo Beef Stroganoff,eastern europe,130.93,70.55,203.75,10/16/2022,17:22:25,1.856,0.346
paleo,Slammin Wild Salmon Paleo Wrap Tumeric,nordic,95.18,45.51,55.22,10/16/2022,17:22:25,2.091,0.824
paleo,Vietnamese Spring Rolls (Paleo) recipes,south east asian,38.7,122.93,71.13,10/16/2022,17:22:25,0.315,1.728
paleo,Paleo Banana Muffins recipes,american,52.77,99.46,150.99,10/16/2022,17:22:25,0.531,0.659
paleo,Paleo Chicken Shawarma recipes,middle eastern,114.46,52.87,92.38,10/16/2022,17:22:25,2.165,0.572
paleo,Paleo Spinach Donuts recipes,american,43.22,247.39,124.45,10/16/2022,17:22:25,0.175,1.988
paleo,Paleo Strawberry Pie recipes,american,60.38,223.26,160.19,10/16/2022,17:22:32,0.27,1.394
paleo,Quick and Easy Paleo Salads,french,44.68,28.95,73.11,10/16/2022,17:22:32,1.543,0.396
paleo,Chocolate Custard (Paleo or Low Carb) recipes,french,36.84,126.43,159.07,10/16/2022,17:22:32,0.291,0.795
paleo,"Pumpkin Milkshake (Dairy-free, Paleo, AIP) recipes",american,21.77,88.19,168.04,10/16/2022,17:22:32,0.247,0.525
paleo,"Pistachio Crumbed Mushrooms (Paleo, Low Carb) recipes",british,47.75,59.33,157.69,10/16/2022,17:22:32,0.805,0.376
paleo,"Paleo Chocolate Mousse Cake (dairy Free, Raw Dessert, Keto, Paleo, Gluten Free) recipes",american,48.81,278.15,264.65,10/16/2022,17:22:32,0.175,1.051
paleo,Paleo Ground Beef Spaghetti Squash Skillet,italian,96.21,128.43,115.48,10/16/2022,17:22:32,0.749,1.112
paleo,Paleo Fried Green Tomatoes recipes,french,49.16,59.39,182.49,10/16/2022,17:22:32,0.828,0.325
paleo,Dulce de Leche Ice Cream (Paleo) recipes,italian,14.38,177.86,141.1,10/16/2022,17:22:32,0.081,1.261
paleo,"Easy BBQ Jackfruit Saute Recipe [Paleo, Vegan]",american,2.02,108.4,14.76,10/16/2022,17:22:32,0.019,7.344
paleo,"Easy 10 Minute Asian Zucchini Noodles (low-carb, Paleo) recipes",asian,13.86,37.92,7.02,10/16/2022,17:22:32,0.366,5.402
paleo,Paleo Maple Pecan Latte Mug Cake,american,12.5,36.44,32.19,10/16/2022,17:22:32,0.343,1.132
paleo,Paleo Beef Stew,american,208.63,137.91,54.39,10/16/2022,17:22:32,1.513,2.536
paleo,A No Bake Paleo Chocolate Cashew Coconut Dessert That’s Healthy,american,27.93,87.43,751.19,10/16/2022,17:22:32,0.319,0.116
paleo,"Easy Chicken Herb Salad (Paleo, Low Carb) recipes",american,81.02,9.13,109.01,10/16/2022,17:22:32,8.874,0.084
paleo,Frozen Chocolate Custard (Low Carb and Paleo Friendly),american,40.47,56.32,184.95,10/16/2022,17:22:38,0.719,0.305
paleo,Paleo Ground Beef Spaghetti Squash Skillet recipes,italian,96.21,128.43,115.48,10/16/2022,17:22:38,0.749,1.112
paleo,Salted Caramel Bliss Balls- Aka Paleo Style Truffles,french,58.09,221.62,168.29,10/16/2022,17:22:38,0.262,1.317
paleo,20-Minute Paleo Cashew Chicken,american,189.22,139.79,190.27,10/16/2022,17:22:38,1.354,0.735
paleo,"Healthy Buffalo Turkey Meatballs (paleo, GF) recipes",american,107.96,14.59,67.22,10/16/2022,17:22:38,7.4,0.217
paleo,"Shepherd’s Pie with Cauliflower Topping (GAPS, Paleo, Grain-Free) recipes",american,110.14,57.66,168.1,10/16/2022,17:22:38,1.91,0.343
paleo,Paleo Chocolate and Candied Orange Peel Freezer Fudge (GF) recipes,american,60.59,289.03,220.89,10/16/2022,17:22:38,0.21,1.308
paleo,Paleo Crockpot BBQ Pulled Pork,american,403.14,254.68,412.96,10/16/2022,17:22:38,1.583,0.617
paleo,Primal Roast Beast Wrap Recipe,british,65.76,53.13,62.59,10/16/2022,17:22:38,1.238,0.849
paleo,Paleo Chili Over Zero Carb Paleo Miracle Rice™,american,184.44,249.2,24.04,10/16/2022,17:22:38,0.74,10.366
paleo,Saucy Grilled Paleo Pork Chops Recipe,eastern europe,77.12,79.94,29.49,10/16/2022,17:22:38,0.965,2.711
paleo,"Orange and Five-Spice Roasted Chicken Legs | Keto, Paleo",mediterranean,677.22,41.71,686.9,10/16/2022,17:22:38,16.236,0.061
paleo,The Best Paleo Beef Enchiladas recipes,mexican,116.96,182.48,163.36,10/16/2022,17:22:38,0.641,1.117
paleo,Paleo Chicken Taco Meatballs (GF) recipes,mexican,90.61,10.48,51.89,10/16/2022,17:22:38,8.646,0.202
paleo,Smoky BBQ Paleo Chili recipes,american,97.93,107.81,116.11,10/16/2022,17:22:38,0.908,0.929
paleo,Collard Green Paleo Slaw (Super Slaw) recipes,mediterranean,5.4,28.18,31.71,10/16/2022,17:22:45,0.192,0.889
paleo,"Blueberry Chia Seed Coleslaw (Paleo, GF) recipes",american,12.01,80.23,53.09,10/16/2022,17:22:45,0.15,1.511
paleo,"Orange Chicken Recipe (Paleo, Grain-Free) recipes",french,191.91,161.86,143.79,10/16/2022,17:22:45,1.186,1.126
paleo,Sneaky Chocolate Veggie Cake (Paleo option) recipes,american,96.82,335.74,291.09,10/16/2022,17:22:45,0.288,1.153
paleo,Paleo Cauliflower Fried Rice,chinese,56.99,97.39,56.34,10/16/2022,17:22:45,0.585,1.729
paleo,Caramel Chocolate Mousse (Paleo & Vegan) recipes,american,38.1,270.02,232.58,10/16/2022,17:22:45,0.141,1.161
paleo,"Healthy Fudge Bites {Paleo, Gluten Free, Sugar Free, Dairy Free} recipes",american,8.38,178.34,297.71,10/16/2022,17:22:45,0.047,0.599
paleo,"Easy Crab Cakes (Paleo, Low Carb) recipes",french,94.1,15.58,63.84,10/16/2022,17:22:45,6.04,0.244
paleo,Keto Paleo Meatloaf recipes,american,143.36,37.65,172.61,10/16/2022,17:22:45,3.808,0.218
paleo,Paleo Ginger Cake with Lemon and Coconut,french,59.12,86.59,200.92,10/16/2022,17:22:45,0.683,0.431
paleo,Paleo Whole30 Classic Potato Salad,mediterranean,32.03,272.41,57.65,10/16/2022,17:22:45,0.118,4.725
paleo,Paleo Chocolate Pistachio Biscotti recipes,italian,53.41,214.31,129.8,10/16/2022,17:22:45,0.249,1.651
paleo,Paleo Sloppy Joes with Sweet Potatoes recipes,american,90.72,202.74,106.32,10/16/2022,17:22:45,0.447,1.907
paleo,Gluten Free “Carrot Cake” Vegan Cheesecake {Paleo} recipes,american,74.18,426.76,307.56,10/16/2022,17:22:45,0.174,1.388
paleo,Paleo Chocolate Chunk Banana Bread recipes,american,81.41,257.6,233.5,10/16/2022,17:22:45,0.316,1.103
paleo,Paleo Sweet and Sour Pork,mediterranean,97.79,167.44,112.53,10/16/2022,17:22:45,0.584,1.488
paleo,"Egg Salad Lettuce Wraps (Paleo, GF) recipes",american,31.06,10.09,50.9,10/16/2022,17:22:52,3.078,0.198
paleo,"Spaghetti Squash Soup with Pumpkin and Fall Flavors {GF, Vegan, Paleo}",american,42.79,175.5,44.84,10/16/2022,17:22:52,0.244,3.914
paleo,"BBQ Beef Pizza (AIP, Paleo)",italian,111.23,259.49,110.34,10/16/2022,17:22:52,0.429,2.352
paleo,Paleo-Approved Classic Chicken Salad,american,37.0,58.18,212.82,10/16/2022,17:22:52,0.636,0.273
paleo,Primal Curried Egg Salad Coconut Wraps,american,22.37,38.14,42.75,10/16/2022,17:22:52,0.587,0.892
paleo,Baked Salmon with Pesto and Pecans,nordic,329.12,8.78,251.78,10/16/2022,17:22:52,37.485,0.035
paleo,Paleo Banana Chocolate Chip Muffins,american,105.65,526.6,219.56,10/16/2022,17:22:52,0.201,2.398
paleo,"Almond Flour Crust for Tarts or Pies - Gluten Free, Low Carb, Sugar Free, Paleo recipes",american,62.5,84.87,199.1,10/16/2022,17:22:52,0.736,0.426
paleo,"Spatchcock Herbed Chicken (Paleo, Whole30 option)",french,226.67,21.54,221.69,10/16/2022,17:22:52,10.523,0.097
paleo,Paleo Chocolate Sweet Potato Bread (gluten and dairy free),american,77.32,1801.16,887.91,10/16/2022,17:22:52,0.043,2.029
paleo,Easy Paleo Lemon Chia Seed Muffins,american,74.35,542.66,211.44,10/16/2022,17:22:52,0.137,2.566
paleo,Paleo Chocolate Honey Bars recipes,american,77.32,349.38,266.18,10/16/2022,17:22:52,0.221,1.313
paleo,DIY Chicken Burrito Bowl (Paleo),mexican,86.59,165.25,101.45,10/16/2022,17:22:52,0.524,1.629
paleo,"Healthy Buffalo Turkey Meatloaf (Paleo, Whole30) recipes",american,217.07,34.17,134.74,10/16/2022,17:22:58,6.353,0.254
paleo,Paleo Slow Cooker Beef Stew recipes,american,179.32,120.49,36.68,10/16/2022,17:22:58,1.488,3.285
paleo,"Teriyaki Salmon Recipe (Grain-Free, Paleo) recipes",nordic,102.48,104.16,59.07,10/16/2022,17:22:58,0.984,1.763
paleo,Banana Cocoa Snack Cake (Paleo) recipes,american,68.94,227.74,168.98,10/16/2022,17:22:58,0.303,1.348
paleo,Paleo Creole Meatballs,american,134.14,55.22,177.0,10/16/2022,17:22:58,2.429,0.312
paleo,Easy Paleo Shepherd's Pie recipes,american,107.14,93.45,137.29,10/16/2022,17:22:58,1.146,0.681
paleo,"Buffalo Chicken Cobb Salad {paleo, whole30",american,3.26,7.35,89.83,10/16/2022,17:22:58,0.444,0.082
paleo,Paleo Carrot & Apple Juicer Pulp Muffi,british,56.05,119.56,118.16,10/16/2022,17:22:58,0.469,1.012
paleo,Sesame Ginger Paleo Turkey Meatballs recipes,american,104.28,42.67,56.99,10/16/2022,17:22:58,2.444,0.749
paleo,"Coconut Chocolate Chip Healthy Vegan Ice Cream Recipe (Paleo, Homemade, Dairy-Free)",american,16.29,154.99,89.99,10/16/2022,17:22:58,0.105,1.722
paleo,Zero Carb Beef Stew w/Paleo Rice By Paleo Nate,american,459.83,289.66,200.26,10/16/2022,17:22:58,1.587,1.446
paleo,Creamy Paleo Chicken Enchiladas Verdes recipes,mexican,168.06,206.21,137.17,10/16/2022,17:22:58,0.815,1.503
paleo,"Paleo Vegetarian Tacos with Zucchini, Squash & Eggplant recipes",mexican,33.3,254.57,86.36,10/16/2022,17:22:58,0.131,2.948
paleo,Paleo Chocolate Pecan Tart,american,52.41,149.85,387.32,10/16/2022,17:22:58,0.35,0.387
paleo,"Paleo Pepperoni Pizza with Veggies {GF, DF}",italian,39.65,112.8,58.12,10/16/2022,17:22:58,0.352,1.941
paleo,Chicken Shawarma on Pita recipes,middle eastern,237.66,213.88,158.28,10/16/2022,17:23:05,1.111,1.351
paleo,Almond Crusted Tilapia,mediterranean,135.57,96.94,107.04,10/16/2022,17:23:05,1.398,0.906
paleo,Paleo Creole Meatballs recipes,american,134.58,57.97,177.14,10/16/2022,17:23:05,2.322,0.327
paleo,"Mini Zucchini Avocado Burgers Recipe [Paleo, Keto, AIP]",american,44.44,15.24,93.04,10/16/2022,17:23:05,2.916,0.164
paleo,Paleo Thai Chicken Pizza recipes,south east asian,69.42,349.98,61.24,10/16/2022,17:23:05,0.198,5.715
paleo,"The BEST Strawberry Banana Bread {Paleo, Vegan, Gluten Free}",american,52.44,304.22,97.85,10/16/2022,17:23:05,0.172,3.109
paleo,Paleo Albino Mole Cake – Maulwurftorte with a Twist,italian,56.57,247.41,327.06,10/16/2022,17:23:05,0.229,0.756
paleo,"Salted Caramel Paleo Bark (GF, dairy-free) recipes",american,29.64,509.13,144.51,10/16/2022,17:23:05,0.058,3.523
paleo,Lemony Brussels Sprouts Salad {vegan+glutenfree+paleo},american,41.86,80.89,59.56,10/16/2022,17:23:05,0.517,1.358
paleo,Paleo Clam Chowder with Cauliflower recipes,american,189.77,141.35,74.16,10/16/2022,17:23:05,1.343,1.906
paleo,Paleo Asian Cauliflower Fried ‘Rice’ recipes,chinese,39.84,54.08,71.55,10/16/2022,17:23:05,0.737,0.756
paleo,"Easy Apricot-Mustard Chicken Bake (paleo, GF) recipes",french,113.18,183.36,125.59,10/16/2022,17:23:05,0.617,1.46
paleo,Paleo Mississippi Roast with Lotus Root recipes,british,163.04,58.41,164.26,10/16/2022,17:23:05,2.791,0.356
paleo,New England Paleo Clam Chowder,american,334.83,207.38,333.75,10/16/2022,17:23:05,1.615,0.621
paleo,Paleo Chicken Cauliflower Fried Rice,chinese,116.43,52.09,87.92,10/16/2022,17:23:12,2.235,0.592
paleo,"My signature dish – Mediterranean Chicken, Paleo-ized",mediterranean,121.64,74.55,135.13,10/16/2022,17:23:12,1.632,0.552
paleo,Red Robin Recreation – Perfectly Crispy Paleo French Fries recipes,french,18.84,183.47,311.62,10/16/2022,17:23:12,0.103,0.589
paleo,Chorizo Breakfast Tacos recipes,mexican,68.47,66.7,85.65,10/16/2022,17:23:12,1.027,0.779
paleo,Paleo Cashew Chocolate Chip Blondies recipes,american,63.76,267.66,229.85,10/16/2022,17:23:12,0.238,1.164
paleo,Chocolate Chip Cookie Ice Cream Sandwiches ~ The Paleo Mom,american,23.05,281.18,165.66,10/16/2022,17:23:12,0.082,1.697
paleo,Paleo Shepards Pie recipes,american,114.59,106.71,89.4,10/16/2022,17:23:12,1.074,1.194
paleo,"Angel Food Cake (Grain-Free, Paleo) recipes",american,58.83,330.85,126.65,10/16/2022,17:23:12,0.178,2.612
paleo,Paleo Chicken and Dumplings,italian,377.65,125.61,194.55,10/16/2022,17:23:12,3.007,0.646
paleo,Grain Free Ice Cream Sandwiches (Paleo and Low Carb) recipes,american,58.81,194.28,185.23,10/16/2022,17:23:12,0.303,1.049
paleo,"Chocolate Berry Tart (Grain-Free, Paleo)",french,97.49,280.14,228.11,10/16/2022,17:23:12,0.348,1.228
paleo,Paleo Chocolate Chunk Strawberry Banana Bread,american,38.2,228.92,94.83,10/16/2022,17:23:12,0.167,2.414
paleo,Instant Pot Purple Paleo Potato Salad Recipe,mediterranean,49.16,188.97,182.14,10/16/2022,17:23:19,0.26,1.037
paleo,Primal Guacamole Burger Recipe,mexican,99.33,50.03,102.87,10/16/2022,17:23:19,1.985,0.486
paleo,"Paleo Kimchi Beef Stir-Fry (Whole30, Keto)",american,66.68,45.64,31.42,10/16/2022,17:23:19,1.461,1.453
paleo,Baked FrenchFries with Chipotle Ranch Dip {Paleo & Whole30} recipes,mexican,17.83,143.96,192.82,10/16/2022,17:23:19,0.124,0.747
paleo,"Vegan Paleo Blueberry Muffins {Grain Free, Gluten Free}",american,24.39,145.01,97.33,10/16/2022,17:23:19,0.168,1.49
paleo,Guinness Stew recipes,french,173.53,188.85,75.26,10/16/2022,17:23:19,0.919,2.509
paleo,"4 Ingredient Chocolate Peanut Butter Homemade Frosty Recipe (Vegan, Dairy-Free, Gluten-Free, Refined Sugar-Free)",american,25.63,137.31,38.5,10/16/2022,17:23:19,0.187,3.566
paleo,Asian Healthy Broccoli Salad,chinese,61.72,116.82,136.47,10/16/2022,17:23:19,0.528,0.856
paleo,Cilantro Base recipes,american,3.5,19.57,13.98,10/16/2022,17:23:19,0.179,1.4
paleo,Paleo Slow Cooker Honey Garlic Chicken and Vegetables recipes,mediterranean,501.65,312.39,58.06,10/16/2022,17:23:19,1.606,5.38
paleo,Paleo Italian Meatballs & Spaghetti Squash recipes,italian,148.98,115.06,187.38,10/16/2022,17:23:19,1.295,0.614
paleo,"30 Minute Beef Stroganoff Recipe (Paleo, Gluten Free, Dairy Free) recipes",eastern europe,110.57,36.4,308.95,10/16/2022,17:23:19,3.038,0.118
paleo,"Squash Au Gratin (Paleo, GF) recipes",french,25.32,148.79,102.31,10/16/2022,17:23:19,0.17,1.454
paleo,"Cream ""Cheesy"" Italian Stuffed Mushrooms {Paleo, Dairy Free, Whole 30}",italian,175.1,129.3,475.09,10/16/2022,17:23:19,1.354,0.272
paleo,Nightshade-free Pizza (from Make It Paleo 2) recipes,italian,164.08,310.6,220.29,10/16/2022,17:23:26,0.528,1.41
paleo,Paleo Turkey or Beef Meatloaf recipes,american,396.66,91.97,209.04,10/16/2022,17:23:26,4.313,0.44
paleo,Slow Cooker Paleo Sweet Potato Casserole recipes,italian,46.14,368.64,187.19,10/16/2022,17:23:26,0.125,1.969
paleo,"French Swiss Chard Tart (Gluten-Free, Grain-Free, Vegetarian, Paleo Option) recipes",french,96.67,110.45,253.55,10/16/2022,17:23:26,0.875,0.436
paleo,Paleo Brussels Sprout and Bacon Coleslaw recipes,central europe,44.13,80.3,340.69,10/16/2022,17:23:26,0.55,0.236
paleo,Ranch Roasted Cashews recipes,american,51.65,88.86,137.28,10/16/2022,17:23:26,0.581,0.647
paleo,Simple Egg Drop Soup recipes,chinese,88.59,102.88,60.78,10/16/2022,17:23:26,0.861,1.693
paleo,Paleo Thanksgiving Stuffing with Pumpkin Bread recipes,american,33.75,350.04,119.19,10/16/2022,17:23:26,0.096,2.937
paleo,Garlic Parmesan Zucchini Bread,italian,47.68,72.73,92.86,10/16/2022,17:23:26,0.656,0.783
paleo,Crock Pot Korean Gochujang Pork,french,409.4,101.9,415.15,10/16/2022,17:23:26,4.018,0.245
paleo,"20 Minute Cashew Chicken Recipe {Paleo, Gluten-Free, Clean Eating, Dairy-Free} recipes",italian,165.49,354.68,259.89,10/16/2022,17:23:26,0.467,1.365
paleo,Paleo Kale Orange Beef Stir Fry with Spiralized Sweet Potato Noodles,asian,53.5,90.16,45.21,10/16/2022,17:23:26,0.593,1.994
paleo,"Bang Bang Shrimp (Paleo, Whole30, AIP)",japanese,94.91,24.03,95.1,10/16/2022,17:23:26,3.95,0.253
paleo,"French Tomato, Tuna, & Mustard Quiche (paleo, GF) recipes",french,63.83,61.93,58.2,10/16/2022,17:23:26,1.031,1.064
paleo,Bacon Wrapped Chili Dogs,american,73.79,27.35,199.7,10/16/2022,17:23:33,2.698,0.137
paleo,"Coconut Custard Pie {Paleo, Dairy Free} recipes",american,80.9,762.78,525.09,10/16/2022,17:23:33,0.106,1.453
paleo,"Lemony Spring Cobb Salad (paleo, GF) recipes",american,123.97,173.48,208.48,10/16/2022,17:23:33,0.715,0.832
paleo,Mango Turkey Sloppy Joe Salad Bowls {Paleo} recipes,american,106.07,148.46,94.71,10/16/2022,17:23:33,0.714,1.568
paleo,Zucchini-Bacon Egg Muffins (Gluten-Free),british,91.77,24.63,144.03,10/16/2022,17:23:33,3.726,0.171
paleo,Easy Keto Low Carb Taco Soup Recipe,mexican,88.18,55.1,173.29,10/16/2022,17:23:33,1.6,0.318
paleo,"Coffee Cake (Grain Free, Gaps, Paleo, Primal) recipes",american,109.97,342.18,267.62,10/16/2022,17:23:33,0.321,1.279
paleo,Paleo Shrimp Cakes with Tangy Lemon Aioli recipes,mediterranean,76.25,59.59,119.56,10/16/2022,17:23:33,1.28,0.498
paleo,Coronation Chicken Salad,american,106.52,38.99,136.13,10/16/2022,17:23:33,2.732,0.286
paleo,Healthy Chocolate Potato Whiskey Cake with Chocolate Whiskey Ganache recipes,french,39.51,390.78,125.83,10/16/2022,17:23:33,0.101,3.106
paleo,Seafood Pumpkin Spaghetti Squash Pasta {Paleo} recipes,italian,37.87,78.72,76.18,10/16/2022,17:23:33,0.481,1.033
paleo,"Sweet Potato Salad Niçoise (paleo, GF) recipes",french,119.06,196.4,78.45,10/16/2022,17:23:33,0.606,2.504
paleo,"Sausage Tomato Basil Paleo Pizza {GF, DF} recipes",italian,76.95,440.95,38.48,10/16/2022,17:23:33,0.175,11.459
paleo,Crock Pot Barbecue Turkey Thighs recipes,american,401.69,121.06,139.12,10/16/2022,17:23:33,3.318,0.87
paleo,"Red Coconut Curry Pulled Chicken (Paleo, GF) recipes",south east asian,269.34,125.64,294.69,10/16/2022,17:23:33,2.144,0.426
paleo,"Mixed Baby Greens with Strawberries, Gorgonzola and Poppy Seed Dressing recipes",mediterranean,18.06,64.11,53.22,10/16/2022,17:23:39,0.282,1.205
paleo,Chocolate Dipped Chocolate Meringue Cookies recipes,french,21.57,53.33,61.7,10/16/2022,17:23:39,0.404,0.864
paleo,Paleo German Chocolate Cake recipes,central europe,69.49,539.28,261.39,10/16/2022,17:23:39,0.129,2.063
paleo,Paleo Pumpkin Chili {Nightshade-Free} recipes,american,160.42,229.01,71.05,10/16/2022,17:23:39,0.7,3.223
paleo,Paleo Fajita Salad with Chicken Taco Meatballs (GF) recipes,mexican,96.02,119.74,160.31,10/16/2022,17:23:39,0.802,0.747
paleo,"Kung Pao Cauliflower Chicken - Low Carb, Keto, Paleo and Gluten-Free! recipes",eastern europe,264.42,103.62,53.3,10/16/2022,17:23:39,2.552,1.944
paleo,Paleo Orange Chicken with Cauliflower Rice recipes,mediterranean,213.27,102.46,223.15,10/16/2022,17:23:39,2.081,0.459
paleo,Perfect Peanut Butter Blossoms recipes,american,68.1,167.94,194.8,10/16/2022,17:23:39,0.406,0.862
paleo,Paleo Buffalo Chicken Nuggets recipes,american,138.21,63.62,412.64,10/16/2022,17:23:39,2.172,0.154
paleo,GO-LO Sugar Free Hazelnut Spread Review,american,14.52,183.36,14.79,10/16/2022,17:23:39,0.079,12.398
paleo,Carrot Spice Cake Ice Cream,american,7.28,129.89,17.14,10/16/2022,17:23:39,0.056,7.578
paleo,Moroccan Saffron Chicken recipes,middle eastern,228.34,43.52,254.6,10/16/2022,17:23:39,5.247,0.171
paleo,Lemongrass Vietnamese Meatballs recipes,south east asian,83.95,55.81,106.65,10/16/2022,17:23:39,1.504,0.523
paleo,Fudgy Flourless Brownies recipes,french,62.8,401.12,322.08,10/16/2022,17:23:39,0.157,1.245
paleo,Paleo Chicken Fingers and Garlic Honey Dijon Dipping Sauce,french,134.16,102.85,229.66,10/16/2022,17:23:39,1.304,0.448
paleo,Chocolate Almond Butter Cups,american,43.68,202.08,326.55,10/16/2022,17:23:39,0.216,0.619
paleo,"Paleo & Vegan Peach Cobbler {Gluten-free, Dairy-free} recipes",american,27.51,196.21,99.15,10/16/2022,17:23:39,0.14,1.979
paleo,Paleo Chicken Pot Pie Casserole recipes,italian,170.51,373.02,129.07,10/16/2022,17:23:39,0.457,2.89
paleo,Gai Satay (Chicken Satay with Peanut Sauce and Cucumber Salad),south east asian,99.35,18.37,59.84,10/16/2022,17:23:46,5.408,0.307
paleo,"Bacon, Caramelized Onion, and Veggie Quiche {Paleo, GF, DF}",french,93.25,154.98,219.75,10/16/2022,17:23:46,0.602,0.705
paleo,Slow Cooker Paleo Pot Roast with Mashed Sweet Potatoes recipes,american,331.51,114.76,148.97,10/16/2022,17:23:46,2.889,0.77
paleo,"Cauliflower and Bacon Au Gratin (paleo, GF, dairy-free) recipes",french,60.6,81.73,167.05,10/16/2022,17:23:46,0.741,0.489
paleo,Cinnamon and Honey Roasted Walnuts recipes,american,0.9,54.56,2.64,10/16/2022,17:23:46,0.016,20.667
paleo,Best Easy Salsa Chicken Recipe to Prepare Ahead of Time recipes,mexican,169.37,36.63,87.69,10/16/2022,17:23:46,4.624,0.418
paleo,Paleo Honey Orange Beef Stir Fry with Sweet Potato Noodles and Kale recipes,asian,55.86,114.48,45.35,10/16/2022,17:23:46,0.488,2.524
paleo,Chipotle Ranch Chicken Burgers {Paleo & Whole30} recipes,american,85.89,119.62,200.22,10/16/2022,17:23:46,0.718,0.597
paleo,Coconut Mocha Loco Coffee Cake,american,6.57,43.3,50.35,10/16/2022,17:23:46,0.152,0.86
paleo,Keto Taco Stuffed Mini Peppers,american,64.53,66.96,87.66,10/16/2022,17:23:46,0.964,0.764
paleo,Cauliflower Sweet Potato Burgers with Avocado and Sriracha Aioli (Vegetarian Paleo) recipes,american,45.65,218.51,201.1,10/16/2022,17:23:46,0.209,1.087
paleo,Kofta Kari recipes,indian,145.17,73.29,215.96,10/16/2022,17:23:46,1.981,0.339
paleo,5 Minute Grape Sorbet recipes,mediterranean,3.28,107.24,0.73,10/16/2022,17:23:46,0.031,146.904
paleo,"Baked Low Carb Zucchini Fries (Paleo, AIP, Keto, Dairy Free)",french,25.33,57.48,97.11,10/16/2022,17:23:46,0.441,0.592
paleo,"Chicken Alfredo Bake Recipe {Paleo, Clean Eating, Gluten-Free, Dairy-Free, Whole30} recipes",italian,134.66,68.36,106.66,10/16/2022,17:23:53,1.97,0.641
paleo,Sweet and Spicy Sriracha Paleo Meatballs {easy} recipes,american,91.33,107.34,96.42,10/16/2022,17:23:53,0.851,1.113
paleo,Sweet Potato Nachos,mexican,81.13,112.58,113.68,10/16/2022,17:23:53,0.721,0.99
paleo,Sausage Broccoli Egg Muffins,british,94.02,11.86,99.36,10/16/2022,17:23:53,7.927,0.119
paleo,Whole30 Crispy Coconut Chicken Nuggets,american,109.75,71.12,269.2,10/16/2022,17:23:53,1.543,0.264
paleo,Two-Ingredient Chocolate Banana Ice Cream {Vegan} recipes,american,7.84,117.07,3.42,10/16/2022,17:23:53,0.067,34.231
paleo,Classic Deviled Eggs,french,76.19,8.31,153.07,10/16/2022,17:23:53,9.168,0.054
paleo,"4 Creative, Crustless Pizza Recipes recipes",italian,188.18,157.29,267.62,10/16/2022,17:23:53,1.196,0.588
paleo,Five Ingredient Friday: Chocolate and Toasted Coconut Butter Swirl Cups,american,43.32,176.95,400.96,10/16/2022,17:23:53,0.245,0.441
paleo,Lemon Creme Cups,french,8.34,67.08,85.75,10/16/2022,17:23:53,0.124,0.782
paleo,"Fresh Garden Egg Salad with Turmeric Dijon Dressing {Paleo, Whole30} recipes",american,35.46,39.47,97.69,10/16/2022,17:23:53,0.898,0.404
paleo,Paleo Buffalo Chicken Strips with Goat Cheese Dipping Sauce recipes,american,153.16,142.11,192.3,10/16/2022,17:23:53,1.078,0.739
paleo,Chicken and “Rice” Casserole (Grain-Free) recipes,south american,248.4,78.44,162.33,10/16/2022,17:23:53,3.167,0.483
paleo,Ranch Roasted Cashews,american,51.65,88.86,137.28,10/16/2022,17:23:53,0.581,0.647
paleo,Sausage Stuffed Sweet Potatoes,american,11.33,29.24,15.9,10/16/2022,17:23:53,0.387,1.839
paleo,Baked Spicy BBQ Adobo Chicken Wings recipes,american,322.74,131.92,284.0,10/16/2022,17:23:53,2.446,0.465
paleo,Smoked Salmon Salad Cake recipes,nordic,79.44,94.82,134.03,10/16/2022,17:23:53,0.838,0.707
paleo,BBQ Loaded Sweet Potatoes - in the crockpot,american,189.59,221.23,116.19,10/16/2022,17:24:00,0.857,1.904
paleo,"Chicken Parmesan With Zucchini Noodles (Grain Free, Paleo, Primal, Gaps, Gluten Free)",asian,326.04,104.56,155.59,10/16/2022,17:24:00,3.118,0.672
paleo,Paleo Ground Lamb Shepherd's Pie recipes,american,129.5,391.87,152.99,10/16/2022,17:24:00,0.33,2.561
paleo,Carb Free Cloud Bread,american,23.34,4.53,17.99,10/16/2022,17:24:00,5.152,0.252
paleo,"Creamy Buffalo Chicken Spaghetti Squash Casserole (paleo, GF) recipes",italian,215.7,128.63,216.47,10/16/2022,17:24:00,1.677,0.594
paleo,"Pad Thai Recipe (Grain-Free, Paleo, Gluten Free)",south east asian,496.2,2023.05,211.1,10/16/2022,17:24:00,0.245,9.583
paleo,Sausage Stuffed Sweet Potatoes,central europe,11.33,29.24,15.9,10/16/2022,17:24:00,0.387,1.839
paleo,"Mini Applesauce Carrot Cake Muffins (Gluten-Free, Paleo) recipes",british,37.99,118.13,102.82,10/16/2022,17:24:00,0.322,1.149
paleo,Grilled Gochujang Pork Chops with Watermelon Mint Salad recipes,american,171.73,52.28,107.51,10/16/2022,17:24:00,3.285,0.486
paleo,"Asian Southwest Fusion EASY Kimchi Recipe (Paleo, Vegan Friendly) recipes",american,18.18,90.26,1.62,10/16/2022,17:24:00,0.201,55.716
paleo,Blueberry French Toast Casserole,french,74.19,289.85,81.62,10/16/2022,17:24:00,0.256,3.551
paleo,Tortilla Soup Recipe,mexican,274.38,240.62,219.7,10/16/2022,17:24:00,1.14,1.095
paleo,Basil and Sun-Dried Tomato Compound Butter,american,2.41,5.63,92.42,10/16/2022,17:24:00,0.428,0.061
paleo,Green Beans with Scrambled Eggs and Sausages recipes,american,46.37,12.17,56.94,10/16/2022,17:24:00,3.81,0.214
paleo,Balsamic mustard salad dressing,american,1.67,38.66,82.05,10/16/2022,17:24:00,0.043,0.471
paleo,Curry-Infused Deviled Duck Eggs,mexican,161.98,20.54,307.48,10/16/2022,17:24:00,7.886,0.067
paleo,Air Fryer Recipes (131 Style),italian,6.02,19.0,18.58,10/16/2022,17:24:06,0.317,1.023
paleo,"Whole30 Shepherd's Pie (Paleo, GF) recipes",american,123.49,333.49,133.61,10/16/2022,17:24:06,0.37,2.496
paleo,Prosciutto Wrapped Pork Tenderloin,american,189.23,75.63,35.1,10/16/2022,17:24:06,2.502,2.155
paleo,Tuna Salad recipes,american,56.28,5.32,47.74,10/16/2022,17:24:06,10.579,0.111
paleo,Paleo Chicken Bacon Strawberry Salad with Orange Balsamic recipes,british,140.43,80.35,297.8,10/16/2022,17:24:06,1.748,0.27
paleo,Easy 3-Ingredient Homemade Chocolate Peanut Butter Cups recipes,italian,52.06,181.35,205.06,10/16/2022,17:24:06,0.287,0.884
paleo,Chicken Pesto Discs recipes,italian,89.94,54.81,119.82,10/16/2022,17:24:06,1.641,0.457
paleo,Egg Roll Bowls,italian,109.12,94.35,95.42,10/16/2022,17:24:06,1.157,0.989
paleo,"Broccoli, Feta, and Sausage Frittata",mediterranean,133.75,39.86,157.09,10/16/2022,17:24:06,3.355,0.254
paleo,Kiwi Apple Cider,american,8.53,210.51,9.79,10/16/2022,17:24:06,0.041,21.503
paleo,Marla Sarris recipes,italian,97.03,203.4,62.14,10/16/2022,17:24:06,0.477,3.273
paleo,Elvis Style Loaded Sweet Potato,south american,12.26,45.88,30.15,10/16/2022,17:24:06,0.267,1.522
paleo,Cranberry Coconut Macaroons,american,21.11,155.62,225.04,10/16/2022,17:24:06,0.136,0.692
paleo,No-Bake Energy Bars with Chocolate and Turmeric,american,33.66,81.57,148.1,10/16/2022,17:24:06,0.413,0.551
paleo,Butternut Squash Instant Pot Chili,american,13.0,107.78,15.66,10/16/2022,17:24:06,0.121,6.883
paleo,Turkey Taco Balls,american,83.4,29.79,24.43,10/16/2022,17:24:06,2.8,1.219
paleo,3-Ingredient Crunchy Strawberry Ice-Cream recipes,american,17.65,293.51,94.4,10/16/2022,17:24:13,0.06,3.109
paleo,No-Bake Vegan Key-Lime Mini Cheesecakes,american,83.81,336.47,357.93,10/16/2022,17:24:13,0.249,0.94
paleo,Turkey Soup,american,1142.58,693.64,287.86,10/16/2022,17:24:13,1.647,2.41
paleo,Low Carb Fried Ice Cream,italian,22.62,127.17,104.56,10/16/2022,17:24:13,0.178,1.216
paleo,Smoked Beef Brisket recipes,south american,245.48,17.89,340.43,10/16/2022,17:24:13,13.722,0.053
paleo,Cauliflower Hash Browns Who Knew?,french,24.46,27.76,27.96,10/16/2022,17:24:13,0.881,0.993
paleo,"Balsamic Apple Walnut Salad {GF, Low Cal} recipes",american,7.26,35.93,11.89,10/16/2022,17:24:13,0.202,3.022
paleo,Cauliflower Bread,british,75.17,48.1,183.37,10/16/2022,17:24:13,1.563,0.262
paleo,"Grilled Chicken Pesto Pizza (grain-free, egg-free, nightshade-free) recipes",italian,88.13,161.76,115.41,10/16/2022,17:24:13,0.545,1.402
paleo,Spiralized Cucumber Salad Recipe with Chia Seed Strawberry Vinaigrette {Vegan + Paleo} recipes,american,12.17,97.45,76.12,10/16/2022,17:24:13,0.125,1.28
paleo,"Easy Vegan White Cake with Chocolate Coconut Frosting {Gluten Free, Paleo Friendly} recipes",american,75.26,371.75,313.13,10/16/2022,17:24:13,0.202,1.187
paleo,BBQ Chicken Sweet Potato Pizza,italian,112.99,285.71,98.15,10/16/2022,17:24:13,0.395,2.911
paleo,Creamy Bacon Beet Salad recipes,american,13.37,37.94,68.16,10/16/2022,17:24:13,0.352,0.557
paleo,Walnut Pesto recipes,italian,31.36,15.7,39.44,10/16/2022,17:24:13,1.997,0.398
paleo,Baked Ranch Chicken Tenders recipes,american,105.57,129.65,146.59,10/16/2022,17:24:13,0.814,0.884
paleo,Blueberry French Toast Casserole recipes,french,72.14,306.66,36.59,10/16/2022,17:24:20,0.235,8.381
paleo,Low Carb Bulgogi Ground Beef Bowl recipes,british,146.61,79.92,50.85,10/16/2022,17:24:20,1.834,1.572
paleo,Kale Pesto recipes,italian,69.78,25.2,204.3,10/16/2022,17:24:20,2.769,0.123
paleo,Chicken Avocado Burgers,nordic,97.13,35.1,101.67,10/16/2022,17:24:20,2.767,0.345
paleo,"Green Chile Turkey Taco Salad with Peppers and Avocado (Paleo, Low-Carb, Gluten Free) recipes",american,170.68,144.12,180.71,10/16/2022,17:24:20,1.184,0.798
paleo,INSTANT POT CHICKEN MARINARA,italian,194.67,26.26,91.92,10/16/2022,17:24:20,7.413,0.286
paleo,Blueberries and Cream Truffles recipes,american,22.64,205.97,170.65,10/16/2022,17:24:20,0.11,1.207
paleo,Classic Egg Salad,american,34.18,10.4,69.54,10/16/2022,17:24:20,3.287,0.15
paleo,Cucumber Tuna Cups,mediterranean,25.78,17.19,40.92,10/16/2022,17:24:20,1.5,0.42
paleo,Cauliflower Fried Rice recipes,chinese,150.64,79.08,369.91,10/16/2022,17:24:20,1.905,0.214
paleo,Sauteed Leek with Bacon recipes,french,11.61,39.2,41.13,10/16/2022,17:24:20,0.296,0.953
paleo,Roast a Whole Cauliflower recipes,american,12.34,39.51,16.73,10/16/2022,17:24:20,0.312,2.362
paleo,Dark Chocolate Cashew Butter Candy,french,42.76,169.71,181.61,10/16/2022,17:24:20,0.252,0.934
paleo,Maple Frosted Almond Butter Blondies recipes,american,70.14,355.31,243.28,10/16/2022,17:24:20,0.197,1.46
paleo,Honey Lime Shrimp recipes,american,92.31,26.34,2.46,10/16/2022,17:24:20,3.505,10.707
paleo,Grilled Salmon Cobb Salad {Whole 30} recipes,nordic,60.01,22.5,112.86,10/16/2022,17:24:20,2.667,0.199
paleo,Tuna-Stuffed Eggs recipes,italian,52.87,4.1,29.95,10/16/2022,17:24:26,12.895,0.137
paleo,Chocolate Caramel Chia Pudding,british,145.04,1545.27,177.4,10/16/2022,17:24:26,0.094,8.711
paleo,Old Fashioned Deviled Eggs,american,60.92,6.01,118.36,10/16/2022,17:24:26,10.136,0.051
paleo,INSTANT POT CHICKEN CACCIATORE,italian,242.04,87.12,190.75,10/16/2022,17:24:26,2.778,0.457
paleo,Paleo Tortillas,french,39.65,23.86,56.1,10/16/2022,17:24:26,1.662,0.425
paleo,Marla Sarris recipes,american,250.91,134.81,185.31,10/16/2022,17:24:26,1.861,0.727
paleo,One Pot Bacon Braised Lamb Stew {Grain Fre,french,147.55,133.02,214.67,10/16/2022,17:24:26,1.109,0.62
paleo,Strawberry Lime Granita,italian,4.45,56.47,1.76,10/16/2022,17:24:26,0.079,32.085
paleo,Oven Poached Salmon with Cherry Tomatoes a,nordic,103.94,25.78,75.84,10/16/2022,17:24:26,4.032,0.34
paleo,Barbecue Chicken Pizza recipes,italian,91.36,208.4,50.82,10/16/2022,17:24:26,0.438,4.101
paleo,Hamburger Steaks With Stroganoff Gravy,eastern europe,104.61,60.01,231.37,10/16/2022,17:24:26,1.743,0.259
paleo,Traditional German Rotkohl (Sweet/Sour Red Cabbage) recipes,central europe,13.91,131.15,48.71,10/16/2022,17:24:26,0.106,2.692
paleo,Chocolate and Toasted Coconut Butter Pudding recipes,british,15.67,41.91,94.91,10/16/2022,17:24:33,0.374,0.442
paleo,Taco Stuffed Avocado Cups,mexican,103.22,54.18,123.51,10/16/2022,17:24:33,1.905,0.439
paleo,Crab Stuffed Shrimp Recipe,mediterranean,122.29,4.81,31.9,10/16/2022,17:24:33,25.424,0.151
paleo,Basic Balsamic Steak Marinade recipes,american,97.52,21.4,145.98,10/16/2022,17:24:33,4.557,0.147
paleo,Slow Cooker Red-Cooked Chicken,chinese,257.78,119.4,274.45,10/16/2022,17:24:33,2.159,0.435
paleo,Easy Garlic and Rosemary Roast Beef recipes,mediterranean,316.98,3.68,246.05,10/16/2022,17:24:33,86.136,0.015
paleo,Paleo chocolate,american,8.66,77.46,114.72,10/16/2022,17:24:33,0.112,0.675
paleo,Honey Garlic Ribs,american,410.45,209.84,349.93,10/16/2022,17:24:33,1.956,0.6
paleo,Paleo and Vegan Pumpkin and Fig Bread Pudding. Plus Why We Might Need Carbs During Fall Season recipes,british,15.17,104.57,12.73,10/16/2022,17:24:33,0.145,8.214
paleo,Cauliflower Potato Salad,american,39.1,51.14,65.66,10/16/2022,17:24:33,0.765,0.779
paleo,SPIRALIZED SWEET POTATO FRIES recipes,south american,3.35,37.48,131.84,10/16/2022,17:24:33,0.089,0.284
paleo,Healthy Chocolate Truffles recipes,french,19.39,113.88,103.46,10/16/2022,17:24:33,0.17,1.101
paleo,Paleo Crepes,french,29.26,9.68,63.3,10/16/2022,17:24:40,3.023,0.153
paleo,Chocolate-Nut Fudge recipes,american,42.37,280.53,224.06,10/16/2022,17:24:40,0.151,1.252
paleo,Healthy Vegan Green Bean Casserole recipes,american,20.36,104.02,17.13,10/16/2022,17:24:40,0.196,6.072
paleo,Vegan Ranch Dressing,american,17.1,26.49,77.37,10/16/2022,17:24:40,0.646,0.342
paleo,"Chicken Sausage, Mashed Potatoes, and Baby Broccoli recipes",american,63.18,146.69,32.84,10/16/2022,17:24:40,0.431,4.467
paleo,Oven-Baked Sloppy Joes,american,405.14,202.29,455.75,10/16/2022,17:24:40,2.003,0.444
paleo,Oven-Baked Parmesan Green Bean Fries,italian,67.07,37.59,43.58,10/16/2022,17:24:40,1.784,0.863
paleo,Paleo Spaghetti,italian,113.5,84.51,32.34,10/16/2022,17:24:40,1.343,2.613
paleo,Chocolate Drizzled Pumpkin Donuts,american,22.76,128.52,30.38,10/16/2022,17:24:40,0.177,4.23
paleo,Chinese Beef and Broccoli recipes,chinese,120.87,99.95,62.06,10/16/2022,17:24:40,1.209,1.611
paleo,Pumpkin Pie Chia Seed Pudding recipes,british,5.44,33.63,7.98,10/16/2022,17:24:40,0.162,4.214
paleo,Paleo Spaghetti,italian,91.7,90.28,103.95,10/16/2022,17:24:46,1.016,0.868
paleo,Easy Primal Mini Tortilla Pizzas recipes,italian,56.6,119.61,63.87,10/16/2022,17:24:46,0.473,1.873
paleo,Easy Chicken Salad recipes,american,238.58,46.12,164.79,10/16/2022,17:24:46,5.173,0.28
paleo,Cottage Pie,american,231.51,92.06,376.33,10/16/2022,17:24:46,2.515,0.245
paleo,Sweet Potato Salad,south american,11.35,83.85,73.27,10/16/2022,17:24:46,0.135,1.144
paleo,Paleo Potatoes,italian,9.41,66.8,1.0,10/16/2022,17:24:46,0.141,66.8
paleo,No-Bake Chocolate Almond Butter Truffles,american,50.47,168.54,206.65,10/16/2022,17:24:46,0.299,0.816
paleo,Paleo Coleslaw,mediterranean,1.67,7.27,13.2,10/16/2022,17:24:46,0.23,0.551
paleo,Paleo Grits,american,51.81,70.43,65.92,10/16/2022,17:24:53,0.736,1.068
paleo,Grilled Vegetables with Lemon Thyme Butter recipes,american,4.51,15.99,147.84,10/16/2022,17:24:53,0.282,0.108
paleo,Paleo Hummus,mediterranean,12.42,150.94,168.87,10/16/2022,17:24:53,0.082,0.894
paleo,Paleo Spaghetti,italian,101.28,128.97,96.98,10/16/2022,17:24:53,0.785,1.33
paleo,Garlic Butter Rainbow Trout in Foil,american,91.25,3.47,53.62,10/16/2022,17:24:53,26.297,0.065
paleo,Paleo Jello,mediterranean,13.93,33.12,0.96,10/16/2022,17:24:53,0.421,34.5
paleo,Chocolate Covered Stuffed Dates recipes,american,32.88,429.73,154.5,10/16/2022,17:24:53,0.077,2.781
paleo,Paleo Fruitcake,american,82.45,271.48,204.91,10/16/2022,17:24:53,0.304,1.325
paleo,Paleo Pest,french,2.88,5.79,218.98,10/16/2022,17:24:53,0.497,0.026
paleo,I Can't Believe It's Not Processed! Caramel Fondant recipes,mediterranean,36.25,169.58,127.08,10/16/2022,17:25:00,0.214,1.334
paleo,Sweet and Spicy Asian-Style Eggplant recipes,south east asian,28.05,135.94,33.77,10/16/2022,17:25:00,0.206,4.025
paleo,"Aunt Rocky’s Onion Pie in Biscuit Crust (Low Carb, Gluten Free)",american,72.94,95.74,162.6,10/16/2022,17:25:00,0.762,0.589
paleo,What Mom Never Told You About Ambrosia Salad recipes,american,21.27,131.23,47.57,10/16/2022,17:25:00,0.162,2.759
paleo,"Bacon, Grape and Broccoli Salad",american,97.12,171.09,379.33,10/16/2022,17:25:00,0.568,0.451
paleo,Tropical Chicken Burger,american,130.68,53.89,75.11,10/16/2022,17:25:00,2.425,0.717
paleo,Paleo Tzatziki,mediterranean,2.82,17.07,0.57,10/16/2022,17:25:00,0.165,29.947
paleo,Paleo Wraps,american,11.53,43.67,9.96,10/16/2022,17:25:00,0.264,4.385
paleo,Paleo Hash,french,113.32,65.91,136.92,10/16/2022,17:25:00,1.719,0.481
paleo,Carolina BBQ Meatballs (Low Carb & Glu,american,92.06,28.05,117.08,10/16/2022,17:25:00,3.282,0.24
paleo,Paleo Gingersnaps,british,58.26,120.44,143.2,10/16/2022,17:25:00,0.484,0.841
paleo,Paleo Hummus,mediterranean,21.58,35.21,66.94,10/16/2022,17:25:00,0.613,0.526
paleo,"Aunt Rocky’s Keto Hot Cocoa Mix (Sugar Free, Dairy Free, Low Carb)",american,37.91,165.84,34.48,10/16/2022,17:25:00,0.229,4.81
paleo,Paleo Chili,american,198.76,170.02,202.56,10/16/2022,17:25:07,1.169,0.839
paleo,Creamy Cauliflower and Ground Beef Skillet,british,123.76,54.27,293.3,10/16/2022,17:25:07,2.28,0.185
paleo,Flaky Sriracha Cod over Parsnip Carrot Mas,american,9.26,42.6,176.28,10/16/2022,17:25:07,0.217,0.242
paleo,"Addicting Paleo Cashew Hummus (Paleo, low",mediterranean,112.95,191.68,494.13,10/16/2022,17:25:07,0.589,0.388
paleo,One Pot Bacon Braised Lamb Stew {Grain Free} recipes,french,147.55,133.02,214.67,10/16/2022,17:25:07,1.109,0.62
paleo,paleo pastelon,italian,127.96,257.63,103.37,10/16/2022,17:25:07,0.497,2.492
paleo,Paleo Spaghetti,italian,113.5,84.51,32.34,10/16/2022,17:25:07,1.343,2.613
paleo,Paleo Crumble,eastern europe,42.08,149.03,122.62,10/16/2022,17:25:07,0.282,1.215
paleo,Delectable Spinach Zucchini Bites for an Easy Party Snack recipes,italian,38.14,65.53,18.64,10/16/2022,17:25:07,0.582,3.516
paleo,Paleo Chili,american,95.78,97.82,97.17,10/16/2022,17:25:07,0.979,1.007
paleo,Paleo Frittata,italian,173.78,134.07,268.58,10/16/2022,17:25:07,1.296,0.499
paleo,Paleo Pita,mediterranean,5.69,101.64,31.13,10/16/2022,17:25:13,0.056,3.265
paleo,Paleo Pesto,italian,17.38,19.31,139.44,10/16/2022,17:25:13,0.9,0.138
paleo,Paleo Stew,american,114.49,53.93,116.2,10/16/2022,17:25:13,2.123,0.464
paleo,Easy Oven Barbecue Chicken recipes,american,55.0,342.7,63.1,10/16/2022,17:25:13,0.16,5.431
paleo,paleo meatballs,american,85.79,12.51,115.51,10/16/2022,17:25:13,6.858,0.108
paleo,Dinner: Chicken Avocado Burgers,nordic,92.88,31.09,92.32,10/16/2022,17:25:13,2.987,0.337
paleo,Banana Cream Pie,american,23.83,210.58,308.61,10/16/2022,17:25:13,0.113,0.682
paleo,Paleo Shakshouka,american,63.65,201.73,36.63,10/16/2022,17:25:13,0.316,5.507
paleo,Pan-Roasted Cashew Broccoli recipes,british,35.44,69.35,30.46,10/16/2022,17:25:13,0.511,2.277
paleo,"5-Ingredient Roasted Tomato Soup (Low Carb, Gluten-free) recipes",eastern europe,7.68,30.35,36.87,10/16/2022,17:25:13,0.253,0.823
paleo,Mini Hasselback Potatoes with Roasted Garlic,american,47.23,272.38,38.35,10/16/2022,17:25:13,0.173,7.102
paleo,Spanish Salad Dressing,mediterranean,1.87,61.46,162.33,10/16/2022,17:25:20,0.03,0.379
paleo,Quick And Creamy Chicken Stew recipes,italian,263.77,112.8,309.92,10/16/2022,17:25:20,2.338,0.364
paleo,Roasted Cauliflower Chowder recipes,american,44.63,111.23,150.27,10/16/2022,17:25:20,0.401,0.74
paleo,Paleo Ketchup,italian,15.8,181.21,4.77,10/16/2022,17:25:20,0.087,37.99
paleo,Hearty Chicken Salad recipes,american,144.26,16.24,127.63,10/16/2022,17:25:20,8.883,0.127
paleo,Homemade Apple Cider,american,6.37,400.39,3.96,10/16/2022,17:25:20,0.016,101.109
paleo,Paleo Dressing,american,22.74,68.54,127.93,10/16/2022,17:25:20,0.332,0.536
paleo,Paleo Salsa,mexican,15.03,79.9,3.0,10/16/2022,17:25:20,0.188,26.633
paleo,Paleo Jerky,american,251.76,38.75,139.7,10/16/2022,17:25:20,6.497,0.277
paleo,Paleo Blondies,american,109.85,1343.97,1869.58,10/16/2022,17:25:20,0.082,0.719
paleo,Paleo Spaghetti,italian,98.63,65.37,65.28,10/16/2022,17:25:20,1.509,1.001
paleo,Buffalo Chicken Casserole,american,193.01,74.42,327.15,10/16/2022,17:25:20,2.594,0.227
paleo,Paleo Paella,mediterranean,228.68,66.4,163.41,10/16/2022,17:25:27,3.444,0.406
paleo,Citrus Basil Mojito Pops,caribbean,2.65,44.27,0.75,10/16/2022,17:25:27,0.06,59.027
paleo,Chili Lime Cream Grilled Chicken recipes,american,310.17,22.85,129.07,10/16/2022,17:25:27,13.574,0.177
paleo,Paleo Calamari,italian,37.6,30.65,877.4,10/16/2022,17:25:27,1.227,0.035
paleo,"Creamy Balsamic Salad Dressing - Easy, Creamy and Real recipes",mediterranean,0.1,2.12,44.59,10/16/2022,17:25:27,0.047,0.048
paleo,Waldorf Salad recipes,american,46.42,75.17,187.33,10/16/2022,17:25:27,0.618,0.401
paleo,Orange Chocolate Pudding,british,33.68,195.5,155.13,10/16/2022,17:25:27,0.172,1.26
paleo,Garlic Mashed Sweet Potatoes With Spinach recipes,american,25.05,200.19,30.7,10/16/2022,17:25:27,0.125,6.521
paleo,Fruit Salsa,mexican,7.67,124.25,2.88,10/16/2022,17:25:27,0.062,43.142
paleo,Thai Red Curry,south east asian,110.25,128.45,106.7,10/16/2022,17:25:27,0.858,1.204
paleo,Low Carb Cauliflower Potato Salad recipes,american,26.18,74.5,62.8,10/16/2022,17:25:27,0.351,1.186
paleo,Paleo Chili,american,305.91,139.01,356.15,10/16/2022,17:25:27,2.201,0.39
paleo,Golden Paleo Muffins – Gluten-Free/Paleo/Vegetarian,american,32.46,254.97,51.28,10/16/2022,17:25:27,0.127,4.972
paleo,Creamy Shaved Brussels Sprouts and Apple Salad recipes,italian,27.78,119.44,158.77,10/16/2022,17:25:33,0.233,0.752
paleo,Whole30 Tuna Salad,american,29.18,38.85,17.77,10/16/2022,17:25:33,0.751,2.186
paleo,Paleo Lasagna,italian,199.07,166.7,292.21,10/16/2022,17:25:33,1.194,0.57
paleo,Low Carb Cauliflower Potato Salad,american,34.18,36.49,119.11,10/16/2022,17:25:33,0.937,0.306
paleo,Creamy Balsamic Dressing Recipe,italian,2.05,14.4,130.22,10/16/2022,17:25:33,0.142,0.111
paleo,Beef Stir-fry with Snow Peas and Mushrooms recipes,chinese,117.89,113.86,57.65,10/16/2022,17:25:33,1.035,1.975
paleo,Baked Sesame Ginger Chicken recipes,chinese,356.6,31.62,198.75,10/16/2022,17:25:33,11.278,0.159
paleo,Genoise-Style Paleo Tiramisu ~ The Paleo Mom,italian,25.73,158.9,188.95,10/16/2022,17:25:33,0.162,0.841
paleo,Sweet Potato Tater Tots,american,16.02,205.34,117.83,10/16/2022,17:25:33,0.078,1.743
paleo,Paleo Middle Eastern Meatballs (Paleo Kibbeh) recipes,middle eastern,102.17,18.57,49.56,10/16/2022,17:25:33,5.502,0.375
paleo,Orange Dressing/Vinaigrette,mediterranean,8.69,163.48,574.6,10/16/2022,17:25:33,0.053,0.285
paleo,"Low Carb Nut Free English Muffins (Grain Free, Gluten Free)",british,33.89,22.3,121.33,10/16/2022,17:25:33,1.52,0.184
paleo,Beef Stir-fry with Snow Peas and Mushrooms,british,12.1,45.68,1.06,10/16/2022,17:25:33,0.265,43.094
paleo,Raw Vegan Collard Wraps,american,22.88,56.46,107.24,10/16/2022,17:25:40,0.405,0.526
paleo,Chicken Avocado Burgers recipes,nordic,93.27,33.54,92.44,10/16/2022,17:25:40,2.781,0.363
paleo,Creamy Whole30 Avocado Tuna Boats,mediterranean,41.82,57.75,94.29,10/16/2022,17:25:40,0.724,0.612
paleo,Sweet and Sticky Mango Chutney Chicken,indian,256.98,93.99,261.35,10/16/2022,17:25:40,2.734,0.36
paleo,Barbecue Chicken Pizza-ii,italian,91.36,208.4,50.82,10/16/2022,17:25:40,0.438,4.101
paleo,The Paleo Pasty,eastern europe,99.39,192.8,125.8,10/16/2022,17:25:40,0.516,1.533
paleo,Peanut Butter Chocolate Chunk Blondies recipes,american,68.82,231.05,229.81,10/16/2022,17:25:40,0.298,1.005
paleo,Green Goddess Turkey Burgers recipes,american,138.81,4.66,98.06,10/16/2022,17:25:40,29.788,0.048
paleo,Cassava Flour Chocolate Mayonnaise Cake,american,11.04,422.58,237.46,10/16/2022,17:25:40,0.026,1.78
paleo,Paleo Pizza with a Paleo Pizza Crust recipes,italian,105.31,114.29,180.78,10/16/2022,17:25:40,0.921,0.632
paleo,Shoyu Ahi Poke recipes,japanese,111.82,11.58,6.85,10/16/2022,17:25:40,9.656,1.691
paleo,Dairy-free Chunky Ice Cream,american,18.19,175.0,123.11,10/16/2022,17:25:40,0.104,1.421
paleo,Honey Mustard Salmon,nordic,27.68,63.22,418.12,10/16/2022,17:25:40,0.438,0.151
paleo,Five C Spiced Salmon recipes,nordic,324.33,4.57,270.7,10/16/2022,17:25:40,70.969,0.017
paleo,Dark & Stormy Date Caramels,french,34.02,119.1,137.32,10/16/2022,17:25:40,0.286,0.867
paleo,Keto Fried Fish,south east asian,110.93,20.28,53.53,10/16/2022,17:25:40,5.47,0.379
paleo,Paleo Salmon Cakes,nordic,110.13,12.03,50.63,10/16/2022,17:25:47,9.155,0.238
paleo,Broccoli and bacon salad,american,66.61,142.18,186.51,10/16/2022,17:25:47,0.468,0.762
paleo,Ground Beef Skillet with Pesto and Greens (Low-FODMAP),british,89.94,10.84,58.45,10/16/2022,17:25:47,8.297,0.185
paleo,Sweet and Spicy Asian-style Eggplant,south east asian,28.24,153.01,34.26,10/16/2022,17:25:47,0.185,4.466
paleo,French Onion Dip recipes,american,15.14,44.77,303.62,10/16/2022,17:25:47,0.338,0.147
paleo,Berry Chocolate (Antioxidant) Heaven,american,29.87,352.58,92.19,10/16/2022,17:25:47,0.085,3.824
paleo,Chocolate Ice Cream - That's Dairy AND (Added) Sugar Free,american,17.09,98.33,27.65,10/16/2022,17:25:47,0.174,3.556
paleo,Chocolate Tiramisu (Grain-Free) recipes,italian,44.35,370.33,265.2,10/16/2022,17:25:47,0.12,1.396
paleo,"Strawberry (Heart Berry) Sponge Cake with Swiss Meringue and Coconut Cream (Grain Free, Dairy Free) recipes",british,73.61,215.65,194.58,10/16/2022,17:25:47,0.341,1.108
paleo,CHORIZO BURGER WITH CUCUMBER SLAW recipes,mediterranean,146.06,23.64,205.89,10/16/2022,17:25:47,6.179,0.115
paleo,Paleo Steak and Kidney Pie ~ The Paleo Mom,american,398.01,82.5,282.32,10/16/2022,17:25:47,4.824,0.292
paleo,Paleo Pizza Crust,italian,34.22,27.58,82.33,10/16/2022,17:25:47,1.241,0.335
paleo,Salisbury Steak Meatballs,british,145.56,62.05,169.76,10/16/2022,17:25:47,2.346,0.366
paleo,Paleo Graham Crackers,american,37.62,65.86,83.96,10/16/2022,17:25:47,0.571,0.784
paleo,Pecan and Apple Stuffed Acorn Squash recipes,american,14.02,89.14,100.92,10/16/2022,17:25:54,0.157,0.883
paleo,"Chicken Salad With Grapes, Apples And Cranberries recipe recipes",american,101.36,118.91,252.23,10/16/2022,17:25:54,0.852,0.471
paleo,Paleo Persimmon Pie,american,38.48,518.49,227.16,10/16/2022,17:25:54,0.074,2.282
paleo,Paleo Stir Fry,american,24.43,22.43,8.06,10/16/2022,17:25:54,1.089,2.783
paleo,Keto Strawberry Ice Cream,american,29.56,52.43,291.93,10/16/2022,17:25:54,0.564,0.18
paleo,Paleo Lemon Tarts,french,38.77,126.1,64.78,10/16/2022,17:25:54,0.307,1.947
paleo,Chocolate Chia Seed Pudding,british,13.65,68.33,92.25,10/16/2022,17:25:54,0.2,0.741
paleo,Braised Cube Steak with Onion Gravy (AIP) recipes,american,22.12,875.89,54.93,10/16/2022,17:25:54,0.025,15.946
paleo,No Bake Almond Butter Bars (Low Carb and Gluten Free) recipes,american,92.22,286.7,321.2,10/16/2022,17:25:54,0.322,0.893
paleo,Paleo Lunch “Buns,italian,5.04,227.0,1.45,10/16/2022,17:25:54,0.022,156.552
paleo,Parmesan Herb Chicken (Grain Free and Low Carb) recipes,italian,166.91,3.84,72.13,10/16/2022,17:25:54,43.466,0.053
paleo,Blueberry Crumble (Gluten-free & Sugar-free) recipes,american,60.03,135.78,188.85,10/16/2022,17:25:54,0.442,0.719
paleo,Roasted Garlic Mashed Potatoes recipes,american,25.2,63.62,10.39,10/16/2022,17:25:54,0.396,6.123
paleo,Healthy Coconut Meringue Parfait recipes,french,63.04,161.99,13.34,10/16/2022,17:25:54,0.389,12.143
paleo,Keto Waldorf Salad,american,6.74,27.28,63.62,10/16/2022,17:25:54,0.247,0.429
paleo,Grilled Asian Style Wild Alaskan Black Cod recipes,japanese,44.95,39.22,6.89,10/16/2022,17:26:00,1.146,5.692
paleo,Korean Beef Cauliflower Rice Bowls,mediterranean,190.89,158.68,234.05,10/16/2022,17:26:00,1.203,0.678
paleo,Paleo Zucchini Spaghetti,italian,4.74,12.19,14.75,10/16/2022,17:26:00,0.389,0.826
paleo,Chicken Jicama Slaw,mexican,112.36,32.53,118.16,10/16/2022,17:26:00,3.454,0.275
paleo,Paleo Acorn Squash,french,3.57,68.92,11.95,10/16/2022,17:26:00,0.052,5.767
paleo,Paleo Coffee Creamer,french,19.37,14.12,98.57,10/16/2022,17:26:00,1.372,0.143
paleo,"Paleo chocolate barks, a.k.a. Paleo turr&o",american,23.75,84.18,191.43,10/16/2022,17:26:00,0.282,0.44
paleo,Paleo Flour Tortillas (AIP-friendly!) ~ The Paleo Mom,mexican,0.0,150.22,81.0,10/16/2022,17:26:00,0.0,1.855
paleo,Paleo Carrot Cake,british,130.64,371.78,327.27,10/16/2022,17:26:00,0.351,1.136
paleo,"Low Carb Red Cabbage, Mint, and Granny Smi",american,9.8,75.41,56.01,10/16/2022,17:26:07,0.13,1.346
paleo,Sweet Potato Tater Tots,american,16.02,205.34,102.76,10/16/2022,17:26:07,0.078,1.998
paleo,Bacon Burger Cauliflower Rice Casserole recipes,american,125.01,32.77,183.92,10/16/2022,17:26:07,3.815,0.178
paleo,Mediterranean Eggs Paleo,mediterranean,12.24,9.38,23.7,10/16/2022,17:26:07,1.305,0.396
paleo,Paleo Banana Bread,american,54.23,233.84,97.63,10/16/2022,17:26:07,0.232,2.395
paleo,Paleo Coconut Crepes,french,14.04,9.69,2.72,10/16/2022,17:26:07,1.449,3.562
paleo,Easy Paleo Meatballs,french,78.6,2.96,90.8,10/16/2022,17:26:07,26.554,0.033
paleo,Paleo Apple Tart,french,9.15,249.27,59.68,10/16/2022,17:26:07,0.037,4.177
paleo,Paleo Birthday Cake,american,71.98,200.17,163.98,10/16/2022,17:26:07,0.36,1.221
paleo,PALEO HASH BROWNS,south american,4.65,114.17,36.32,10/16/2022,17:26:14,0.041,3.143
paleo,Roasted Beet and Micro Kale Egg White Frittata,italian,38.18,20.35,40.72,10/16/2022,17:26:14,1.876,0.5
paleo,Chipotle Pulled Pork Stuffed Potatoes with Creamy Coleslaw recipes,american,32.47,235.85,91.26,10/16/2022,17:26:14,0.138,2.584
paleo,Paleo Hamburger Buns,american,14.22,74.17,20.04,10/16/2022,17:26:14,0.192,3.701
paleo,Paleo Roasted Asparagus,nordic,9.98,17.6,13.32,10/16/2022,17:26:14,0.567,1.321
paleo,Paleo Peach Crumble,eastern europe,44.9,261.29,181.17,10/16/2022,17:26:14,0.172,1.442
paleo,Paleo Pesto recipes,italian,12.89,18.24,146.76,10/16/2022,17:26:14,0.707,0.124
paleo,Paleo Sausage Balls,american,104.42,60.32,234.14,10/16/2022,17:26:21,1.731,0.258
paleo,Paleo Pumpkin Pie,american,42.95,329.53,179.46,10/16/2022,17:26:21,0.13,1.836
paleo,Paleo Meat Loaf,american,97.33,60.44,97.57,10/16/2022,17:26:21,1.61,0.619
paleo,Paleo Birthday Cake,american,51.4,346.93,234.62,10/16/2022,17:26:21,0.148,1.479
paleo,Paleo Vanilla Custard,italian,27.29,65.95,103.42,10/16/2022,17:26:21,0.414,0.638
paleo,Parmesan Herb Chicken (Grain Free and Low Carb),italian,166.91,3.84,72.13,10/16/2022,17:26:21,43.466,0.053
paleo,Paleo Baked Tuna Cakes - Paleo and Gluten-Free,mediterranean,105.58,58.76,166.85,10/16/2022,17:26:21,1.797,0.352
paleo,Mango Banana Vanilla Cream Pops,american,11.09,71.03,97.12,10/16/2022,17:26:21,0.156,0.731
paleo,Turkey Avocado Burgers,american,203.1,149.26,333.28,10/16/2022,17:26:21,1.361,0.448
paleo,Paleo Roti recipes,south east asian,16.54,72.39,70.77,10/16/2022,17:26:21,0.228,1.023
paleo,"Instant Pot Paleo Pumpkin Chili {Whole30, Paleo}",american,92.49,93.22,123.26,10/16/2022,17:26:21,0.992,0.756
paleo,Strawberry Grapefruit Salad recipes,american,7.83,63.3,29.81,10/16/2022,17:26:21,0.124,2.123
paleo,Paleo Custard Bake,mediterranean,40.09,48.85,114.16,10/16/2022,17:26:21,0.821,0.428
paleo,Paleo Chicken Stew,american,131.55,66.3,25.08,10/16/2022,17:26:27,1.984,2.644
paleo,Paleo Eggplant Hummus,mediterranean,9.79,47.87,9.76,10/16/2022,17:26:27,0.205,4.905
paleo,Paleo Margaritas recipes,world,0.16,14.07,0.02,10/16/2022,17:26:27,0.011,703.5
paleo,Paleo Beef Jerkey,american,206.94,104.79,47.42,10/16/2022,17:26:27,1.975,2.21
paleo,Paleo Caramel Frappuccino,mediterranean,4.83,10.41,8.02,10/16/2022,17:26:27,0.464,1.298
paleo,Mango Salsa (Paleo),mexican,13.16,144.64,32.84,10/16/2022,17:26:27,0.091,4.404
paleo,Paleo Butterfingers recipes,french,4.35,247.32,139.99,10/16/2022,17:26:27,0.018,1.767
paleo,Paleo Carrot Hummus,mediterranean,8.4,38.01,232.91,10/16/2022,17:26:27,0.221,0.163
paleo,Paleo Shamrock Shake,american,7.82,43.51,58.32,10/16/2022,17:26:27,0.18,0.746
paleo,Summer Squash Noodles with Skinny Garlic Butter recipes,asian,9.62,19.66,26.36,10/16/2022,17:26:34,0.489,0.746
paleo,Summer Squash Tomato Bake,american,22.49,72.05,38.26,10/16/2022,17:26:34,0.312,1.883
paleo,Paleo Zuppa Toscana,italian,57.87,253.19,103.32,10/16/2022,17:26:34,0.229,2.451
paleo,Paleo Chocolate Mousse,french,40.91,139.35,285.15,10/16/2022,17:26:34,0.294,0.489
paleo,"Paleo ""Parmesan"" Cheese",italian,39.27,40.29,71.93,10/16/2022,17:26:34,0.975,0.56
paleo,Healthy Fettuccine Alfredo recipes,italian,14.78,65.85,29.75,10/16/2022,17:26:34,0.224,2.213
paleo,Paleo Tortilla Chips,american,17.17,67.44,76.21,10/16/2022,17:26:34,0.255,0.885
paleo,Paleo strawberry icecream,italian,26.36,168.28,195.15,10/16/2022,17:26:34,0.157,0.862
paleo,Paleo Cheese recipes,french,66.76,64.6,63.44,10/16/2022,17:26:34,1.033,1.018
paleo,Perfect Paleo Burger,american,7.33,47.38,55.47,10/16/2022,17:26:34,0.155,0.854
paleo,Killer Paleo Horseradish,american,2.83,27.14,1.66,10/16/2022,17:26:41,0.104,16.349
paleo,Paleo Peppermint Macaroons,french,11.77,64.05,54.94,10/16/2022,17:26:41,0.184,1.166
paleo,Sesame Orange Vinaigrette,chinese,5.61,46.24,58.25,10/16/2022,17:26:41,0.121,0.794
paleo,Paleo Chicken Marsala,italian,149.53,27.82,148.35,10/16/2022,17:26:41,5.375,0.188
paleo,Weight Watchers Beef Stew,french,275.18,230.52,62.63,10/16/2022,17:26:41,1.194,3.681
paleo,Paleo Grilled Salmon,nordic,197.13,7.3,57.9,10/16/2022,17:26:41,27.004,0.126
paleo,Paleo Chocolate Pudding,british,11.97,127.01,58.87,10/16/2022,17:26:41,0.094,2.157
paleo,Paleo Gnocchi recipes,italian,6.22,102.72,3.7,10/16/2022,17:26:41,0.061,27.762
paleo,Paleo pumpkin pie,american,78.68,305.74,389.01,10/16/2022,17:26:41,0.257,0.786
paleo,Tropical Paleo Popsicles,american,7.29,80.99,2.69,10/16/2022,17:26:41,0.09,30.108
paleo,"Paleo Steak Marinade (Paleo, GF + Sugar Free) recipes",american,2.9,27.16,27.62,10/16/2022,17:26:41,0.107,0.983
paleo,Paleo Kale Salmon,nordic,6.58,10.28,63.92,10/16/2022,17:26:48,0.64,0.161
paleo,Paleo Sandwich Thins,american,31.76,91.98,24.72,10/16/2022,17:26:48,0.345,3.721
paleo,Paleo Waldorf Salad,american,3.37,64.06,91.21,10/16/2022,17:26:48,0.053,0.702
paleo,Paleo Shrimp Scampi,chinese,298.21,35.88,30.01,10/16/2022,17:26:48,8.311,1.196
paleo,Paleo Chicken Marsala,italian,303.12,28.89,81.2,10/16/2022,17:26:48,10.492,0.356
paleo,Apricot Bites Paleo,french,6.74,59.88,50.54,10/16/2022,17:26:48,0.113,1.185
paleo,Paleo Spinach Crepes,italian,32.03,90.8,30.21,10/16/2022,17:26:48,0.353,3.006
paleo,PALEO CREPES recipes,french,31.86,22.28,34.51,10/16/2022,17:26:48,1.43,0.646
paleo,Moroccan Spice Blend,middle eastern,1.03,6.36,1.02,10/16/2022,17:26:48,0.162,6.235
paleo,Paleo Pumpkin Butter,american,2.84,55.05,9.82,10/16/2022,17:26:48,0.052,5.606
paleo,Paleo Tempura Asparagus,japanese,40.84,30.73,146.81,10/16/2022,17:26:48,1.329,0.209
paleo,Paleo Taco Soup,mexican,187.46,30.42,23.91,10/16/2022,17:26:48,6.162,1.272
paleo,Easy Chicken Marsala,italian,107.08,36.05,48.9,10/16/2022,17:26:55,2.97,0.737
paleo,Easy Paleo Ketchup,italian,7.52,47.99,0.81,10/16/2022,17:26:55,0.157,59.247
paleo,Paleo Hummus recipes,mediterranean,28.06,49.03,93.44,10/16/2022,17:26:55,0.572,0.525
paleo,Paleo Pumpkin Gnocchi,mediterranean,28.38,154.13,79.81,10/16/2022,17:26:55,0.184,1.931
paleo,Paleo Cauli Couscous,middle eastern,21.26,71.22,24.81,10/16/2022,17:26:55,0.299,2.871
paleo,Hawaiian Barbecue-Style Chicken Salad recipes,american,84.54,210.42,89.07,10/16/2022,17:26:55,0.402,2.362
paleo,Paleo Pumpkin Pie,american,76.56,180.96,184.22,10/16/2022,17:26:55,0.423,0.982
paleo,Paleo Chocolate Milk,british,26.79,128.02,165.51,10/16/2022,17:26:55,0.209,0.773
paleo,"Roasted Acorn Squash With Dates, Pumpkin Seeds And Goat Cheese",mediterranean,26.37,221.01,51.73,10/16/2022,17:26:55,0.119,4.272
paleo,Gluten Free Chocolate Zucchini Muffins recipes,mediterranean,69.91,125.55,157.81,10/16/2022,17:26:55,0.557,0.796
paleo,Easy Paleo Falafel,mediterranean,21.62,32.57,64.66,10/16/2022,17:26:55,0.664,0.504
paleo,Paleo Blueberry Mousse,french,53.13,323.37,439.18,10/16/2022,17:26:55,0.164,0.736
paleo,"Roasted Italian Sausages with Potatoes, Peppers, and Onions recipes",italian,46.3,138.96,31.67,10/16/2022,17:26:55,0.333,4.388
paleo,Green Sorbet (Paleo),mediterranean,7.16,119.64,1.93,10/16/2022,17:27:05,0.06,61.99
paleo,Paleo Carrot Souffle,american,32.67,119.89,137.81,10/16/2022,17:27:05,0.272,0.87
paleo,Paleo Chocolate Pudding,british,30.5,91.77,123.75,10/16/2022,17:27:05,0.332,0.742
paleo,Paleo Chicken Tenders,american,85.12,81.13,103.53,10/16/2022,17:27:05,1.049,0.784
paleo,Loco Coco (paleo),american,32.1,84.86,183.44,10/16/2022,17:27:05,0.378,0.463
paleo,Paleo Mini Quiche,french,88.06,14.19,45.71,10/16/2022,17:27:05,6.206,0.31
paleo,Apple Cider Poppyseed Salad recipes,mediterranean,22.75,175.37,133.44,10/16/2022,17:27:05,0.13,1.314
paleo,'PALEO' Pizza Base,italian,28.69,131.07,105.15,10/16/2022,17:27:05,0.219,1.247
paleo,Paleo Friendly Meatballs,nordic,114.89,46.78,169.8,10/16/2022,17:27:05,2.456,0.276
paleo,Paleo Fettuccine Alfredo,italian,36.18,46.25,21.54,10/16/2022,17:27:05,0.782,2.147
paleo,Paleo Mushroom Soup,french,11.95,28.45,2.59,10/16/2022,17:27:05,0.42,10.985
paleo,Paleo Thanksgiving Stuffing,american,27.7,119.89,77.25,10/16/2022,17:27:05,0.231,1.552
paleo,Pistachio Crusted Salmon with Green Curry recipes,nordic,261.59,29.86,239.02,10/16/2022,17:27:05,8.761,0.125
paleo,Paleo Sausage Meatballs,eastern europe,73.38,51.45,142.07,10/16/2022,17:27:05,1.426,0.362
paleo,Paleo Crepes recipes,french,27.22,68.05,50.0,10/16/2022,17:27:05,0.4,1.361
paleo,Paleo Greek 'Rice',mediterranean,13.09,44.48,56.22,10/16/2022,17:27:12,0.294,0.791
paleo,Company Pot Roast recipes,french,350.05,176.53,240.25,10/16/2022,17:27:12,1.983,0.735
paleo,Paleo Flatbread Recipe,american,31.91,120.79,25.97,10/16/2022,17:27:12,0.264,4.651
paleo,Paleo Chex recipes,american,26.86,101.27,108.62,10/16/2022,17:27:12,0.265,0.932
paleo,Paleo Breakfast Sandwich,american,20.23,14.22,49.8,10/16/2022,17:27:12,1.423,0.286
paleo,Paleo Toffee & A Review of Paleo Indulgences Cookbook recipes,british,24.4,231.54,88.47,10/16/2022,17:27:12,0.105,2.617
paleo,Paleo Squash Pesto,italian,33.19,10.65,186.65,10/16/2022,17:27:12,3.116,0.057
paleo,Paleo pizza crust,italian,11.43,121.83,117.55,10/16/2022,17:27:12,0.094,1.036
paleo,Paleo Mini Quiche,french,74.29,24.48,77.75,10/16/2022,17:27:12,3.035,0.315
paleo,Paleo Hungarian Goulash,central europe,105.01,36.89,38.16,10/16/2022,17:27:12,2.847,0.967
paleo,Paleo Curry Meatballs,indian,16.42,34.1,89.05,10/16/2022,17:27:12,0.482,0.383
paleo,Paleo Spinach Latkes,french,44.1,215.12,100.34,10/16/2022,17:27:12,0.205,2.144
paleo,Paleo Pesto Recipe,italian,20.91,19.71,119.3,10/16/2022,17:27:12,1.061,0.165
paleo,Paleo Chicken Fingers,eastern europe,163.02,148.03,236.07,10/16/2022,17:27:12,1.101,0.627
paleo,Paleo Primal Fudge,american,34.66,101.48,184.31,10/16/2022,17:27:18,0.342,0.551
paleo,Paleo Cod Burgers,nordic,92.92,30.26,8.57,10/16/2022,17:27:18,3.071,3.531
paleo,Paleo Carrot Soup,american,26.79,115.76,119.4,10/16/2022,17:27:18,0.231,0.97
paleo,Paleo Zucchini Hummus,mediterranean,25.15,43.41,79.87,10/16/2022,17:27:18,0.579,0.544
paleo,Paleo Zuppa Toscana,italian,87.27,117.16,169.21,10/16/2022,17:27:18,0.745,0.692
paleo,Homemade Paleo Ketchup,italian,10.13,56.96,1.49,10/16/2022,17:27:18,0.178,38.228
paleo,Paleo Cassava Tortillas,mediterranean,0.06,75.16,27.0,10/16/2022,17:27:18,0.001,2.784
paleo,Paleo Tandoori Chicken,indian,308.98,21.54,323.35,10/16/2022,17:27:18,14.344,0.067
paleo,Glazed Paleo Éclairs,american,11.94,115.46,16.76,10/16/2022,17:27:25,0.103,6.889
paleo,Paleo Tortillas recipes,mediterranean,36.75,41.01,34.25,10/16/2022,17:27:25,0.896,1.197
paleo,Paleo Chicken Parmesan,italian,153.87,119.21,171.95,10/16/2022,17:27:25,1.291,0.693
paleo,Paleo Potato Salad,mediterranean,41.57,430.55,555.11,10/16/2022,17:27:25,0.097,0.776
paleo,Slow Cooker Stewed Rosemary Garlic Chicken,american,134.21,25.83,144.46,10/16/2022,17:27:25,5.196,0.179
paleo,Rice with Mushroom and Asparagus,french,23.57,101.25,25.44,10/16/2022,17:27:25,0.233,3.98
paleo,Paleo Dirty Rice,french,26.68,80.75,35.37,10/16/2022,17:27:25,0.33,2.283
paleo,Paleo Ranch Seasoning,american,4.29,20.24,0.82,10/16/2022,17:27:25,0.212,24.683
paleo,Paleo Sangria recipes,world,2.87,110.03,0.69,10/16/2022,17:27:25,0.026,159.464
paleo,Paleo Fried Rice,chinese,17.07,23.74,36.07,10/16/2022,17:27:25,0.719,0.658
paleo,Primal Pizza Pie Layer Casserole,italian,131.33,34.99,159.19,10/16/2022,17:27:25,3.753,0.22
paleo,Paleo Lemon Curd,french,24.82,161.28,132.63,10/16/2022,17:27:25,0.154,1.216
paleo,Easy Make Ahead Paleo Gravy {paleo + vegan option},american,6.16,23.93,33.74,10/16/2022,17:27:25,0.257,0.709
paleo,"Aunt Rocky’s Chorizo and Spaghetti Squash Casserole (Low Carb, Keto)",italian,126.73,77.95,197.8,10/16/2022,17:27:31,1.626,0.394
paleo,Smoked Salmon Deviled Eggs,nordic,72.44,9.31,228.93,10/16/2022,17:27:31,7.781,0.041
paleo,Paleo cauliflower puree,mediterranean,14.68,49.71,47.87,10/16/2022,17:27:31,0.295,1.038
paleo,Paleo Caesar Dressing,mediterranean,20.16,9.07,497.18,10/16/2022,17:27:31,2.223,0.018
paleo,Paleo Ginger??Snaps,italian,95.94,152.11,226.9,10/16/2022,17:27:31,0.631,0.67
paleo,Paleo Zuppa Toscana,italian,179.75,261.94,425.47,10/16/2022,17:27:31,0.686,0.616
paleo,Paleo Hummus recipes,mediterranean,11.66,20.89,24.94,10/16/2022,17:27:31,0.558,0.838
paleo,paleo banana bread,american,35.68,134.46,62.16,10/16/2022,17:27:31,0.265,2.163
paleo,Paleo Turkey Meatballs,american,195.62,33.54,79.05,10/16/2022,17:27:31,5.832,0.424
paleo,Paleo Banana Muffins,american,85.78,200.52,260.37,10/16/2022,17:27:31,0.428,0.77
paleo,Jamerican Paleo Burger,nordic,98.81,32.99,64.72,10/16/2022,17:27:38,2.995,0.51
paleo,Paleo PIzza Crust,italian,44.0,86.7,84.35,10/16/2022,17:27:38,0.507,1.028
paleo,Paleo Zucchini Burger,american,25.16,49.41,20.0,10/16/2022,17:27:38,0.509,2.47
paleo,Paleo Meatballs recipes,french,170.29,21.84,190.17,10/16/2022,17:27:38,7.797,0.115
paleo,Low Carb Broiled Asian Chicken Thighs recipes,chinese,149.89,13.87,49.44,10/16/2022,17:27:38,10.807,0.281
paleo,Clafoutis Paleo Gf,french,62.38,171.71,143.8,10/16/2022,17:27:38,0.363,1.194
paleo,Whole30 Potato Salad recipes,mediterranean,10.4,86.61,60.05,10/16/2022,17:27:38,0.12,1.442
paleo,Paleo Greek Chicken,mediterranean,103.21,8.28,120.13,10/16/2022,17:27:38,12.465,0.069
paleo,Paleo Crepes recipes,french,28.52,83.51,66.12,10/16/2022,17:27:38,0.342,1.263
paleo,Spicy Avocado Shrimp Tower recipes,south american,7.46,24.73,87.84,10/16/2022,17:27:38,0.302,0.282
paleo,Barilla Turkey Sausage Meatball Hero Subs + Giveaway,american,149.37,161.26,67.43,10/16/2022,17:27:38,0.926,2.392
paleo,Paleo Berry Cobbler,french,70.95,495.23,258.21,10/16/2022,17:27:45,0.143,1.918
paleo,Paleo Cheesecake recipes,mediterranean,46.61,112.79,239.75,10/16/2022,17:27:45,0.413,0.47
paleo,Paleo Eggplant Meatballs,eastern europe,34.86,81.96,71.02,10/16/2022,17:27:45,0.425,1.154
paleo,Paleo Chicken Strips,american,120.01,13.19,115.84,10/16/2022,17:27:45,9.099,0.114
paleo,Paleo Turkey Meatballs,american,142.25,147.48,353.72,10/16/2022,17:27:45,0.965,0.417
paleo,Paleo Chicken Tenders,american,79.75,175.06,81.41,10/16/2022,17:27:45,0.456,2.15
paleo,Easy Pot Roast Crock Pot recipes,chinese,323.19,230.68,74.72,10/16/2022,17:27:45,1.401,3.087
paleo,Paleo Peppermint Patties,american,26.8,227.58,233.46,10/16/2022,17:27:45,0.118,0.975
paleo,Paleo Stuffed Peppers,italian,212.2,126.47,233.63,10/16/2022,17:27:45,1.678,0.541
paleo,Paleo Pita Chips,french,55.69,45.56,112.34,10/16/2022,17:27:45,1.222,0.406
paleo,Paleo Pulled Pork,american,363.86,41.0,258.48,10/16/2022,17:27:53,8.875,0.159
paleo,Paleo Sesame Pasta,italian,35.12,70.83,237.2,10/16/2022,17:27:53,0.496,0.299
paleo,Paleo White Christmas,mediterranean,34.52,80.74,102.14,10/16/2022,17:27:53,0.428,0.79
paleo,Paleo Salisbury Steak,british,200.74,47.0,170.27,10/16/2022,17:27:53,4.271,0.276
paleo,Paleo Taco Bowl,mexican,21.47,11.82,26.3,10/16/2022,17:27:53,1.816,0.449
paleo,Crockpot Drumsticks | Paleo,american,125.17,37.02,62.51,10/16/2022,17:27:53,3.381,0.592
paleo,Blueberry Cobbler {Paleo},american,34.41,144.65,130.08,10/16/2022,17:27:53,0.238,1.112
paleo,Yummy Paleo Flatbread,american,7.16,5.48,11.53,10/16/2022,17:27:53,1.307,0.475
paleo,Paleo Pizza Crust,italian,56.89,154.26,135.9,10/16/2022,17:27:53,0.369,1.135
paleo,Paleo Baked Chicken,american,293.67,43.68,141.43,10/16/2022,17:27:53,6.723,0.309
paleo,Paleo guacamole recipe,mexican,4.98,22.1,29.73,10/16/2022,17:27:53,0.225,0.743
paleo,Pumpkin Dutch Baby,central europe,51.94,78.05,132.72,10/16/2022,17:27:53,0.665,0.588
paleo,Paleo Peach Crisp,american,39.58,126.88,97.83,10/16/2022,17:27:53,0.312,1.297
paleo,Paleo chicken Marsala,italian,81.21,14.37,100.85,10/16/2022,17:27:53,5.651,0.142
paleo,Salmon Cobb Salad,nordic,86.32,52.34,193.65,10/16/2022,17:27:59,1.649,0.27
paleo,PALEO PULLED PORK,american,240.95,21.38,170.76,10/16/2022,17:27:59,11.27,0.125
paleo,Paleo Coleslaw recipes,mediterranean,8.05,49.05,89.95,10/16/2022,17:27:59,0.164,0.545
paleo,Paleo Braised Cabbage,french,21.85,113.36,69.95,10/16/2022,17:27:59,0.193,1.621
paleo,Paleo Cauliflower Tabouli,middle eastern,9.04,30.15,28.7,10/16/2022,17:27:59,0.3,1.051
paleo,Paleo Gyros recipes,mediterranean,156.23,22.07,197.86,10/16/2022,17:27:59,7.079,0.112
paleo,Paleo Carrot Cake,american,28.87,176.52,124.04,10/16/2022,17:27:59,0.164,1.423
paleo,Paleo Sandwich Bread,nordic,82.9,96.1,203.88,10/16/2022,17:27:59,0.863,0.471
paleo,Paleo Carrot Cake,british,56.59,372.24,166.67,10/16/2022,17:27:59,0.152,2.233
paleo,Everyday Paleo Meatloaf,american,222.77,73.67,180.94,10/16/2022,17:27:59,3.024,0.407
paleo,Paleo Chicken Tacos,mexican,88.54,25.39,90.34,10/16/2022,17:27:59,3.487,0.281
paleo,Paleo Whole30 Meatballs,italian,49.65,25.33,31.86,10/16/2022,17:28:06,1.96,0.795
paleo,Grilled Cilantro Lime Chicken recipes,mediterranean,137.17,20.55,43.28,10/16/2022,17:28:06,6.675,0.475
paleo,"5-Min Microwave Paleo Chocolate Cake Recipe [Paleo, GF]",american,14.34,43.94,44.76,10/16/2022,17:28:06,0.326,0.982
paleo,Broiled Paleo Burger,american,147.0,98.03,245.1,10/16/2022,17:28:06,1.5,0.4
paleo,Paleo Cabbage Hash,french,94.84,47.81,54.27,10/16/2022,17:28:06,1.984,0.881
paleo,Paleo Vanilla Wafers,american,54.39,171.17,173.06,10/16/2022,17:28:06,0.318,0.989
paleo,Paleo Strawberry Sundae,american,78.6,428.36,388.56,10/16/2022,17:28:06,0.183,1.102
paleo,Paleo Lamingtons recipes,french,57.82,215.83,226.98,10/16/2022,17:28:06,0.268,0.951
paleo,Paleo Fudgy Brownies,french,82.58,181.14,215.9,10/16/2022,17:28:06,0.456,0.839
paleo,Crock Pot Chile Verde,mexican,201.78,29.12,81.49,10/16/2022,17:28:06,6.929,0.357
paleo,Paleo Zucchini Hummus,mediterranean,13.47,25.56,47.07,10/16/2022,17:28:06,0.527,0.543
paleo,Paleo Venison Burgers,french,108.33,30.05,39.3,10/16/2022,17:28:06,3.605,0.765
paleo,Paleo Pumpkin Scones,british,99.59,336.0,235.0,10/16/2022,17:28:13,0.296,1.43
paleo,Paleo Chocolate Pudding,british,19.89,122.56,101.95,10/16/2022,17:28:13,0.162,1.202
paleo,Paleo Orange Chicken,french,110.54,52.28,39.95,10/16/2022,17:28:13,2.114,1.309
paleo,Paleo Hamburger Soup,nordic,140.81,255.09,63.29,10/16/2022,17:28:13,0.552,4.03
paleo,Paleo Honey Cake,kosher,87.32,258.25,207.98,10/16/2022,17:28:13,0.338,1.242
paleo,Paleo Fried Chicken,american,208.66,32.76,375.11,10/16/2022,17:28:13,6.369,0.087
paleo,Tasty Paleo Borscht,nordic,15.58,86.02,25.4,10/16/2022,17:28:13,0.181,3.387
paleo,Delicious Paleo Meatballs,american,196.24,26.33,247.65,10/16/2022,17:28:13,7.453,0.106
paleo,Paleo Zuppa Toscana,italian,123.43,124.25,194.74,10/16/2022,17:28:13,0.993,0.638
paleo,Gluten-Free Buckwheat Blinis with All the Fixings,eastern europe,38.05,140.05,129.25,10/16/2022,17:28:13,0.272,1.084
paleo,Paleo Asian Meatballs,indian,155.39,13.86,206.43,10/16/2022,17:28:13,11.211,0.067
paleo,Paleo Coffee Creamer,french,10.48,183.87,47.85,10/16/2022,17:28:13,0.057,3.843
paleo,Paleo Cantaloupe Custard,french,18.09,77.28,73.54,10/16/2022,17:28:13,0.234,1.051
paleo,Paleo Bunny Bites,american,39.14,114.78,142.85,10/16/2022,17:28:13,0.341,0.804
paleo,Paleo Fettuccine Alfredo,italian,69.5,237.82,25.43,10/16/2022,17:28:19,0.292,9.352
paleo,Paleo Pie Crust,american,49.41,83.14,129.24,10/16/2022,17:28:19,0.594,0.643
paleo,Paleo Paella recipes,mediterranean,114.28,67.22,23.74,10/16/2022,17:28:19,1.7,2.832
paleo,Paleo Pita Crisps,mediterranean,52.77,543.93,1094.53,10/16/2022,17:28:19,0.097,0.497
paleo,Paleo Chocolate Pudding,british,38.41,187.18,204.57,10/16/2022,17:28:19,0.205,0.915
paleo,"Paleo Baked Apples with Pecan Crumble (Paleo, Primal, GAPS)",american,17.04,196.36,153.33,10/16/2022,17:28:19,0.087,1.281
paleo,Paleo Chicken Piccata,italian,114.48,38.79,146.83,10/16/2022,17:28:19,2.951,0.264
paleo,Paleo Pizza Quiches,italian,68.7,16.57,86.7,10/16/2022,17:28:19,4.146,0.191
paleo,Paleo Meatballs recipes,french,94.91,9.62,62.19,10/16/2022,17:28:19,9.866,0.155
paleo,Gluten Free Caramelized Onion Gravy,eastern europe,2.91,52.72,54.94,10/16/2022,17:28:19,0.055,0.96
paleo,Pineapple Muffins (Paleo),british,78.26,90.12,180.1,10/16/2022,17:28:19,0.868,0.5
paleo,“Pho” Slow Cooker Pulled Pork Sandwiches recipes,american,284.71,240.0,268.1,10/16/2022,17:28:19,1.186,0.895
paleo,PALEO BEEF JERKY,american,259.42,103.71,96.66,10/16/2022,17:28:19,2.501,1.073
paleo,Paleo Venison Stroganoff,eastern europe,171.5,59.19,132.4,10/16/2022,17:28:19,2.897,0.447
paleo,Paleo Mushroom Risotto,italian,27.18,92.53,59.88,10/16/2022,17:28:26,0.294,1.545
paleo,Paleo Skillet Frittata,italian,95.19,51.98,103.55,10/16/2022,17:28:26,1.831,0.502
paleo,Paleo Pig Burger,french,215.41,54.5,248.86,10/16/2022,17:28:26,3.952,0.219
paleo,Paleo Salmon Slaw,nordic,165.67,25.68,200.27,10/16/2022,17:28:26,6.451,0.128
paleo,Paleo Banana Muffins,british,101.95,204.31,286.85,10/16/2022,17:28:26,0.499,0.712
paleo,Paleo Chocolate Chippers,french,286.58,822.4,979.01,10/16/2022,17:28:26,0.348,0.84
paleo,Paleo Cashews Fudge,french,50.26,225.6,141.56,10/16/2022,17:28:26,0.223,1.594
paleo,Paleo Pumpkin Pie,american,46.99,331.12,136.78,10/16/2022,17:28:26,0.142,2.421
paleo,Paleo Gingersnaps recipes,british,43.14,289.83,136.28,10/16/2022,17:28:26,0.149,2.127
paleo,Paleo pepperoni pizza,italian,66.53,212.2,71.37,10/16/2022,17:28:26,0.314,2.973
paleo,Paleo-ish Sangria,world,7.08,110.19,1.18,10/16/2022,17:28:26,0.064,93.381
paleo,Paleo Strawberry Crumble,british,14.7,154.05,64.63,10/16/2022,17:28:33,0.095,2.384
paleo,Paleo Lemon Bars,american,33.65,272.71,143.06,10/16/2022,17:28:33,0.123,1.906
paleo,Paleo Gingersnaps recipes,british,76.06,245.59,206.39,10/16/2022,17:28:33,0.31,1.19
paleo,Paleo Banana Loaf,british,65.05,169.97,121.5,10/16/2022,17:28:33,0.383,1.399
paleo,Paleo Energy Bites,french,40.56,182.5,183.14,10/16/2022,17:28:33,0.222,0.997
paleo,Paleo Cake – recipes,american,54.06,199.51,244.21,10/16/2022,17:28:33,0.271,0.817
paleo,Paleo Chocolate Cake,american,59.12,213.93,153.54,10/16/2022,17:28:33,0.276,1.393
paleo,Beef Curry (Paleo),south east asian,112.87,76.07,111.59,10/16/2022,17:28:33,1.484,0.682
paleo,Paleo Chicken Nuggets,american,175.8,40.7,158.93,10/16/2022,17:28:33,4.319,0.256
paleo,Salmon With Lemon And Ginger Marinade recipes,nordic,95.45,20.67,88.85,10/16/2022,17:28:33,4.618,0.233
paleo,Paleo Shrimp Scampi,chinese,94.63,21.46,12.7,10/16/2022,17:28:33,4.41,1.69
paleo,Paleo Coffee Cake,american,67.02,311.15,242.85,10/16/2022,17:28:33,0.215,1.281
paleo,Paleo Sandwich Bread,nordic,82.9,96.1,203.88,10/16/2022,17:28:33,0.863,0.471
paleo,Paleo/Keto Pizza,italian,78.8,24.95,119.75,10/16/2022,17:28:40,3.158,0.208
paleo,Paleo Chicken Parma,italian,178.18,285.14,271.06,10/16/2022,17:28:40,0.625,1.052
paleo,Creamy Paleo Fudge,american,16.83,232.82,253.79,10/16/2022,17:28:40,0.072,0.917
paleo,Paleo Steak Diane,american,63.68,8.04,82.25,10/16/2022,17:28:40,7.92,0.098
paleo,"Slow Cooker Chicken Pot Pie (Gluten-Free, Dairy-Free) recipes",american,245.93,128.16,72.98,10/16/2022,17:28:40,1.919,1.756
paleo,Chicken Creole,american,83.36,39.13,45.01,10/16/2022,17:28:40,2.13,0.869
paleo,Paleo Lemon Cake,italian,14.61,187.9,38.98,10/16/2022,17:28:40,0.078,4.82
paleo,Paleo Shrimp Scampi,chinese,94.64,21.55,12.71,10/16/2022,17:28:40,4.392,1.696
paleo,Strawberry Paleo Galette,french,5.97,13.82,5.75,10/16/2022,17:28:40,0.432,2.403
paleo,Val's Paleo Ketchup,italian,10.16,83.67,1.52,10/16/2022,17:28:46,0.121,55.046
paleo,Deviled Eggs with Garlic and Parsley | Healthy Natural,french,40.66,7.92,76.44,10/16/2022,17:28:46,5.134,0.104
paleo,Paleo Spaghetti Carbonara,italian,80.93,46.8,198.95,10/16/2022,17:28:46,1.729,0.235
paleo,Paleo Chicken Veloute,american,258.98,696.3,234.84,10/16/2022,17:28:46,0.372,2.965
paleo,Paleo Chili recipes,american,292.46,96.19,138.73,10/16/2022,17:28:46,3.04,0.693
paleo,Paleo Zucchini Fritters,south east asian,18.02,39.43,10.15,10/16/2022,17:28:46,0.457,3.885
paleo,Paleo Taco Salad,mexican,96.83,93.25,232.5,10/16/2022,17:28:46,1.038,0.401
paleo,Paleo Beef Stew,american,234.83,145.29,51.71,10/16/2022,17:28:46,1.616,2.81
paleo,"Paleo Shrimp Linguini (Gluten Free, Grain Free, Paleo)",italian,43.06,33.92,55.64,10/16/2022,17:28:46,1.269,0.61
paleo,Paleo Salmon Croquette,nordic,41.97,40.54,51.19,10/16/2022,17:28:46,1.035,0.792
paleo,Paleo Berry Crumble,french,86.07,236.88,212.25,10/16/2022,17:28:46,0.363,1.116
paleo,Gluten-Free Buckwheat Blinis with All the Fixings recipes,eastern europe,38.05,140.05,129.25,10/16/2022,17:28:46,0.272,1.084
paleo,Paleo Pizza Crust,italian,53.81,81.55,122.71,10/16/2022,17:28:46,0.66,0.665
paleo,Paleo Antipasto Salad,italian,24.91,44.96,95.18,10/16/2022,17:28:46,0.554,0.472
paleo,Paleo Cowboy Chili,american,161.78,90.59,208.39,10/16/2022,17:28:46,1.786,0.435
paleo,Paleo Elk Chili,american,286.03,110.86,231.19,10/16/2022,17:28:53,2.58,0.48
paleo,Paleo Christmas Pudding,british,68.83,427.12,256.43,10/16/2022,17:28:53,0.161,1.666
paleo,Fudgy Paleo Brownies,french,53.12,237.39,247.94,10/16/2022,17:28:53,0.224,0.957
paleo,Paleo Stuffed Cabbage,middle eastern,229.77,232.27,217.06,10/16/2022,17:28:53,0.989,1.07
paleo,{Paleo} Broccoli Salad,american,23.77,43.62,96.87,10/16/2022,17:28:53,0.545,0.45
paleo,Paleo Gingerbread Cake,american,87.36,174.46,247.75,10/16/2022,17:28:53,0.501,0.704
paleo,Gluten Free Easy Herbed Chicken and Biscui,french,78.65,58.36,94.28,10/16/2022,17:28:53,1.348,0.619
paleo,Paleo Coffee Cake,american,81.97,94.52,200.18,10/16/2022,17:28:53,0.867,0.472
paleo,Paleo Blueberry Bars,american,92.97,1628.09,195.87,10/16/2022,17:28:53,0.057,8.312
paleo,Onion Bacon Rosemary Dip (with Dairy Free Option) recipes,american,22.71,47.18,208.94,10/16/2022,17:28:53,0.481,0.226
paleo,Paleo Watercress Soup,french,43.8,86.63,107.0,10/16/2022,17:28:53,0.506,0.81
paleo,Paleo Beef Stroganoff,eastern europe,109.57,33.41,183.38,10/16/2022,17:29:00,3.28,0.182
paleo,Harvest Stuffed Sweet Potatoes,american,12.23,186.71,24.24,10/16/2022,17:29:00,0.066,7.703
paleo,Paleo Seafood Chili,american,111.9,73.58,24.01,10/16/2022,17:29:00,1.521,3.065
paleo,Paleo Empanadas recipes,south american,100.52,258.19,107.18,10/16/2022,17:29:00,0.389,2.409
paleo,Paleo Blueberry Muffins,british,156.8,770.8,251.17,10/16/2022,17:29:00,0.203,3.069
paleo,Paleo banana muffins,american,71.16,171.09,198.55,10/16/2022,17:29:00,0.416,0.862
paleo,Blueberry Almond Chicken Salad,american,99.12,36.69,135.75,10/16/2022,17:29:00,2.702,0.27
paleo,Paleo Lettuce Wraps,american,108.99,45.41,90.71,10/16/2022,17:29:00,2.4,0.501
paleo,Paleo Crab Cakes,eastern europe,103.0,18.43,63.56,10/16/2022,17:29:00,5.589,0.29
paleo,Paleo Orange Chicken,french,97.53,54.15,60.35,10/16/2022,17:29:00,1.801,0.897
paleo,Paleo Popcorn Chicken,american,109.81,264.74,208.88,10/16/2022,17:29:00,0.415,1.267
paleo,Paleo Seafood Chowder,american,233.41,204.85,214.69,10/16/2022,17:29:00,1.139,0.954
paleo,Paleo Spicy Chili,american,194.54,99.84,119.95,10/16/2022,17:29:00,1.949,0.832
paleo,Paleo Ketchup recipes,italian,11.34,225.53,1.71,10/16/2022,17:29:00,0.05,131.889
paleo,Paleo sandwich bread,nordic,75.03,110.71,150.27,10/16/2022,17:29:07,0.678,0.737
paleo,Paleo Chicken Soup,american,240.89,79.86,89.39,10/16/2022,17:29:07,3.016,0.893
paleo,Paleo Tortillas recipes,mediterranean,25.82,82.77,77.45,10/16/2022,17:29:07,0.312,1.069
paleo,Paleo Fajita Meatza,mexican,284.13,139.22,256.16,10/16/2022,17:29:07,2.041,0.543
paleo,Paleo Pumpkin Blondies,american,64.63,236.43,169.61,10/16/2022,17:29:07,0.273,1.394
paleo,Paleo Cashew Chicken,mediterranean,108.97,137.78,144.37,10/16/2022,17:29:07,0.791,0.954
paleo,paleo stuffed peppers,italian,135.82,90.19,170.12,10/16/2022,17:29:07,1.506,0.53
paleo,Paleo Pizza Soup,italian,99.14,770.63,116.36,10/16/2022,17:29:07,0.129,6.623
paleo,Sweet Potato Salad recipes,south american,41.38,110.47,169.99,10/16/2022,17:29:07,0.375,0.65
paleo,Paleo Spaghetti Bake,italian,102.94,90.53,142.52,10/16/2022,17:29:07,1.137,0.635
paleo,Paleo Plantain Falafel,south american,14.12,87.17,14.09,10/16/2022,17:29:07,0.162,6.187
paleo,Paleo Tuna Burgers,american,120.05,17.93,85.49,10/16/2022,17:29:07,6.695,0.21
paleo,Paleo Chilli Bowl,italian,20.04,81.07,10.95,10/16/2022,17:29:07,0.247,7.404
paleo,Paleo Spaghetti recipes,italian,102.38,62.87,111.67,10/16/2022,17:29:07,1.628,0.563
paleo,Paleo Banana Bread,american,46.7,127.5,94.72,10/16/2022,17:29:07,0.366,1.346
paleo,No-Fail Paleo Mayo,mediterranean,5.47,1.61,220.1,10/16/2022,17:29:07,3.398,0.007
paleo,Paleo Moroccan Chicken,middle eastern,238.78,80.5,216.52,10/16/2022,17:29:13,2.966,0.372
paleo,Paleo Dump Soup,american,192.42,107.77,55.62,10/16/2022,17:29:13,1.785,1.938
paleo,PALEO CHICKEN NUGGETS,american,112.16,38.87,111.23,10/16/2022,17:29:13,2.886,0.349
paleo,Paleo Chili recipes,american,259.74,188.02,173.73,10/16/2022,17:29:13,1.381,1.082
paleo,Paleo Banana Bread,american,63.87,79.46,151.21,10/16/2022,17:29:13,0.804,0.525
paleo,Paleo Artichoke Bruschetta,mediterranean,14.74,50.52,54.99,10/16/2022,17:29:13,0.292,0.919
paleo,Paleo Pizza recipes,italian,95.14,122.74,168.95,10/16/2022,17:29:13,0.775,0.726
paleo,Paleo Seafood Gumbo,american,211.09,117.5,66.52,10/16/2022,17:29:13,1.797,1.766
paleo,Zesty Paleo Meatloaf,american,255.56,60.15,128.16,10/16/2022,17:29:13,4.249,0.469
paleo,Paleo Southwest Meatloaf,american,146.75,48.65,198.36,10/16/2022,17:29:13,3.016,0.245
paleo,5-Ingredient Low Carb Clam Chowder (Gluten-free) recipes,american,114.23,68.24,103.49,10/16/2022,17:29:13,1.674,0.659
paleo,Ropa Vieja Paleo,caribbean,165.47,187.81,89.37,10/16/2022,17:29:13,0.881,2.101
paleo,Paleo Pasta Bolognese,italian,162.8,223.06,125.13,10/16/2022,17:29:20,0.73,1.783
paleo,Cuban Vaca Frita recipes,caribbean,196.62,28.07,103.81,10/16/2022,17:29:20,7.005,0.27
paleo,Paleo Dirty Rice,caribbean,16.24,49.41,18.3,10/16/2022,17:29:20,0.329,2.7
paleo,Paleo Chicken Marsala,italian,329.35,110.0,248.22,10/16/2022,17:29:20,2.994,0.443
paleo,"Paleo Salmon Meal Prep Bowls (Paleo, AIP, Whole30)",nordic,266.24,71.73,204.75,10/16/2022,17:29:20,3.712,0.35
paleo,Honey Garlic Glazed Pork Chops recipes,american,113.13,126.15,46.69,10/16/2022,17:29:20,0.897,2.702
paleo,Paleo Profiteroles recipes,french,33.0,201.88,241.51,10/16/2022,17:29:20,0.163,0.836
paleo,paleo meatloaf with apples,american,95.89,31.49,39.27,10/16/2022,17:29:20,3.045,0.802
paleo,Paleo Vegetable Curry,south east asian,34.06,129.1,103.3,10/16/2022,17:29:20,0.264,1.25
paleo,Paleo Broccoli Slaw,italian,32.48,57.74,155.95,10/16/2022,17:29:20,0.563,0.37
paleo,Paleo Pizza recipes,italian,34.44,206.25,101.83,10/16/2022,17:29:20,0.167,2.025
paleo,Paleo Tuna Patties,american,121.47,55.66,73.88,10/16/2022,17:29:20,2.182,0.753
paleo,Bacon-Ranch Meatloaf recipes,american,188.15,36.64,270.76,10/16/2022,17:29:20,5.135,0.135
paleo,Paleo Caesar Salad,american,54.23,296.63,184.04,10/16/2022,17:29:20,0.183,1.612
paleo,PALEO LASAGNA SOUP,italian,213.64,480.19,167.62,10/16/2022,17:29:27,0.445,2.865
paleo,"Instant Pot Paleo Beef and Broccoli {Whole30, Paleo, GF}",nordic,192.22,71.34,126.24,10/16/2022,17:29:27,2.694,0.565
paleo,Lemon Herb Garlic Chicken,mediterranean,229.75,32.4,304.84,10/16/2022,17:29:27,7.091,0.106
paleo,Paleo Picadillo recipes,mediterranean,167.32,112.61,221.8,10/16/2022,17:29:27,1.486,0.508
paleo,"Tayste of Paleo, Paleo Brussel Sprout, Kale & Peach Salad",mediterranean,68.84,47.85,21.84,10/16/2022,17:29:27,1.439,2.191
paleo,Farmhouse Paleo Meatloaf,american,172.13,31.99,190.52,10/16/2022,17:29:27,5.381,0.168
paleo,Chicken Salad with Apples and Almonds recipes,american,240.46,40.33,201.22,10/16/2022,17:29:27,5.962,0.2
paleo,Creamy Pumpkin Sausage & Kale Soup recipes,american,107.08,92.09,76.81,10/16/2022,17:29:27,1.163,1.199
paleo,Paleo Chicken Casserole,italian,69.22,63.43,112.03,10/16/2022,17:29:27,1.091,0.566
paleo,Paleo Chili recipes,american,141.21,108.72,141.23,10/16/2022,17:29:27,1.299,0.77
paleo,100 Calorie Paleo Crepes,french,15.86,103.19,13.94,10/16/2022,17:29:27,0.154,7.402
paleo,Thai Green Curry Guacamole recipes,south east asian,14.23,100.98,68.13,10/16/2022,17:29:27,0.141,1.482
paleo,Paleo Enchiladas recipes,mexican,147.34,107.16,233.4,10/16/2022,17:29:27,1.375,0.459
paleo,Gluten-Free “Pho” Slow Cooker Pulled Pork Sandwiches,south east asian,360.56,239.96,323.42,10/16/2022,17:29:27,1.503,0.742
paleo,Paleo Stuffed Peppers,italian,166.76,254.78,178.21,10/16/2022,17:29:27,0.655,1.43
paleo,5 Minute Paleo Sorbet,italian,5.57,53.23,36.58,10/16/2022,17:29:34,0.105,1.455
paleo,Paleo Lamb Stew,mediterranean,160.18,61.01,224.54,10/16/2022,17:29:34,2.625,0.272
paleo,Paleo Pumpkin Chili,american,95.99,127.2,111.62,10/16/2022,17:29:34,0.755,1.14
paleo,April’s Spicy Pumpkin Soup,american,15.46,181.09,63.21,10/16/2022,17:29:34,0.085,2.865
paleo,Chicken Marbella recipes,mediterranean,185.47,111.73,130.32,10/16/2022,17:29:34,1.66,0.857
paleo,4 Ingredient Paleo Crêpes,french,15.37,56.89,83.58,10/16/2022,17:29:34,0.27,0.681
paleo,Hearty Paleo Chili,american,107.05,97.55,65.79,10/16/2022,17:29:34,1.097,1.483
paleo,Chocolate Paleo Chili,american,183.19,98.27,215.87,10/16/2022,17:29:34,1.864,0.455
paleo,Paleo Samosa recipes,mediterranean,50.45,292.24,104.86,10/16/2022,17:29:34,0.173,2.787
paleo,Spicy Salmon Cakes,nordic,111.33,1.41,90.55,10/16/2022,17:29:34,78.957,0.016
paleo,Paleo cherry ripe,french,68.86,567.7,328.48,10/16/2022,17:29:34,0.121,1.728
paleo,Paleo Italian Meatballs,italian,285.68,142.68,253.66,10/16/2022,17:29:34,2.002,0.562
paleo,Paleo Chipotle Chili,american,180.36,96.73,204.05,10/16/2022,17:29:34,1.865,0.474
paleo,BBQ Chicken Sweet Potato Skins recipes,american,119.62,218.24,135.41,10/16/2022,17:29:40,0.548,1.612
paleo,Paleo Vindaloo recipes,indian,321.93,336.61,105.04,10/16/2022,17:29:40,0.956,3.205
paleo,Paleo Chicken Mole,italian,97.24,71.3,142.43,10/16/2022,17:29:40,1.364,0.501
paleo,Dreamy Hasselback Apples recipes,american,11.22,80.87,53.86,10/16/2022,17:29:40,0.139,1.501
paleo,Paleo Hamburger Soup,american,140.59,254.11,63.22,10/16/2022,17:29:40,0.553,4.019
paleo,Paleo Jambalaya recipes,american,127.08,67.44,41.11,10/16/2022,17:29:40,1.884,1.64
paleo,Paleo Pad Thai,south east asian,66.62,69.34,59.48,10/16/2022,17:29:40,0.961,1.166
paleo,Paleo Orange Beef,mediterranean,219.95,316.31,165.19,10/16/2022,17:29:40,0.695,1.915
paleo,Paleo Mini Meatloaves,middle eastern,231.55,43.61,295.86,10/16/2022,17:29:40,5.31,0.147
paleo,Paleo Donuts recipes,american,56.41,169.52,179.66,10/16/2022,17:29:40,0.333,0.944
paleo,Paleo cauliflower crunch,nordic,58.01,44.33,67.81,10/16/2022,17:29:40,1.309,0.654
paleo,Paleo Coconut Walnut Squash,american,5.98,54.41,30.59,10/16/2022,17:29:40,0.11,1.779
paleo,Paleo Rolls recipes,french,50.08,227.02,94.75,10/16/2022,17:29:40,0.221,2.396
paleo,Paleo Hamburg and Squash,mediterranean,83.33,27.42,105.06,10/16/2022,17:29:40,3.039,0.261
paleo,Day 3 - Paleo Restart,american,18.67,124.0,91.33,10/16/2022,17:29:40,0.151,1.358
paleo,Instant Pot Sweet Potato Casserole,south american,39.73,349.82,167.44,10/16/2022,17:29:47,0.114,2.089
paleo,Paleo Chili recipes,american,341.92,141.14,392.34,10/16/2022,17:29:47,2.423,0.36
paleo,Paleo Pumpkin Pie,american,81.77,300.44,215.51,10/16/2022,17:29:47,0.272,1.394
paleo,Paleo Orange Beef,mediterranean,219.95,316.31,165.19,10/16/2022,17:29:47,0.695,1.915
paleo,"Seared Scallops with Sweet Corn Purée, Crumbled Bacon, and Tomato Chive Salsa",south american,48.76,94.38,52.89,10/16/2022,17:29:47,0.517,1.784
paleo,Paleo Antipasto Salad,italian,72.54,69.05,38.89,10/16/2022,17:29:47,1.051,1.776
paleo,Thai Mango Sweet Potato Salad,south east asian,7.93,75.25,27.61,10/16/2022,17:29:47,0.105,2.725
paleo,Pork Steaks recipes,french,464.85,89.22,445.73,10/16/2022,17:29:47,5.21,0.2
paleo,Oven Pork Steaks,mediterranean,464.85,89.22,445.73,10/16/2022,17:29:47,5.21,0.2
paleo,{Paleo} Beef Rendang,american,225.77,131.53,157.67,10/16/2022,17:29:47,1.716,0.834
paleo,Paleo Steak and Veggies,american,24.48,13.2,13.09,10/16/2022,17:29:47,1.855,1.008
paleo,Creamy Whole30 Potato Salad recipes,italian,68.76,203.71,207.16,10/16/2022,17:29:47,0.338,0.983
paleo,Paleo Beef Chili,american,115.08,137.47,81.33,10/16/2022,17:29:47,0.837,1.69
paleo,Sesame Pineapple Sausage Bites,chinese,5.68,124.15,18.27,10/16/2022,17:29:54,0.046,6.795
paleo,Paleo Shepherd’s Pie,american,183.04,127.54,299.75,10/16/2022,17:29:54,1.435,0.425
paleo,Whole 30 Zucchini Noodle Bake,asian,60.53,42.02,75.73,10/16/2022,17:29:54,1.441,0.555
paleo,The Best Paleo Buckeyes,american,13.78,186.0,111.81,10/16/2022,17:29:54,0.074,1.664
paleo,Gluten Free Chicken Marsala recipes,italian,265.87,68.02,60.11,10/16/2022,17:29:54,3.909,1.132
paleo,Creole Apple Turkey Burgers,american,119.33,32.54,45.24,10/16/2022,17:29:54,3.667,0.719
paleo,Smoky and Sweet Broccoli Chicken Salad recipes,american,85.42,84.28,124.61,10/16/2022,17:29:54,1.014,0.676
paleo,Slow-cooked Pork Roast recipes,american,298.94,44.15,117.59,10/16/2022,17:29:54,6.771,0.375
paleo,Creamy Cashew Thai Chicken with Cilantro Lime Cauliflower Rice,south east asian,151.09,115.62,95.11,10/16/2022,17:29:54,1.307,1.216
paleo,Paleo Meat Pockets from The Paleo Kids Cookbook recipes,american,88.91,182.92,186.11,10/16/2022,17:29:54,0.486,0.983
paleo,Paleo Eggrolls recipes,french,29.26,76.21,188.09,10/16/2022,17:29:54,0.384,0.405
paleo,Italian Primal Pizza with Free-Range Chicken,italian,62.29,93.97,67.14,10/16/2022,17:29:54,0.663,1.4
paleo,Paleo Swedish Meatballs,nordic,123.49,48.93,150.26,10/16/2022,17:29:54,2.524,0.326
paleo,Slow Cooker Red Pepper Paprika Chicken recipes,mediterranean,195.64,60.83,39.2,10/16/2022,17:29:54,3.216,1.552
paleo,Paleo Orange Chicken,french,234.69,98.07,97.05,10/16/2022,17:29:54,2.393,1.011
paleo,Paleo Apple Meatloaf,american,175.03,199.06,191.3,10/16/2022,17:29:54,0.879,1.041
paleo,Instant Pot Chicken Soup with Mushrooms and Kale,french,271.76,95.75,240.31,10/16/2022,17:30:01,2.838,0.398
paleo,Paleo Cassava Flour Tortillas,mexican,0.0,124.8,51.1,10/16/2022,17:30:01,0.0,2.442
paleo,Paleo Shepherd's Pie,american,103.98,191.55,131.64,10/16/2022,17:30:01,0.543,1.455
paleo,Healthy Turkey Meatloaf,american,105.48,55.14,41.85,10/16/2022,17:30:01,1.913,1.318
paleo,Grass-Fed Bison Stuffed Peppers,american,170.1,79.27,107.66,10/16/2022,17:30:01,2.146,0.736
paleo,Easy Salmon Tacos recipes,nordic,118.62,105.19,115.07,10/16/2022,17:30:01,1.128,0.914
paleo,"Paleo Shrimp Creole (Paleo, gluten-free roux) recipes",american,198.22,83.15,113.4,10/16/2022,17:30:01,2.384,0.733
paleo,Paleo Carrot Cake,french,120.47,462.74,758.62,10/16/2022,17:30:01,0.26,0.61
paleo,Beef Stroganoff recipes,eastern europe,109.57,33.41,183.38,10/16/2022,17:30:01,3.28,0.182
paleo,The Perfect Paleo Meatballs,french,91.01,61.2,101.35,10/16/2022,17:30:01,1.487,0.604
paleo,"Roasted Garlic Turnip Puree with Chorizo - Low Carb, Gluten Free",french,124.04,80.89,326.42,10/16/2022,17:30:01,1.533,0.248
paleo,Paleo Pad Thai,south east asian,132.06,82.17,223.93,10/16/2022,17:30:01,1.607,0.367
paleo,Brussels Sprout & Kale Slaw recipes,central europe,38.53,163.13,124.5,10/16/2022,17:30:07,0.236,1.31
paleo,Spaghetti Carbonara-Paleo Style,italian,45.08,47.92,167.43,10/16/2022,17:30:07,0.941,0.286
paleo,Paleo Chocolate Protein Truffles,american,29.5,12.09,17.69,10/16/2022,17:30:07,2.44,0.683
paleo,Paleo Pizza Crust #1,italian,31.08,121.36,58.78,10/16/2022,17:30:07,0.256,2.065
paleo,Avocado Cucumber Salad recipes,mediterranean,15.8,81.26,74.48,10/16/2022,17:30:07,0.194,1.091
paleo,Slow Cooker Pumpkin Salsa Shredded Beef,mexican,199.83,31.93,57.61,10/16/2022,17:30:07,6.258,0.554
paleo,Najib's Special Lebanese Cauliflower recipes,mediterranean,17.38,56.94,27.53,10/16/2022,17:30:07,0.305,2.068
paleo,PALEO HASH BROWNS recipes,south american,4.78,114.92,36.36,10/16/2022,17:30:07,0.042,3.161
paleo,Gluten Free Beef Bourguignon (Beef Burgundy) recipes,french,331.01,124.34,96.36,10/16/2022,17:30:07,2.662,1.29
paleo,Tomato Avocado Burgers (Low Carb and Gluten-Free) recipes,american,90.67,45.15,135.0,10/16/2022,17:30:07,2.008,0.334
paleo,Paleo Chocolate Protein Truffles,american,29.51,19.72,17.74,10/16/2022,17:30:07,1.496,1.112
paleo,Stuffed Pork Tenderloin recipes,american,197.23,51.76,48.64,10/16/2022,17:30:07,3.81,1.064
paleo,Easy Paleo Chicken Fajitas,mexican,55.21,41.5,49.55,10/16/2022,17:30:07,1.33,0.838
paleo,Paleo Prawn Cocktail recipes,american,69.5,10.88,82.21,10/16/2022,17:30:07,6.388,0.132
paleo,Easy Lemon Curd (paleo),french,15.41,94.7,15.33,10/16/2022,17:30:07,0.163,6.177
paleo,Grain Free Double Chocolate Banana Bread,american,73.61,224.75,186.62,10/16/2022,17:30:14,0.328,1.204
paleo,Clafoutis ~ The Paleo Mom,french,23.78,170.14,105.78,10/16/2022,17:30:14,0.14,1.608
paleo,Hawaiian Chicken Recipe,south east asian,153.03,132.16,79.17,10/16/2022,17:30:14,1.158,1.669
paleo,Creamy Artichoke Chicken recipes,mediterranean,294.34,167.48,152.06,10/16/2022,17:30:14,1.757,1.101
paleo,Fluffy Paleo Cauliflower Mash,american,16.37,41.77,25.39,10/16/2022,17:30:14,0.392,1.645
paleo,Paleo Shepard's Pie,american,187.09,160.46,263.51,10/16/2022,17:30:14,1.166,0.609
paleo,Paleo Coconut Lemon Cake,american,29.46,120.26,73.21,10/16/2022,17:30:14,0.245,1.643
paleo,"Best Keto & Paleo Tortillas, Taco Shells & Nachos recipes",mexican,57.32,98.71,161.51,10/16/2022,17:30:14,0.581,0.611
paleo,Homemade Paleo Protein Bars,american,88.19,289.27,122.03,10/16/2022,17:30:14,0.305,2.37
paleo,Paleo Spaghetti Squash Primavera,italian,16.53,88.52,32.47,10/16/2022,17:30:14,0.187,2.726
paleo,"Easiest Paleo ""Ice Cream""",american,6.07,82.98,25.25,10/16/2022,17:30:14,0.073,3.286
paleo,Paleo Chocolate Chip Scones,american,37.98,145.35,114.58,10/16/2022,17:30:14,0.261,1.269
paleo,Sriracha Ranch Cobb Salad recipes,american,117.7,21.91,154.52,10/16/2022,17:30:14,5.372,0.142
paleo,Paleo Garlic Mashed Cauliflower,mediterranean,11.29,29.24,47.61,10/16/2022,17:30:14,0.386,0.614
paleo,Spiced Vanilla Pumpkin Milk Steamer,american,21.95,105.25,20.23,10/16/2022,17:30:14,0.209,5.203
paleo,Delicious Paleo Chocolate Muffins,american,30.08,120.13,124.29,10/16/2022,17:30:14,0.25,0.967
paleo,Paleo Plantain Fries recipes,south american,4.65,114.17,29.32,10/16/2022,17:30:21,0.041,3.894
paleo,10 Paleo Lunch Ideas,italian,17.11,89.38,32.11,10/16/2022,17:30:21,0.191,2.784
paleo,Paleo Paella recipes,mediterranean,165.01,120.66,192.24,10/16/2022,17:30:21,1.368,0.628
paleo,Blueberry and macadamia yoghurt bark,french,24.89,74.19,67.42,10/16/2022,17:30:21,0.335,1.1
paleo,Baked Vanilla Paleo Donuts,american,40.41,91.57,140.95,10/16/2022,17:30:21,0.441,0.65
paleo,Paleo Cauliflower Rice recipes,mediterranean,16.4,43.41,29.44,10/16/2022,17:30:21,0.378,1.475
paleo,Homemade Paleo Chocolates recipes,french,12.69,108.27,172.4,10/16/2022,17:30:21,0.117,0.628
paleo,Chocolate Paleo Snack Cake,american,38.57,266.83,135.99,10/16/2022,17:30:21,0.145,1.962
paleo,Baked Keto Chicken Wings - Sweet & Spicy,south american,241.71,22.98,252.73,10/16/2022,17:30:21,10.518,0.091
paleo,The Best Paleo Ketchup,italian,18.58,96.02,16.04,10/16/2022,17:30:21,0.194,5.986
paleo,Paleo Power Baked Cauliflower,american,20.54,52.74,73.87,10/16/2022,17:30:21,0.389,0.714
paleo,PALEO CHICKEN FINGERS recipes,italian,70.92,198.74,61.64,10/16/2022,17:30:21,0.357,3.224
paleo,Zucchini Noodles with Shrimp,asian,103.79,39.61,46.35,10/16/2022,17:30:21,2.62,0.855
paleo,Paleo Plantain Fries (Whole30),south american,4.65,114.17,29.32,10/16/2022,17:30:28,0.041,3.894
paleo,Paleo Peach Cobbler recipes,british,18.73,161.9,29.61,10/16/2022,17:30:28,0.116,5.468
paleo,Paleo Chick-fil-A,american,102.57,17.37,139.06,10/16/2022,17:30:28,5.905,0.125
paleo,Bean-Free Paleo Chili,american,168.33,61.1,198.81,10/16/2022,17:30:28,2.755,0.307
paleo,Paleo Fried Plantains recipes,south american,4.76,116.26,14.96,10/16/2022,17:30:28,0.041,7.771
paleo,Paleo Strawberry Creamsicles recipes,french,8.94,36.01,90.47,10/16/2022,17:30:28,0.248,0.398
paleo,Easy Paleo Cauliflower Rice,mediterranean,10.69,28.78,15.58,10/16/2022,17:30:28,0.371,1.847
paleo,Pupusas - taco style Paleo,mexican,4.58,16.68,4.1,10/16/2022,17:30:28,0.275,4.068
paleo,The Best Paleo Snickerdoodles,french,45.91,155.32,113.15,10/16/2022,17:30:28,0.296,1.373
paleo,One Pan Lemon Garlic Chicken and Asparagus recipes,british,100.0,121.41,109.85,10/16/2022,17:30:28,0.824,1.105
paleo,Paleo Banana Egg rolls,american,43.42,352.63,38.01,10/16/2022,17:30:28,0.123,9.277
paleo,Garlic Shrimp with Zucchini Noodles,asian,128.54,498.9,42.12,10/16/2022,17:30:28,0.258,11.845
paleo,Paleo BBQ Chicken recipes,american,149.29,40.41,145.3,10/16/2022,17:30:28,3.694,0.278
paleo,Paleo Chicken Taco Burger,mexican,294.48,74.04,212.66,10/16/2022,17:30:28,3.977,0.348
paleo,Perfect Paleo Ice Cream,italian,24.81,74.45,123.19,10/16/2022,17:30:34,0.333,0.604
paleo,Paleo Mushroom Leek Frittata,italian,87.05,26.49,73.66,10/16/2022,17:30:34,3.286,0.36
paleo,Paleo Sweet Potato Mousse,french,9.45,123.59,22.28,10/16/2022,17:30:34,0.076,5.547
paleo,Paleo Apple Pie Nachos,nordic,14.47,124.98,69.95,10/16/2022,17:30:34,0.116,1.787
paleo,Paleo Mini Egg Cakes,american,43.83,13.43,72.69,10/16/2022,17:30:34,3.264,0.185
paleo,Quick Shrimp Scampi with Squash Noodles recipes,asian,108.12,51.58,79.72,10/16/2022,17:30:34,2.096,0.647
paleo,Crab Stuffed Mushrooms recipes,american,32.53,14.87,64.25,10/16/2022,17:30:34,2.188,0.231
paleo,Crab-Stuffed Avocados (Paleo),mediterranean,39.34,38.27,74.0,10/16/2022,17:30:34,1.028,0.517
paleo,Paleo Banana & Blueberry Muffins,american,60.55,303.43,137.4,10/16/2022,17:30:34,0.2,2.208
paleo,Paleo Avocado Tuna Salad,mexican,32.45,24.27,31.05,10/16/2022,17:30:34,1.337,0.782
paleo,Paleo Blueberry Bread Pudding,british,57.43,176.46,103.41,10/16/2022,17:30:34,0.325,1.706
paleo,Paleo Pumpkin Caramels recipes,american,4.22,115.7,116.49,10/16/2022,17:30:34,0.036,0.993
paleo,Spiced Paleo Apple Dip,american,24.53,175.16,109.81,10/16/2022,17:30:41,0.14,1.595
paleo,Paleo Salted Caramel Dip,american,0.67,35.58,26.24,10/16/2022,17:30:41,0.019,1.356
paleo,Paleo Peppermint Ice Cream,italian,6.9,36.42,72.59,10/16/2022,17:30:41,0.189,0.502
paleo,Greek Orange Salad with Fresh Mint recipes,mediterranean,5.97,96.51,59.3,10/16/2022,17:30:41,0.062,1.627
paleo,Paleo Sweet Potato Casserole,italian,49.47,291.72,151.36,10/16/2022,17:30:41,0.17,1.927
paleo,Vegan Paleo Chocolate Mousse,american,16.72,192.81,79.34,10/16/2022,17:30:41,0.087,2.43
paleo,Crispy Paleo Plantain Chips,south american,2.55,58.61,55.34,10/16/2022,17:30:48,0.044,1.059
paleo,Paleo Sweet Potato Waffles,american,23.49,39.24,18.88,10/16/2022,17:30:48,0.599,2.078
paleo,Honey Roasted Carrots (Paleo),american,4.44,61.71,21.39,10/16/2022,17:30:48,0.072,2.885
paleo,Paleo Gingerbread Mini Donuts,american,8.57,298.18,74.54,10/16/2022,17:30:48,0.029,4.0
paleo,Homemade Paleo Nutella recipes,french,30.36,148.62,175.53,10/16/2022,17:30:48,0.204,0.847
paleo,'Croodité' Paleo Basil Dip,american,6.35,7.27,127.41,10/16/2022,17:30:48,0.873,0.057
paleo,Paleo Cumin Cauliflower Rice,indian,24.31,99.2,26.28,10/16/2022,17:30:48,0.245,3.775
paleo,Cherry Garcia Paleo Milkshake with DIY Paleo Magic Hardshell recipes,american,5.57,59.44,21.59,10/16/2022,17:30:48,0.094,2.753
paleo,German Tomato Salad (Tomatensalat) recipes,central europe,7.25,38.69,42.06,10/16/2022,17:30:48,0.187,0.92
paleo,Low Carb Paleo Biscuits,american,61.56,45.53,181.46,10/16/2022,17:30:48,1.352,0.251
paleo,Paleo Pineapple & Beef Tacos,mexican,90.52,119.93,96.46,10/16/2022,17:30:48,0.755,1.243
paleo,Paleo Bison Burger recipes,american,92.2,35.47,102.26,10/16/2022,17:30:55,2.599,0.347
paleo,(Nut-Free) Basil Pesto recipes,italian,30.12,22.06,103.28,10/16/2022,17:30:55,1.365,0.214
paleo,Crockpot Paleo Apple Butter,american,6.53,347.37,4.66,10/16/2022,17:30:55,0.019,74.543
paleo,Gluten Free Easy Herbed Chicken and Biscuit Bake recipes,eastern europe,110.29,58.36,119.9,10/16/2022,17:30:55,1.89,0.487
paleo,Apricot Jalapeno Paleo Jam,british,18.08,213.75,5.09,10/16/2022,17:30:55,0.085,41.994
paleo,Paleo Egg Drop Soup,chinese,56.95,69.25,60.75,10/16/2022,17:30:55,0.822,1.14
paleo,Paleo Chocolate Almond Bark,french,34.16,153.55,57.23,10/16/2022,17:30:55,0.222,2.683
paleo,Paleo Berry Compote or Cobbler,french,17.31,63.01,53.15,10/16/2022,17:30:55,0.275,1.186
paleo,Paleo Lemon Curd recipes,french,19.67,103.25,96.17,10/16/2022,17:30:55,0.191,1.074
paleo,Paleo Candy Apple Wedges,french,7.85,80.52,52.89,10/16/2022,17:30:55,0.097,1.522
paleo,Paleo Cashew Cream Cheese,american,32.86,55.49,78.97,10/16/2022,17:30:55,0.592,0.703
paleo,Paleo 7-Layer Dip,mexican,133.18,76.45,179.73,10/16/2022,17:30:55,1.742,0.425
paleo,Paleo Spaghetti Squash Noodles,asian,8.45,64.39,59.9,10/16/2022,17:30:55,0.131,1.075
paleo,Paleo Pureed Cauliflower recipes,american,12.05,31.38,45.55,10/16/2022,17:31:04,0.384,0.689
paleo,Paleo Caramel Date Slice,french,83.93,245.88,331.29,10/16/2022,17:31:04,0.341,0.742
paleo,Paleo Baked Fries recipes,american,13.74,118.86,28.61,10/16/2022,17:31:04,0.116,4.154
paleo,Paleo Cassava Flour Tortillas,mexican,0.0,224.64,81.0,10/16/2022,17:31:04,0.0,2.773
paleo,Sweet Potato Hash recipes,american,27.89,64.1,66.82,10/16/2022,17:31:04,0.435,0.959
paleo,Paleo Greek Roasted Lamb,mediterranean,115.42,15.53,1305.07,10/16/2022,17:31:04,7.432,0.012
paleo,Paleo Curry Leeks recipes,indian,5.61,47.41,12.98,10/16/2022,17:31:04,0.118,3.653
paleo,Paleo Banana & Blueberry Muffins,american,64.16,260.81,146.33,10/16/2022,17:31:04,0.246,1.782
paleo,Paleo Pecan Tart Crust,american,20.15,24.96,111.99,10/16/2022,17:31:04,0.807,0.223
paleo,Paleo Ginger Snaps recipes,italian,50.38,109.88,112.1,10/16/2022,17:31:04,0.459,0.98
paleo,Coconut-Crusted Tilapia - Paleo,mediterranean,118.32,42.58,75.47,10/16/2022,17:31:11,2.779,0.564
paleo,"Amazing Paleo Pizza Crust - vegan, autoimmune paleo & cauliflower free recipes",italian,8.28,167.87,33.64,10/16/2022,17:31:11,0.049,4.99
paleo,"Paleo Slow Cooker Apple Honey Chicken Drumsticks Recipe [Paleo, AIP]",american,181.88,94.85,92.71,10/16/2022,17:31:11,1.918,1.023
paleo,Paleo Coconut Shrimp recipes,mediterranean,159.33,41.29,134.16,10/16/2022,17:31:11,3.859,0.308
paleo,Paleo Shepherd’s Pie,american,124.01,230.07,181.24,10/16/2022,17:31:11,0.539,1.269
paleo,"Paleo Apple Crisp (Paleo, GF, Vegan + Refined Sugar-Free) recipes",american,31.89,298.07,109.02,10/16/2022,17:31:11,0.107,2.734
paleo,Paleo Peach Frangipane Muffins,french,60.35,140.67,201.48,10/16/2022,17:31:11,0.429,0.698
paleo,Paleo green bean recipe,american,15.37,18.31,35.08,10/16/2022,17:31:11,0.839,0.522
paleo,Paleo Mango Cake recipes,american,64.28,108.36,46.38,10/16/2022,17:31:11,0.593,2.336
paleo,Paleo Sweet Potato Soup,american,27.29,156.45,7.57,10/16/2022,17:31:11,0.174,20.667
paleo,Paleo Crispy Noodles recipes,asian,2.7,33.62,40.93,10/16/2022,17:31:11,0.08,0.821
paleo,Herb Paleo Cauliflower Mash,french,29.89,99.19,552.98,10/16/2022,17:31:18,0.301,0.179
paleo,Decadent Paleo Custard recipes,american,30.45,51.96,106.8,10/16/2022,17:31:18,0.586,0.487
paleo,Paleo Shepherd's Pie,american,197.56,123.66,253.41,10/16/2022,17:31:18,1.598,0.488
paleo,Paleo Berry Crumble Bars,french,3.4,206.17,1.6,10/16/2022,17:31:18,0.016,128.856
paleo,Paleo + Vegan Chocolate Frosting,american,24.97,280.27,162.7,10/16/2022,17:31:18,0.089,1.723
paleo,Sunday Slow Cooker: Thai Curry Ground Beef recipes,south east asian,104.82,34.94,32.89,10/16/2022,17:31:18,3.0,1.062
paleo,Paleo Chicken Nuggets recipes,american,211.64,47.69,100.54,10/16/2022,17:31:18,4.438,0.474
paleo,Paleo Bacon-Wrapped Cauliflower,american,70.23,224.84,424.27,10/16/2022,17:31:18,0.312,0.53
paleo,Green Eggs and Bacon,american,28.37,13.96,101.73,10/16/2022,17:31:18,2.032,0.137
paleo,Kitchen Sink Paleo Lunch,american,94.21,25.93,36.16,10/16/2022,17:31:18,3.633,0.717
paleo,Herb Paleo Cauliflower Mash,french,29.89,99.19,552.98,10/16/2022,17:31:24,0.301,0.179
paleo,Decadent Paleo Custard recipes,american,30.45,51.96,106.8,10/16/2022,17:31:24,0.586,0.487
paleo,Paleo Shepherd's Pie,american,197.56,123.66,253.41,10/16/2022,17:31:24,1.598,0.488
paleo,Paleo Berry Crumble Bars,french,3.4,206.17,1.6,10/16/2022,17:31:24,0.016,128.856
paleo,Paleo + Vegan Chocolate Frosting,american,24.97,280.27,162.7,10/16/2022,17:31:24,0.089,1.723
paleo,Sunday Slow Cooker: Thai Curry Ground Beef recipes,south east asian,104.82,34.94,32.89,10/16/2022,17:31:24,3.0,1.062
paleo,Paleo Chicken Nuggets recipes,american,211.64,47.69,100.54,10/16/2022,17:31:24,4.438,0.474
paleo,Paleo Bacon-Wrapped Cauliflower,american,70.23,224.84,424.27,10/16/2022,17:31:24,0.312,0.53
paleo,Green Eggs and Bacon,american,28.37,13.96,101.73,10/16/2022,17:31:24,2.032,0.137
paleo,Kitchen Sink Paleo Lunch,american,94.21,25.93,36.16,10/16/2022,17:31:24,3.633,0.717
vegan,Spiked Vegan Eggnog,american,46.36,84.52,42.61,10/16/2022,20:02:29,0.549,1.984
vegan,Vegan Cucumber Tea Sandwiches,american,41.73,143.91,73.88,10/16/2022,20:02:29,0.29,1.948
vegan,Vegan Broccoli Soup Recipe,american,103.83,82.54,139.3,10/16/2022,20:02:29,1.258,0.593
vegan,Baked Vegan Mac and Cheese Recipe,american,140.19,524.38,221.29,10/16/2022,20:02:29,0.267,2.37
vegan,Vegan Nachos,american,73.05,266.38,166.64,10/16/2022,20:02:29,0.274,1.599
vegan,The Best Vegan Breakfast Sandwich,american,143.13,208.42,189.86,10/16/2022,20:02:29,0.687,1.098
vegan,{Vegan} Peanut Butter & Honey Muffins recipes,american,29.53,168.46,59.83,10/16/2022,20:02:29,0.175,2.816
vegan,Vegan Pots de Crème,american,45.25,106.45,98.01,10/16/2022,20:02:29,0.425,1.086
vegan,Vegan tiffin,american,60.38,272.18,287.22,10/16/2022,20:02:29,0.222,0.948
vegan,Vegan Stovetop Lasagna,american,124.77,512.21,147.15,10/16/2022,20:02:29,0.244,3.481
vegan,Vegan Italian Cold Cut Sandwich,american,54.22,143.1,81.73,10/16/2022,20:02:29,0.379,1.751
vegan,Vegan Chocolate Pie,american,71.19,428.01,248.98,10/16/2022,20:02:29,0.166,1.719
vegan,Vegan Mushroom Tea Sandwiches,american,36.74,127.18,60.04,10/16/2022,20:02:29,0.289,2.118
vegan,Vegan Chicken Nuggets,american,119.69,80.59,33.4,10/16/2022,20:02:29,1.485,2.413
vegan,Creamy Vegan Butternut Squash Mac And Cheese,american,132.14,453.36,72.61,10/16/2022,20:02:35,0.291,6.244
vegan,Vegan Candied Almonds,american,120.98,530.66,289.27,10/16/2022,20:02:35,0.228,1.834
vegan,Vegan Cinnamon Rolls Recipe,american,62.84,884.18,321.47,10/16/2022,20:02:35,0.071,2.75
vegan,"Classic American Fare, Now In Vegan! recipes",american,103.83,82.54,139.3,10/16/2022,20:02:35,1.258,0.593
vegan,Simple Vegan Tofu Lasagna,asian,129.45,317.99,86.68,10/16/2022,20:02:35,0.407,3.669
vegan,Vegan Stroganoff recipes,american,52.69,40.66,37.09,10/16/2022,20:02:35,1.296,1.096
vegan,Vegan Meatballs,american,61.47,269.97,68.85,10/16/2022,20:02:35,0.228,3.921
vegan,Vegan Pie Crust,american,14.53,107.31,78.16,10/16/2022,20:02:35,0.135,1.373
vegan,Vegan Sesame Strugglaire’s Shortbread,american,55.94,468.46,400.53,10/16/2022,20:02:35,0.119,1.17
vegan,Vegan Chocolate Frosting recipes,american,33.03,663.3,541.54,10/16/2022,20:02:35,0.05,1.225
vegan,Vegan Lasagna,american,144.17,284.74,54.78,10/16/2022,20:02:35,0.506,5.198
vegan,"The Best ""Beefy"" Vegan Burgers",american,86.16,548.23,129.69,10/16/2022,20:02:35,0.157,4.227
vegan,Vegan Chocolate Peanut Butter Cups recipes,american,66.4,239.64,284.24,10/16/2022,20:02:35,0.277,0.843
vegan,Vegan Pumpkin Pie,american,42.83,344.63,121.93,10/16/2022,20:02:42,0.124,2.826
vegan,Vegan Scallops,american,31.9,66.68,13.49,10/16/2022,20:02:42,0.478,4.943
vegan,Vegan Caesar Salad Dressing,american,28.01,37.29,67.87,10/16/2022,20:02:42,0.751,0.549
vegan,Vegan (Or Not) Peach Creamsicle Sherbet,american,55.03,439.96,52.51,10/16/2022,20:02:42,0.125,8.379
vegan,Vegan pizza Margherita,italian,113.8,391.09,97.24,10/16/2022,20:02:42,0.291,4.022
vegan,Vegan Classic Cheesecake,american,105.08,635.06,243.29,10/16/2022,20:02:42,0.165,2.61
vegan,Vegan Chocolate-Dipped Frozen Banana Bites,american,29.04,178.5,73.99,10/16/2022,20:02:42,0.163,2.412
vegan,Vegan brownies,french,56.1,486.28,195.65,10/16/2022,20:02:42,0.115,2.485
vegan,Vegan Spinach and Mushroom Lasagna,american,161.61,304.45,175.45,10/16/2022,20:02:42,0.531,1.735
vegan,Vegan Pumpkin Pull-Apart Loaf,american,55.62,662.7,93.64,10/16/2022,20:02:42,0.084,7.077
vegan,Vegan Potato Salad,american,20.77,129.36,26.85,10/16/2022,20:02:42,0.161,4.818
vegan,Vegan white pizza,american,74.83,374.84,36.75,10/16/2022,20:02:42,0.2,10.2
vegan,Vegan Macaroni Salad,american,42.07,170.89,42.08,10/16/2022,20:02:42,0.246,4.061
vegan,Asparagus and Arugula Pizza with Vegan Pesto,italian,24.25,80.63,40.53,10/16/2022,20:02:42,0.301,1.989
vegan,Vegan Eton mess,american,46.27,297.82,26.19,10/16/2022,20:02:42,0.155,11.372
vegan,Vegan Cornbread Stuffing,american,64.42,421.16,91.7,10/16/2022,20:02:42,0.153,4.593
vegan,Vegan potato salad,american,21.37,121.44,48.19,10/16/2022,20:02:42,0.176,2.52
vegan,Vegan French Onion Dip,american,57.38,134.68,188.77,10/16/2022,20:02:42,0.426,0.713
vegan,Vegan Jambalaya,american,49.54,220.02,59.7,10/16/2022,20:02:42,0.225,3.685
vegan,Vegan Meyer Lemon Poppyseed Shortbread,american,37.78,425.18,271.62,10/16/2022,20:02:49,0.089,1.565
vegan,Vegan bolognese,american,80.8,335.2,27.94,10/16/2022,20:02:49,0.241,11.997
vegan,Vegan Creamy Coleslaw,american,6.76,40.99,68.13,10/16/2022,20:02:49,0.165,0.602
vegan,Vegan chocolate ice cream,american,34.96,284.85,220.65,10/16/2022,20:02:49,0.123,1.291
vegan,Vegan Ginger Sticky Date Pudding & Cardamom Toffee,british,43.95,859.11,287.58,10/16/2022,20:02:49,0.051,2.987
vegan,‘Cheesy’ vegan scones,american,68.49,279.16,49.72,10/16/2022,20:02:49,0.245,5.615
vegan,Vegan Mushroom Stroganoff,american,50.67,221.8,68.92,10/16/2022,20:02:49,0.228,3.218
vegan,Vegan Fig Galette,american,52.72,880.99,346.35,10/16/2022,20:02:49,0.06,2.544
vegan,Vegan fry-up,american,100.27,167.06,279.46,10/16/2022,20:02:49,0.6,0.598
vegan,Traditional Vegan Caesar Salad,american,46.34,126.68,66.66,10/16/2022,20:02:49,0.366,1.9
vegan,Vegan Mushroom Bolognese,american,57.26,229.43,36.96,10/16/2022,20:02:49,0.25,6.208
vegan,Vegan White Peach Mug Cobbler With Cardamom,american,5.51,70.81,16.13,10/16/2022,20:02:49,0.078,4.39
vegan,Easy vegan tacos,american,26.13,153.72,15.67,10/16/2022,20:02:49,0.17,9.81
vegan,Gluten-Free Walnut & Portobello Mushroom Vegan Burgers,american,34.55,97.14,30.74,10/16/2022,20:02:49,0.356,3.16
vegan,Vegan Cauliflower Alfredo Bake,american,114.36,389.31,28.11,10/16/2022,20:02:49,0.294,13.85
vegan,Zesty Italian Vegan Meatballs,american,55.19,100.02,66.46,10/16/2022,20:02:49,0.552,1.505
vegan,Vegan lasagne,american,169.83,604.54,100.68,10/16/2022,20:02:56,0.281,6.005
vegan,Gluten-Free Walnut & Portobello Mushroom Vegan Burgers,american,37.37,99.68,42.81,10/16/2022,20:02:56,0.375,2.328
vegan,Carrot Cake With Vegan Cream Cheese Frosting,american,74.47,1032.32,465.91,10/16/2022,20:02:56,0.072,2.216
vegan,Vegan Pizza,american,35.92,223.73,71.83,10/16/2022,20:02:56,0.161,3.115
vegan,Vegan moussaka,american,129.49,548.31,119.91,10/16/2022,20:02:56,0.236,4.573
vegan,Vegan Sushi Burger,japanese,24.23,198.01,32.0,10/16/2022,20:02:56,0.122,6.188
vegan,Vegan Brownies recipes,french,35.2,405.49,129.47,10/16/2022,20:02:56,0.087,3.132
vegan,Beefless Vegan Tacos,american,57.67,132.69,72.92,10/16/2022,20:02:56,0.435,1.82
vegan,Vegan Chocolate and Raspberry Panna Cotta,american,33.99,158.29,73.24,10/16/2022,20:02:56,0.215,2.161
vegan,Vegan Pav-Bhaji,american,17.71,99.41,32.22,10/16/2022,20:02:56,0.178,3.085
vegan,Vegan toffee apple upside-down cake,american,33.97,422.06,151.76,10/16/2022,20:02:56,0.08,2.781
vegan,Vegan BLATs (BLTs with Avocado),american,41.62,119.38,71.62,10/16/2022,20:02:56,0.349,1.667
vegan,Vegan rhubarb & custard bake,american,39.49,531.36,211.22,10/16/2022,20:02:56,0.074,2.516
vegan,Vegan Pasta Pie,american,71.56,310.5,39.6,10/16/2022,20:02:56,0.23,7.841
vegan,Vegan Eggplant Parmesan,american,53.02,221.99,68.26,10/16/2022,20:02:56,0.239,3.252
vegan,Vegan Creme Brulee Buttermilk Cupcakes,american,41.75,1133.7,415.07,10/16/2022,20:02:56,0.037,2.731
vegan,Bean and Potato Vegan Enchiladas recipes,american,65.85,324.88,152.74,10/16/2022,20:03:03,0.203,2.127
vegan,Vegan Blueberry Pie,american,27.46,448.09,131.15,10/16/2022,20:03:03,0.061,3.417
vegan,Cinnamon Sugar Vegan Donuts,american,14.41,411.22,64.83,10/16/2022,20:03:03,0.035,6.343
vegan,Vegan pie,american,102.33,552.11,240.21,10/16/2022,20:03:03,0.185,2.298
vegan,The best gluten-free vegan pesto pasta,american,227.6,502.31,462.82,10/16/2022,20:03:03,0.453,1.085
vegan,Spicy Thai Vegan Burger,south east asian,80.51,190.71,52.97,10/16/2022,20:03:03,0.422,3.6
vegan,Vegan Kale And Leek Bake recipes,american,40.32,217.22,141.53,10/16/2022,20:03:03,0.186,1.535
vegan,Vegan Quinoa Lentil Curry Burger,american,40.15,136.6,18.22,10/16/2022,20:03:03,0.294,7.497
vegan,Vegan Chocolate Cheesecake,american,107.55,859.49,382.54,10/16/2022,20:03:03,0.125,2.247
vegan,Vegan Cauliflower Buffalo Wings,american,52.39,263.63,47.66,10/16/2022,20:03:03,0.199,5.531
vegan,Vegan Mac and Cheese recipes,american,166.81,444.38,25.66,10/16/2022,20:03:03,0.375,17.318
vegan,Vegan Shepherd's Pie,american,106.76,425.81,101.91,10/16/2022,20:03:03,0.251,4.178
vegan,Vegan Lemon Vanilla Cupcakes with Lemon Buttercream Frosting,american,27.77,619.26,207.28,10/16/2022,20:03:03,0.045,2.988
vegan,Vegan Chocolate Cheesecake,american,98.03,714.56,314.5,10/16/2022,20:03:03,0.137,2.272
vegan,Spicy Thai Vegan Burger,american,80.51,190.71,52.97,10/16/2022,20:03:03,0.422,3.6
vegan,Vegan Sweet Potato Biscuits,american,54.63,448.19,138.11,10/16/2022,20:03:03,0.122,3.245
vegan,Vegan Banana Chocolate Chip Muffins,american,36.93,418.54,106.0,10/16/2022,20:03:03,0.088,3.948
vegan,Vegan Thai green curry,south east asian,43.56,247.53,57.67,10/16/2022,20:03:10,0.176,4.292
vegan,Vegan Black Bean Burgers,american,70.79,256.3,113.3,10/16/2022,20:03:10,0.276,2.262
vegan,Vegan Cream Of Broccoli Soup,american,75.06,161.94,111.21,10/16/2022,20:03:10,0.464,1.456
vegan,Vegan Lentil Burgers,american,84.93,331.31,43.1,10/16/2022,20:03:10,0.256,7.687
vegan,Vegan Sweet Potato & Pear Soup,american,11.66,164.77,28.96,10/16/2022,20:03:10,0.071,5.69
vegan,Classic Vegan Date Bars,american,70.29,1101.77,331.04,10/16/2022,20:03:10,0.064,3.328
vegan,Gluten-Free Vegan Creole Jalapeno Hush Puppies,american,37.11,384.44,135.66,10/16/2022,20:03:10,0.097,2.834
vegan,Vegan Cream Of Mushroom Soup With Not So Vegan Herb Bread,american,71.33,222.41,121.53,10/16/2022,20:03:10,0.321,1.83
vegan,Ian's Vegan Chili,american,155.27,571.66,106.53,10/16/2022,20:03:10,0.272,5.366
vegan,EASY VEGAN COCONUT CURRY NOODLE BOWLS,asian,24.54,181.37,107.56,10/16/2022,20:03:10,0.135,1.686
vegan,"Vegan ""B.L.A.T.""s: Lettuce, Tomato, Avocado, and Crispy Smoked Mushroom Sandwiches Recipe",american,20.82,77.06,45.26,10/16/2022,20:03:10,0.27,1.703
vegan,Vegan Chickpea Crab Cakes,american,81.59,304.48,221.1,10/16/2022,20:03:10,0.268,1.377
vegan,No-churn Vegan Peanut Butter Chocolate Chip Ice Cream recipes,american,95.88,416.83,477.74,10/16/2022,20:03:17,0.23,0.873
vegan,Fully Loaded Vegan Baked Potato Soup Recipe,american,59.15,222.48,150.25,10/16/2022,20:03:17,0.266,1.481
vegan,"Vegan Sausage, Kale and Cauliflower Potpie",american,149.81,395.9,150.42,10/16/2022,20:03:17,0.378,2.632
vegan,Vegan Misir Wot Pierogi,central europe,168.87,870.67,50.77,10/16/2022,20:03:17,0.194,17.149
vegan,You Won't Believe it's Vegan Pumpkin Pie,american,36.0,304.6,92.59,10/16/2022,20:03:17,0.118,3.29
vegan,Vegan Lasagna alla Bolognese Recipe,italian,72.92,373.65,54.98,10/16/2022,20:03:17,0.195,6.796
vegan,Vegan and Gluten-Free Fruit and Almond Shortbread Bars,american,31.11,463.9,275.34,10/16/2022,20:03:17,0.067,1.685
vegan,Vegan Spiced Pumpkin Pie Glo Bites,american,38.34,243.38,68.53,10/16/2022,20:03:17,0.158,3.551
vegan,Black-Bottom Peanut Butter Freezer Pie,american,94.34,522.29,354.72,10/16/2022,20:03:17,0.181,1.472
vegan,Vegan Shepherd's Pie,american,98.26,498.68,200.96,10/16/2022,20:03:17,0.197,2.481
vegan,Vegan Italian Roasted Eggplant Bisque,american,22.05,79.91,36.02,10/16/2022,20:03:17,0.276,2.218
vegan,"Bacon Ranch Salad, Now In Vegan Form!",american,37.9,51.12,156.63,10/16/2022,20:03:17,0.741,0.326
vegan,Chef Chloe's Best-Ever Vegan Baked Macaroni and Cheese,american,133.22,511.08,63.01,10/16/2022,20:03:17,0.261,8.111
vegan,GRAIN FREE + VEGAN LIME PIE BARS,american,24.81,143.11,186.7,10/16/2022,20:03:17,0.173,0.767
vegan,Vegan Cream of Mushroom Soup With Crispy Shiitake Chips Recipe,american,38.03,122.84,130.18,10/16/2022,20:03:17,0.31,0.944
vegan,Chocolate Chip Cake with Buttercream Icing (Vegan),american,50.97,1002.35,676.53,10/16/2022,20:03:17,0.051,1.482
vegan,Mushroom and Pea Tart (vegan friendly),american,73.9,378.91,130.61,10/16/2022,20:03:23,0.195,2.901
vegan,Can't-Believe-It's-Vegan Chili,american,214.61,484.66,105.34,10/16/2022,20:03:23,0.443,4.601
vegan,This Ain’t Grandma’s Sweet Potato Casserole (Vegan) recipes,american,26.46,323.89,132.46,10/16/2022,20:03:23,0.082,2.445
vegan,Tomato and basil bruschetta (for vegans and non vegans alike),american,25.17,97.93,57.09,10/16/2022,20:03:23,0.257,1.715
vegan,Heirloom Tomato BLTs recipes,american,259.09,789.39,168.65,10/16/2022,20:03:23,0.328,4.681
vegan,"Instant Pot Buffalo Sweet Potato Soup {Vegan, Whole30, Paleo, Gluten-Free}",american,14.26,79.07,109.53,10/16/2022,20:03:23,0.18,0.722
vegan,Itty Bitty Herbed Garlic Pumpkin Knots With Vegan Parmesan Cheese,american,23.25,124.6,45.81,10/16/2022,20:03:23,0.187,2.72
vegan,Vegan Chocolate-Covered Digestive Biscuits Recipe,american,37.68,313.69,226.63,10/16/2022,20:03:23,0.12,1.384
vegan,Vegan Slow-Cooker Sweet Potato Chili,american,65.82,224.74,32.78,10/16/2022,20:03:23,0.293,6.856
vegan,Vegan Chickpea Cakes with Mashed Avocado Recipe,american,74.62,351.32,160.23,10/16/2022,20:03:23,0.212,2.193
vegan,Classic Vegan Gumbo,american,122.54,442.68,229.02,10/16/2022,20:03:23,0.277,1.933
vegan,Vegan Spinach and Artichoke Dip Recipe,mediterranean,66.61,157.17,89.84,10/16/2022,20:03:23,0.424,1.749
vegan,Vegan Black Bean and Squash Chili Recipe,american,97.48,229.27,101.69,10/16/2022,20:03:30,0.425,2.255
vegan,Gluten Free Vegan Fudgy Black Bean Brownies Recipe,french,40.59,314.63,95.06,10/16/2022,20:03:30,0.129,3.31
vegan,"Easy Cucumber Noodles with a Vegan Basil Cream, Tomatoes and Pine Nuts recipes",american,46.69,165.17,170.8,10/16/2022,20:03:30,0.283,0.967
vegan,Vegan Chocolate Cake and Frosting recipes,american,76.8,1295.31,756.82,10/16/2022,20:03:30,0.059,1.712
vegan,Vegan katsu curry,american,79.46,265.89,116.58,10/16/2022,20:03:30,0.299,2.281
vegan,"Super Healthy, But Doesn’t Taste It Vegan Banana Bread",american,38.31,441.56,109.48,10/16/2022,20:03:30,0.087,4.033
vegan,Mexican Hot Chocolate Cupcakes with Whipped Cream (vegan),american,38.34,330.17,174.65,10/16/2022,20:03:30,0.116,1.89
vegan,Vegan Egg Salad Sandwich recipes,american,74.95,102.31,85.59,10/16/2022,20:03:30,0.733,1.195
vegan,Vegan Chocolate Tart With Salted Oat Crust,american,61.46,529.8,330.19,10/16/2022,20:03:30,0.116,1.605
vegan,Smoky Tomato & Garlic Spelt Risotto with Crumbled Vegan Feta,mediterranean,66.35,290.35,116.51,10/16/2022,20:03:30,0.229,2.492
vegan,Vegan Chocolate Tart with Salted Oat Crust recipes,american,61.46,529.8,330.19,10/16/2022,20:03:30,0.116,1.605
vegan,Wholegrain Pitta with Tomatoes and Pesto,italian,6.98,31.38,12.07,10/16/2022,20:03:30,0.222,2.6
vegan,The Best Vegan Baked Mac & Cheese Recipe,american,83.66,441.39,81.04,10/16/2022,20:03:30,0.19,5.447
vegan,Try This Vegan Recipe For Stuffed Mushroom Burgers recipes,american,99.49,616.7,137.2,10/16/2022,20:03:30,0.161,4.495
vegan,Grits Cheesecake,american,65.26,514.5,240.49,10/16/2022,20:03:30,0.127,2.139
vegan,"Vegan, Gluten-Free Double Chocolate Muffins",american,44.62,454.71,320.21,10/16/2022,20:03:30,0.098,1.42
vegan,Gluten-Free Sweet Potato Cardamom Macadamia Brownies,french,22.67,234.49,171.88,10/16/2022,20:03:30,0.097,1.364
vegan,Lime Cheesecake,american,56.74,279.19,145.24,10/16/2022,20:03:37,0.203,1.922
vegan,Crowd-Pleasing Vegan Caesar Salad recipes,american,87.84,199.83,121.3,10/16/2022,20:03:37,0.44,1.647
vegan,Crowd-Pleasing Vegan Caesar Salad recipes,american,88.56,202.18,124.26,10/16/2022,20:03:37,0.438,1.627
vegan,Vegan Frosting,american,1.45,0.1,301.59,10/16/2022,20:03:37,14.5,0.0
vegan,Beluga Lentil Caviar on Blini,eastern europe,49.59,180.15,91.1,10/16/2022,20:03:37,0.275,1.977
vegan,Chocolate-Covered Matzo Bark,french,30.6,270.36,103.89,10/16/2022,20:03:37,0.113,2.602
vegan,Vegan pesto,american,25.51,22.8,172.61,10/16/2022,20:03:37,1.119,0.132
vegan,Hadley’s Vegan Apple Spice Muffins With Oatmeal Streusel Topping,american,43.71,505.55,89.84,10/16/2022,20:03:37,0.086,5.627
vegan,Matcha Green Tea Ice Cream Sandwich with Vegan Ginger Molasses Cookies Recipe,american,92.89,1079.21,330.99,10/16/2022,20:03:37,0.086,3.261
vegan,Carrot & caraway crackers,american,19.35,185.39,46.89,10/16/2022,20:03:37,0.104,3.954
vegan,Chocolate Walnut Bites Recipe,american,70.47,524.05,165.8,10/16/2022,20:03:37,0.134,3.161
vegan,Vegan Queso,american,43.24,61.71,62.75,10/16/2022,20:03:37,0.701,0.983
vegan,Vegan Root Beer Coconut Ice Cream,american,12.15,177.57,91.47,10/16/2022,20:03:37,0.068,1.941
vegan,Vegan Meringues,american,29.98,240.24,11.78,10/16/2022,20:03:37,0.125,20.394
vegan,Vegan Pesto,american,15.28,24.1,75.12,10/16/2022,20:03:44,0.634,0.321
vegan,Vegan burritos,american,135.16,595.7,98.97,10/16/2022,20:03:44,0.227,6.019
vegan,Vegan Masa,american,99.13,891.96,223.08,10/16/2022,20:03:44,0.111,3.998
vegan,Vegan fajitas,american,42.5,182.74,52.72,10/16/2022,20:03:44,0.233,3.466
vegan,Vegan nuggets,american,91.67,262.84,45.06,10/16/2022,20:03:44,0.349,5.833
vegan,Vegan meatballs,american,55.2,233.31,79.82,10/16/2022,20:03:44,0.237,2.923
vegan,Vegan Dumplings,american,8.71,102.45,18.76,10/16/2022,20:03:44,0.085,5.461
vegan,Barbecue Pulled Jackfruit Sandwiches,american,27.91,406.7,94.66,10/16/2022,20:03:44,0.069,4.296
vegan,Vegan Queso,american,54.39,74.21,73.09,10/16/2022,20:03:44,0.733,1.015
vegan,Vegan Lasagna,american,101.15,272.84,66.63,10/16/2022,20:03:44,0.371,4.095
vegan,Vegan Sushi,japanese,31.81,295.6,11.96,10/16/2022,20:03:44,0.108,24.716
vegan,Vegan Kimchi,american,104.24,539.25,14.78,10/16/2022,20:03:44,0.193,36.485
vegan,Classic Cinnamon Rolls recipes,nordic,81.33,788.44,176.4,10/16/2022,20:03:44,0.103,4.47
vegan,Vegan Meatballs,american,55.47,198.88,69.92,10/16/2022,20:03:44,0.279,2.844
vegan,Vegan Gyoza,american,198.89,851.59,80.86,10/16/2022,20:03:50,0.234,10.532
vegan,Fancy Green Beans,american,9.51,33.92,11.36,10/16/2022,20:03:50,0.28,2.986
vegan,Raw Chocolate Mousse recipes,american,55.3,385.05,192.81,10/16/2022,20:03:50,0.144,1.997
vegan,Vegan Gravy,american,16.42,50.17,27.99,10/16/2022,20:03:50,0.327,1.792
vegan,Hummus Tartine with Sprouts recipes,mediterranean,8.37,34.76,18.01,10/16/2022,20:03:50,0.241,1.93
vegan,Vegan Mayonnaise,american,22.97,25.13,106.85,10/16/2022,20:03:50,0.914,0.235
vegan,Vegan Eggnog,american,28.72,151.67,136.98,10/16/2022,20:03:50,0.189,1.107
vegan,Gluten-Free Sweet Potato Pie,american,22.83,226.55,165.84,10/16/2022,20:03:50,0.101,1.366
vegan,Vegan Vichysoisse,american,34.11,254.47,41.28,10/16/2022,20:03:50,0.134,6.164
vegan,Vegan Nachos,american,119.72,312.06,136.44,10/16/2022,20:03:50,0.384,2.287
vegan,Heirloom Tomato BLT,american,67.86,133.37,114.89,10/16/2022,20:03:50,0.509,1.161
vegan,Toasted Coconut and Almond Butter,american,66.39,96.28,197.65,10/16/2022,20:03:50,0.69,0.487
vegan,Summer Baked Beans recipes,american,12.72,3204.43,53.92,10/16/2022,20:03:50,0.004,59.429
vegan,Vegan Gravy,american,15.33,88.78,63.28,10/16/2022,20:03:50,0.173,1.403
vegan,Sweet Potato Turnovers with Sweet Kraut,french,18.53,340.31,95.89,10/16/2022,20:03:50,0.054,3.549
vegan,Vegan Chili,american,77.37,290.62,53.2,10/16/2022,20:03:57,0.266,5.463
vegan,Vegan Chili,american,83.07,289.12,24.89,10/16/2022,20:03:57,0.287,11.616
vegan,Vegan Cassoulet,american,32.89,192.7,911.66,10/16/2022,20:03:57,0.171,0.211
vegan,Chocolate Chip Pumpkin Bread,american,41.34,466.58,154.67,10/16/2022,20:03:57,0.089,3.017
vegan,Vegan Lasagna,american,175.6,469.02,121.44,10/16/2022,20:03:57,0.374,3.862
vegan,Cherry Tomato Zucchini Noodles,asian,11.46,39.76,14.13,10/16/2022,20:03:57,0.288,2.814
vegan,"Pb, J & Chocolate Love Pie",american,62.69,275.49,262.8,10/16/2022,20:03:57,0.228,1.048
vegan,Red lentil & sweet potato pâté,french,37.67,118.32,15.72,10/16/2022,20:03:57,0.318,7.527
vegan,Double-Chocolate Glazed Doughnuts,american,26.65,316.79,119.73,10/16/2022,20:03:57,0.084,2.646
vegan,Vegan cashew Parmesan,american,59.46,65.69,67.7,10/16/2022,20:03:57,0.905,0.97
vegan,Vegan Mayonnaise Recipe,american,9.89,4.19,341.1,10/16/2022,20:03:57,2.36,0.012
vegan,Rustic Garlic and Asparagus Tofu Quiche Is a Slice of Sunshine,french,16.32,119.85,87.04,10/16/2022,20:03:57,0.136,1.377
vegan,Vegan Corn Soup,american,29.92,164.72,38.37,10/16/2022,20:03:57,0.182,4.293
vegan,Chocolate Sunflower Butter Spread recipes,american,9.19,136.89,228.0,10/16/2022,20:03:57,0.067,0.6
vegan,Vegan Cauliflower Soup,american,26.33,36.65,29.47,10/16/2022,20:03:57,0.718,1.244
vegan,Vegan Yorkshire puddings,british,28.33,194.44,41.45,10/16/2022,20:03:57,0.146,4.691
vegan,"Vegan ""Ice Cream""",american,3.15,28.35,4.84,10/16/2022,20:03:57,0.111,5.857
vegan,Vegan Christmas pudding,american,60.68,1131.87,113.81,10/16/2022,20:04:04,0.054,9.945
vegan,Grilled Avocado Sandwich,american,7.0,31.62,8.68,10/16/2022,20:04:04,0.221,3.643
vegan,Vegan Asparagus Risotto,american,30.84,247.0,16.36,10/16/2022,20:04:04,0.125,15.098
vegan,Vegan lemon cheesecake,american,80.07,223.02,266.4,10/16/2022,20:04:04,0.359,0.837
vegan,Vegan Mushroom Gravy,american,10.93,37.1,41.71,10/16/2022,20:04:04,0.295,0.889
vegan,Vegan Blueberry Crisp,american,30.9,196.29,153.5,10/16/2022,20:04:04,0.157,1.279
vegan,Vegan lemon cake,american,29.37,568.68,97.64,10/16/2022,20:04:04,0.052,5.824
vegan,Chocolate-Covered Banana Ice Cream Bars,american,43.88,239.08,154.42,10/16/2022,20:04:04,0.184,1.548
vegan,Vegan Lemon Cake,american,27.09,473.21,76.49,10/16/2022,20:04:04,0.057,6.187
vegan,"Oat Milk Tres ""Leches"" Cake",south american,118.03,713.21,278.89,10/16/2022,20:04:04,0.165,2.557
vegan,"Steamed Buns with Simmered Daikon and Shiitake, Pickled Bean Sprouts, and Spicy Mayonnaise (Vegan) Recipe",american,78.57,442.46,59.91,10/16/2022,20:04:04,0.178,7.385
vegan,Easy vegan pho,american,18.65,106.31,15.27,10/16/2022,20:04:04,0.175,6.962
vegan,Vegan Chocolate Sorbet,american,7.27,173.78,51.9,10/16/2022,20:04:10,0.042,3.348
vegan,Vegan Black Beans,american,104.19,316.86,49.68,10/16/2022,20:04:10,0.329,6.378
vegan,Easy vegan burgers,american,49.36,466.88,24.18,10/16/2022,20:04:10,0.106,19.309
vegan,Vegan Chocolate Cake,american,50.01,722.29,229.58,10/16/2022,20:04:10,0.069,3.146
vegan,Vegan Sourdough Stuffing,american,64.61,290.67,54.0,10/16/2022,20:04:10,0.222,5.383
vegan,Vegan Sweet Potato and 2-Bean Chili With Hominy Recipe,american,135.92,583.76,59.5,10/16/2022,20:04:10,0.233,9.811
vegan,Vegan Chickpea Curry,american,71.67,244.33,64.8,10/16/2022,20:04:10,0.293,3.771
vegan,Vegan Baked Beans,american,98.26,403.51,48.14,10/16/2022,20:04:10,0.244,8.382
vegan,Vegan Mapo Tofu,american,52.07,60.56,56.37,10/16/2022,20:04:10,0.86,1.074
vegan,Vegan Chili Mac,american,74.67,242.04,66.9,10/16/2022,20:04:10,0.309,3.618
vegan,Vegan Scalloped Potatoes,american,37.1,298.65,73.61,10/16/2022,20:04:10,0.124,4.057
vegan,Vegan Christmas cake,american,101.45,1210.44,371.51,10/16/2022,20:04:17,0.084,3.258
vegan,Vegan Rice Pudding,british,27.49,328.04,84.0,10/16/2022,20:04:17,0.084,3.905
vegan,Vegan Spring Risotto,italian,25.13,212.46,16.39,10/16/2022,20:04:17,0.118,12.963
vegan,Vegan mince pies,american,71.56,727.39,268.62,10/16/2022,20:04:17,0.098,2.708
vegan,Vegan Eggplant Lasagna,italian,130.69,183.5,96.88,10/16/2022,20:04:17,0.712,1.894
vegan,Simple Vegan Pesto,american,35.18,28.08,155.98,10/16/2022,20:04:17,1.253,0.18
vegan,Vegan Mayonnaise recipes,american,2.4,16.16,82.56,10/16/2022,20:04:17,0.149,0.196
vegan,Vegan Hoppin' John,american,45.97,391.64,27.27,10/16/2022,20:04:17,0.117,14.362
vegan,Vegan Chocolate Ganache Cupcakes with Salted Caramel and Dark Chocolate Buttercream,american,120.61,1486.52,685.22,10/16/2022,20:04:17,0.081,2.169
vegan,Vegan Thai curry,south east asian,81.25,376.16,143.38,10/16/2022,20:04:17,0.216,2.624
vegan,Vegan Miso Pesto,american,10.76,16.9,79.51,10/16/2022,20:04:24,0.637,0.213
vegan,Roasted Veggie Mason Jar Salad,asian,30.27,24.73,22.72,10/16/2022,20:04:24,1.224,1.088
vegan,Vegan Mac & Cheese,american,85.38,300.79,83.5,10/16/2022,20:04:24,0.284,3.602
vegan,Vegan Chocolate Mousse,american,41.81,212.07,100.09,10/16/2022,20:04:24,0.197,2.119
vegan,Korean Shrimp Cocktail,american,185.31,22.83,93.78,10/16/2022,20:04:24,8.117,0.243
vegan,Vegan Anytime Risotto,american,67.37,327.18,59.52,10/16/2022,20:04:24,0.206,5.497
vegan,Vegan Salad Nicoise,american,74.16,120.17,380.98,10/16/2022,20:04:24,0.617,0.315
vegan,Vegan Mashed Potatoes,american,11.66,96.4,54.73,10/16/2022,20:04:24,0.121,1.761
vegan,Low-key Iridofu Or Scrambled Tofu With Vegetables recipes,asian,74.74,32.31,40.2,10/16/2022,20:04:24,2.313,0.804
vegan,Vegan Sesame Grill,american,12.67,77.56,12.17,10/16/2022,20:04:24,0.163,6.373
vegan,Vegan Jackfruit Tacos,american,63.86,303.01,67.49,10/16/2022,20:04:24,0.211,4.49
vegan,Tofu Salad,asian,18.76,32.32,17.91,10/16/2022,20:04:24,0.58,1.805
vegan,Deviled Potatoes,mediterranean,120.85,767.12,18.23,10/16/2022,20:04:24,0.158,42.08
vegan,Vegan Potato Soup,american,79.69,262.1,130.71,10/16/2022,20:04:24,0.304,2.005
vegan,Vegan Caesar Dressing,american,22.05,31.41,44.91,10/16/2022,20:04:24,0.702,0.699
vegan,Vegan Summer Succotash,american,28.19,112.52,25.87,10/16/2022,20:04:30,0.251,4.349
vegan,Vegan Tikka Masala,american,106.33,309.79,144.92,10/16/2022,20:04:30,0.343,2.138
vegan,Vegan Enchilada Casserole,american,151.55,654.47,56.44,10/16/2022,20:04:30,0.232,11.596
vegan,Vegan Chocolate Milkshake,american,21.17,120.27,41.1,10/16/2022,20:04:30,0.176,2.926
vegan,Jalapeño Pesto Potato Tamales,south american,43.71,343.61,198.67,10/16/2022,20:04:30,0.127,1.73
vegan,Vegan Basil Pesto,american,20.29,25.97,96.69,10/16/2022,20:04:30,0.781,0.269
vegan,Vegan Banana Muffins,american,22.36,316.56,118.11,10/16/2022,20:04:30,0.071,2.68
vegan,Massaged Kale Salad recipes,mediterranean,37.56,101.22,88.18,10/16/2022,20:04:30,0.371,1.148
vegan,Vegan Basil “Chicken”,american,70.45,43.51,63.81,10/16/2022,20:04:30,1.619,0.682
vegan,Vegan Lentil Soup,american,62.9,181.19,31.82,10/16/2022,20:04:30,0.347,5.694
vegan,Vegan Pumpkin Bread,american,43.54,417.73,112.34,10/16/2022,20:04:30,0.104,3.718
vegan,Gena Hamshaw's (Vegan) Deli Bowls With Smashed Chickpea Salad,american,121.33,340.49,177.38,10/16/2022,20:04:30,0.356,1.92
vegan,Decadent Vegan Brownies,french,23.33,339.8,113.64,10/16/2022,20:04:30,0.069,2.99
vegan,Vegan Pear Tart,american,28.5,296.05,112.24,10/16/2022,20:04:37,0.096,2.638
vegan,Vegan Blueberry Muffins,american,33.07,422.0,94.49,10/16/2022,20:04:37,0.078,4.466
vegan,Vegan Penne Vodka,american,86.64,434.2,76.53,10/16/2022,20:04:37,0.2,5.674
vegan,Vegan Scalloped Potatoes,american,61.88,199.46,65.27,10/16/2022,20:04:37,0.31,3.056
vegan,Beet Jerky recipes,american,15.59,69.3,0.97,10/16/2022,20:04:37,0.225,71.443
vegan,Vegan Chickpea Alfredo,american,142.21,512.07,75.14,10/16/2022,20:04:37,0.278,6.815
vegan,Vegan Buddha Bowl,american,57.85,227.15,105.16,10/16/2022,20:04:37,0.255,2.16
vegan,7 layer mexican dip,mexican,102.31,337.22,197.22,10/16/2022,20:04:37,0.303,1.71
vegan,Vegan Coconut Bars,world,14.76,330.45,79.45,10/16/2022,20:04:37,0.045,4.159
vegan,Vegan Zucchini kofta,american,37.62,152.18,196.5,10/16/2022,20:04:37,0.247,0.774
vegan,Vegan Portobello Muffuletta,american,47.7,190.91,70.41,10/16/2022,20:04:37,0.25,2.711
vegan,Vegan Chocolate Babka,american,38.94,333.75,88.42,10/16/2022,20:04:37,0.117,3.775
vegan,Vegan Brownies recipes,french,66.43,400.61,228.71,10/16/2022,20:04:37,0.166,1.752
vegan,Seitan,asian,186.43,70.93,30.6,10/16/2022,20:04:37,2.628,2.318
vegan,Vegan tarka dal,american,116.89,316.1,45.52,10/16/2022,20:04:37,0.37,6.944
vegan,Southeast Asian Inspired Vegan Apple Blackberry Pie With Coconut Crumb Topping And Coconut Scented Crust,american,55.31,770.24,267.22,10/16/2022,20:04:44,0.072,2.882
vegan,"Dark Chocolate, Chia, and Cherry Pecan Bar",american,10.48,94.15,67.01,10/16/2022,20:04:44,0.111,1.405
vegan,Vegan Pumpkin Chili,american,61.67,276.87,37.83,10/16/2022,20:04:44,0.223,7.319
vegan,Vegan Chocolate Dipped Strawberries,american,8.66,83.05,46.09,10/16/2022,20:04:44,0.104,1.802
vegan,Plain Cake Donut,american,14.71,558.56,76.65,10/16/2022,20:04:44,0.026,7.287
vegan,Vegan Pad Thai,south east asian,123.43,287.59,133.03,10/16/2022,20:04:44,0.429,2.162
vegan,Vegan Peach Cobbler,american,75.12,622.73,68.91,10/16/2022,20:04:44,0.121,9.037
vegan,Couscous with Pine Nuts and Currants,american,18.2,105.12,32.85,10/16/2022,20:04:44,0.173,3.2
vegan,Baby Bok Choy Salad with Mama O's Kimchi Paste,chinese,6.02,21.02,0.95,10/16/2022,20:04:44,0.286,22.126
vegan,Vegan cashew cream cheese,american,62.25,90.89,110.77,10/16/2022,20:04:44,0.685,0.821
vegan,Easy Vegan Chocolate Truffles,american,50.68,309.97,200.92,10/16/2022,20:04:44,0.163,1.543
vegan,Vegan Pumpkin Pie,american,44.62,371.87,350.17,10/16/2022,20:04:44,0.12,1.062
vegan,Vegan Chocolate & Pumpkin Pudding,british,4.65,77.96,4.75,10/16/2022,20:04:44,0.06,16.413
vegan,Easiest ever vegan gravy,american,3.12,9.71,5.39,10/16/2022,20:04:44,0.321,1.801
vegan,Cranberry-Carrot Cake Recipe,american,63.64,457.67,101.36,10/16/2022,20:04:44,0.139,4.515
vegan,Massaged Kale Salad Recipe,american,37.56,101.22,80.74,10/16/2022,20:04:50,0.371,1.254
vegan,Vegan Saffron Risotto,american,72.96,427.95,33.85,10/16/2022,20:04:50,0.17,12.643
vegan,Vegan Lasagna recipes,american,141.85,361.97,150.89,10/16/2022,20:04:50,0.392,2.399
vegan,Vegan French-Fried Onions,american,7.01,45.29,7.68,10/16/2022,20:04:50,0.155,5.897
vegan,Vegan Double Caramel Flan,american,23.14,313.45,51.01,10/16/2022,20:04:50,0.074,6.145
vegan,Vegan Mocha Mousse Recipe,american,75.54,201.64,83.46,10/16/2022,20:04:50,0.375,2.416
vegan,Purple Carrot's Jalapeño Popper Potato Skins,american,83.47,343.82,132.41,10/16/2022,20:04:50,0.243,2.597
vegan,Vegan Palak Paneer,indian,69.07,87.68,64.8,10/16/2022,20:04:50,0.788,1.353
vegan,Vegan kale pesto pasta,american,85.33,299.08,87.91,10/16/2022,20:04:50,0.285,3.402
vegan,Vegan vanilla ice cream,american,17.39,209.12,171.18,10/16/2022,20:04:50,0.083,1.222
vegan,Chunky Peanut Butter Fudge Squares,american,57.88,212.55,153.01,10/16/2022,20:04:50,0.272,1.389
vegan,Vegan Spaghetti alla Puttanesca,american,67.2,375.92,56.82,10/16/2022,20:04:50,0.179,6.616
vegan,Vegan Bistro Lunch Box,american,8.25,28.23,8.52,10/16/2022,20:04:50,0.292,3.313
vegan,Vegan Avocado Ice Cream,american,14.45,190.05,130.85,10/16/2022,20:04:50,0.076,1.452
vegan,Vanilla Torte With Raspberry Filling And Chocolate Frosting,american,114.32,908.43,238.33,10/16/2022,20:04:50,0.126,3.812
vegan,Vegan Asparagus Avocado Soup,american,40.99,112.72,125.04,10/16/2022,20:04:57,0.364,0.901
vegan,Kale Slaw recipes,american,12.4,57.01,20.99,10/16/2022,20:04:57,0.218,2.716
vegan,Inclusive Vegan Sour Cream,american,8.61,15.68,36.19,10/16/2022,20:04:57,0.549,0.433
vegan,Vegan Chocolate-Ganache Frosting,american,19.52,191.74,165.39,10/16/2022,20:04:57,0.102,1.159
vegan,Smoky spiced veggie rice,american,72.5,477.82,76.99,10/16/2022,20:04:57,0.152,6.206
vegan,Vegan mac 'n' cheese,american,120.58,520.01,162.1,10/16/2022,20:04:57,0.232,3.208
vegan,Easy Vegan Bacon Bits,american,59.11,49.68,0.38,10/16/2022,20:04:57,1.19,130.737
vegan,Healthy Vegan Snacking recipes,american,6.02,127.9,1.98,10/16/2022,20:04:57,0.047,64.596
vegan,Vegan BBQ teriyaki tofu,asian,71.0,62.88,53.38,10/16/2022,20:04:57,1.129,1.178
vegan,Vegan Lentil Soup Recipe,american,117.97,329.04,33.72,10/16/2022,20:04:57,0.359,9.758
vegan,Vegan Carbonara Pasta Recipe,american,114.96,383.39,128.65,10/16/2022,20:04:57,0.3,2.98
vegan,Vegan Coconut Chickpea Curry,american,86.87,501.32,53.58,10/16/2022,20:04:57,0.173,9.356
vegan,Vegan Sweet Potato Casserole,american,36.04,307.12,110.7,10/16/2022,20:04:57,0.117,2.774
vegan,Vegan Basil Cashew Pesto,american,28.42,30.95,99.52,10/16/2022,20:04:57,0.918,0.311
vegan,Vegan lemon meringue pie,american,26.72,385.51,193.03,10/16/2022,20:04:57,0.069,1.997
vegan,Vegan Grape Jelly recipes,american,1.09,99.98,0.24,10/16/2022,20:05:04,0.011,416.583
vegan,Vegan Chickpea Coconut Curry,american,19.93,100.18,134.96,10/16/2022,20:05:04,0.199,0.742
vegan,Chargrilled Artichokes Hummus [vegan],mediterranean,35.61,115.73,43.49,10/16/2022,20:05:04,0.308,2.661
vegan,Easy Brown Rice & Veggie Wrap,chinese,11.03,52.26,19.43,10/16/2022,20:05:04,0.211,2.69
vegan,Vegan Olive Oil Cake,american,36.09,492.72,221.5,10/16/2022,20:05:04,0.073,2.224
vegan,Vegan Kaju Matar Masala | Vegan Cashew and Green Peas Curry,indian,39.11,104.85,97.12,10/16/2022,20:05:04,0.373,1.08
vegan,Vegan Fettuccine Alfredo Recipe,american,125.93,357.2,139.6,10/16/2022,20:05:04,0.353,2.559
vegan,Asparagus Garlic Scape Pesto Spaghetti recipes,italian,16.02,42.41,54.27,10/16/2022,20:05:04,0.378,0.781
vegan,Vegan Chocolate Frosting recipes,american,7.27,143.81,160.91,10/16/2022,20:05:04,0.051,0.894
vegan,The best vegan tacos,american,73.62,221.55,34.38,10/16/2022,20:05:04,0.332,6.444
vegan,Vegan Superfood Buddha Bowls,american,74.84,234.13,70.8,10/16/2022,20:05:04,0.32,3.307
vegan,Whole Spelt Vegan Pasta,american,17.2,98.28,15.52,10/16/2022,20:05:04,0.175,6.332
vegan,Vegan Vanilla Ice Cream,american,25.52,107.14,61.4,10/16/2022,20:05:04,0.238,1.745
vegan,Root Vegetables Jazzed Up!,american,8.66,99.05,14.91,10/16/2022,20:05:04,0.087,6.643
vegan,Vegan Cashew Caesar Salad,american,38.86,89.46,101.6,10/16/2022,20:05:11,0.434,0.881
vegan,Raw Vegan Coconut Macaroons,american,31.57,95.83,112.34,10/16/2022,20:05:11,0.329,0.853
vegan,Vegan Strawberry Ice Cream,american,5.79,222.43,5.76,10/16/2022,20:05:11,0.026,38.616
vegan,Simplest Chocolate Mousse,british,46.49,138.98,128.96,10/16/2022,20:05:11,0.335,1.078
vegan,Vegan Peach Ice Scream,american,13.42,177.68,9.47,10/16/2022,20:05:11,0.076,18.762
vegan,Roasted Veggie Brown Rice Buddha Bowl,asian,29.38,45.68,19.5,10/16/2022,20:05:11,0.643,2.343
vegan,Simple Vegan Pesto Zoodles,american,29.84,63.91,92.41,10/16/2022,20:05:11,0.467,0.692
vegan,Vegan Mango Lassi recipes,world,5.81,155.67,10.77,10/16/2022,20:05:11,0.037,14.454
vegan,Vegan Nectarine Ice Cream,american,12.36,151.54,97.35,10/16/2022,20:05:11,0.082,1.557
vegan,Vegan Vanilla Ice Cream,american,17.21,115.94,180.87,10/16/2022,20:05:11,0.148,0.641
vegan,Grilled Corn with Sriracha Mayo,mediterranean,21.18,84.51,72.18,10/16/2022,20:05:11,0.251,1.171
vegan,Saweet! Potato Casserole with a Crunchy Nut Crumble recipes,american,66.71,586.67,225.24,10/16/2022,20:05:11,0.114,2.605
vegan,Recent stonesoup vegan recipes,american,7.62,17.64,9.59,10/16/2022,20:05:11,0.432,1.839
vegan,"Vegan ""Cheesy"" Pumpkin Seeds",american,83.58,32.84,153.89,10/16/2022,20:05:11,2.545,0.213
vegan,Vegan Butternut Squash Soup,american,17.34,91.39,115.59,10/16/2022,20:05:11,0.19,0.791
vegan,Vegan Lemon Asparagus Risotto,american,54.8,225.11,31.22,10/16/2022,20:05:11,0.243,7.21
vegan,Satoimo (taro Root) Cooked In Miso With Tofu recipes,asian,41.19,114.26,19.73,10/16/2022,20:05:11,0.36,5.791
vegan,Cold Avocado Soup With Sweet Corn And Bacon,south american,28.33,85.11,94.31,10/16/2022,20:05:17,0.333,0.902
vegan,Cranberry-topped Sourdough Coffee Cake,american,43.4,518.9,141.93,10/16/2022,20:05:17,0.084,3.656
vegan,No-Bake Strawberry Pie,american,18.95,373.66,70.16,10/16/2022,20:05:17,0.051,5.326
vegan,Vegan Baked Banana Donuts,american,6.02,308.57,4.73,10/16/2022,20:05:17,0.02,65.237
vegan,Jerseylicious Vegan Peach Pie,american,32.45,368.31,113.84,10/16/2022,20:05:17,0.088,3.235
vegan,Vegan Caprese Salad recipes,american,61.81,46.18,75.54,10/16/2022,20:05:17,1.338,0.611
vegan,Vegan Raw Plantain Salad,american,8.8,139.47,2.19,10/16/2022,20:05:17,0.063,63.685
vegan,Vegan Fresh Pasta Dough.,american,35.58,262.82,7.89,10/16/2022,20:05:17,0.135,33.311
vegan,Hearts of Baltimore Crab Cakes,mediterranean,30.74,84.99,104.24,10/16/2022,20:05:17,0.362,0.815
vegan,Garlicky Baked Butternut Squash recipes,american,32.14,190.38,39.93,10/16/2022,20:05:17,0.169,4.768
vegan,Green Tea Ice Cream,american,11.9,143.33,92.97,10/16/2022,20:05:17,0.083,1.542
vegan,Asparagus recipes,chinese,11.74,10.23,32.11,10/16/2022,20:05:17,1.148,0.319
vegan,Ultimate Vegan Thanksgiving Gravy,american,27.2,102.17,42.17,10/16/2022,20:05:17,0.266,2.423
vegan,Perfect Vegan Pie Crust,american,29.06,223.51,111.76,10/16/2022,20:05:17,0.13,2.0
vegan,Thyme roasted vegetables,american,8.56,146.03,42.54,10/16/2022,20:05:17,0.059,3.433
vegan,Vegan Banana Cashew Yogurt,american,29.25,102.35,62.48,10/16/2022,20:05:17,0.286,1.638
vegan,Homemade Vegan Kimchi Recipe,american,33.83,108.25,14.19,10/16/2022,20:05:24,0.313,7.629
vegan,Easy Vegan Pad Thai,south east asian,69.47,523.83,45.24,10/16/2022,20:05:24,0.133,11.579
vegan,Tomato Tart,french,17.48,100.57,44.06,10/16/2022,20:05:24,0.174,2.283
vegan,Vegan Chocolate Orange Muffins,american,34.66,266.45,64.99,10/16/2022,20:05:24,0.13,4.1
vegan,Pecan Butter,american,18.36,47.61,162.93,10/16/2022,20:05:24,0.386,0.292
vegan,Vegan Seafood Spelt Pasta,american,54.91,264.71,49.65,10/16/2022,20:05:24,0.207,5.332
vegan,Raw vegan spag bol,american,78.97,245.02,44.98,10/16/2022,20:05:24,0.322,5.447
vegan,Maple Frosted Pumpkin Cake Recipe,american,66.83,938.29,252.26,10/16/2022,20:05:24,0.071,3.72
vegan,Vegan Vanilla Cashew Cream,american,18.23,31.25,43.86,10/16/2022,20:05:24,0.583,0.712
vegan,Vegan Mediterranean Pita Pockets,american,120.28,197.28,115.53,10/16/2022,20:05:24,0.61,1.708
vegan,Vegan Green-Goddess Dip,american,3.6,13.98,71.09,10/16/2022,20:05:24,0.258,0.197
vegan,Vegan Caprese Salad recipes,american,57.58,46.33,29.68,10/16/2022,20:05:24,1.243,1.561
vegan,Easy Green Chile Quesadilla Recipe With Sprouted Corn Tortillas,mexican,34.34,48.42,50.87,10/16/2022,20:05:24,0.709,0.952
vegan,"Beetroot, hummus & crispy chickpea sub sandwich",mediterranean,59.07,262.48,42.64,10/16/2022,20:05:24,0.225,6.156
vegan,Vegan Mushroom Gravy recipes,american,17.32,106.32,57.73,10/16/2022,20:05:24,0.163,1.842
vegan,Simple Vegan Chocolate Cake,american,38.71,545.64,135.55,10/16/2022,20:05:31,0.071,4.025
vegan,Vegan Banana Ice Cream,american,11.88,169.1,97.21,10/16/2022,20:05:31,0.07,1.74
vegan,Vegan Spiced Cashew Rice,american,45.72,211.44,86.92,10/16/2022,20:05:31,0.216,2.433
vegan,Vegan Carrot Jalapeño Soup,american,20.77,90.18,59.76,10/16/2022,20:05:31,0.23,1.509
vegan,Vegan Sweet Squash Soup,american,6.77,102.28,23.03,10/16/2022,20:05:31,0.066,4.441
vegan,Vegan Avocado Ceviche recipes,american,9.15,39.7,43.86,10/16/2022,20:05:31,0.23,0.905
vegan,5-Minute Vegan Breakfast Burritos,american,76.01,132.07,50.95,10/16/2022,20:05:31,0.576,2.592
vegan,Veggie Veggie Vegan Soup,american,20.35,123.04,29.02,10/16/2022,20:05:31,0.165,4.24
vegan,Best-Ever Vegan Meatballs,american,35.95,114.25,28.96,10/16/2022,20:05:31,0.315,3.945
vegan,Vegan Lemon Fettuccine Alfredo,american,85.42,292.08,91.47,10/16/2022,20:05:31,0.292,3.193
vegan,No-Oil Balsamic Dressing,american,33.28,101.9,2.99,10/16/2022,20:05:31,0.327,34.08
vegan,Vegan bean chilli fries,american,50.83,249.54,90.69,10/16/2022,20:05:31,0.204,2.752
vegan,All the 'melon Ceviche (vegan),american,14.32,122.56,31.66,10/16/2022,20:05:31,0.117,3.871
vegan,Vegan Moroccan Harira recipes,middle eastern,127.16,430.33,43.33,10/16/2022,20:05:31,0.295,9.931
vegan,Vegan Cream Of Broccoli Soup,american,41.97,142.86,18.91,10/16/2022,20:05:38,0.294,7.555
vegan,Vegan Caesar Salad recipes,american,55.62,193.4,143.75,10/16/2022,20:05:38,0.288,1.345
vegan,Vegan and Gluten-Free Gravy,american,29.69,49.33,16.42,10/16/2022,20:05:38,0.602,3.004
vegan,Miso-Agave Mayonnaise (Vegan) Recipe,japanese,18.36,51.95,84.05,10/16/2022,20:05:38,0.353,0.618
vegan,Vegan Sweet Potato Chili,american,44.2,231.63,39.97,10/16/2022,20:05:38,0.191,5.795
vegan,Orange-Walnut Biscotti,italian,82.16,393.23,137.8,10/16/2022,20:05:38,0.209,2.854
vegan,Vegan Kale Caesar Salad,american,44.65,114.84,53.56,10/16/2022,20:05:38,0.389,2.144
vegan,Vegan “Cheese” Spread recipes,american,70.39,99.61,130.81,10/16/2022,20:05:38,0.707,0.761
vegan,Smoky Black Bean Enchiladas,mexican,99.51,308.46,48.72,10/16/2022,20:05:38,0.323,6.331
vegan,Raw Vegan Zoodles with Romesco,american,52.57,234.71,59.35,10/16/2022,20:05:38,0.224,3.955
vegan,Vegan Chorizo for Omnivores Recipe,american,170.52,351.7,94.17,10/16/2022,20:05:38,0.485,3.735
vegan,15 Minute Cauliflower Fried Rice recipes,chinese,40.74,57.84,43.11,10/16/2022,20:05:38,0.704,1.342
vegan,Spicy Vegan Sloppy Joes,american,52.1,233.65,50.05,10/16/2022,20:05:38,0.223,4.668
vegan,Vegan Thai Cucumber Salad,south east asian,16.75,48.12,47.06,10/16/2022,20:05:44,0.348,1.023
vegan,Eggless Molten Lava Cake (In the Microwave),american,4.73,38.99,18.82,10/16/2022,20:05:44,0.121,2.072
vegan,Vegan Cauliflower Fried Rice,chinese,42.07,84.73,76.58,10/16/2022,20:05:44,0.497,1.106
vegan,Vegetable Stock From 'Afro-Vegan',american,0.56,3.29,0.06,10/16/2022,20:05:44,0.17,54.833
vegan,Pecan-stuffed dates,american,23.83,282.81,103.33,10/16/2022,20:05:44,0.084,2.737
vegan,Reeses Pie recipes,american,119.7,385.64,191.84,10/16/2022,20:05:44,0.31,2.01
vegan,Spicy Vegan Sloppy Joes,american,52.1,233.65,50.05,10/16/2022,20:05:44,0.223,4.668
vegan,Vegan Dal Makhni recipes,american,68.31,177.32,70.78,10/16/2022,20:05:44,0.385,2.505
vegan,Vegan White Bean Chili,american,89.72,304.98,67.7,10/16/2022,20:05:44,0.294,4.505
vegan,Raw Walnut Brownies (vegan + gf),american,8.87,112.76,41.16,10/16/2022,20:05:44,0.079,2.74
vegan,Vegan: Breakfast Garlic Toast Recipe,american,33.25,115.8,63.11,10/16/2022,20:05:44,0.287,1.835
vegan,Vegan Pad Thai with Tofu,asian,66.38,195.01,63.49,10/16/2022,20:05:44,0.34,3.072
vegan,Vegan Black Sesame Milkshakes,american,18.8,76.81,117.06,10/16/2022,20:05:44,0.245,0.656
vegan,Delicious Vegan Chili recipes,american,42.13,167.98,24.93,10/16/2022,20:05:44,0.251,6.738
vegan,Vegan Pinto Bean Chili,american,381.55,1264.46,37.23,10/16/2022,20:05:44,0.302,33.963
vegan,Vegan Chili and Cornbread Casserole,american,319.54,1159.0,291.7,10/16/2022,20:05:51,0.276,3.973
vegan,Healthy Vegan Yoga Bowl,american,60.73,188.21,18.76,10/16/2022,20:05:51,0.323,10.033
vegan,Vegan Portobello Muffuletta recipes,american,47.45,189.36,70.33,10/16/2022,20:05:51,0.251,2.692
vegan,Baked Vegan Doughnuts recipes,american,15.23,304.34,67.71,10/16/2022,20:05:51,0.05,4.495
vegan,Vegan Chipotle Lentil Tacos,american,136.34,428.83,53.51,10/16/2022,20:05:51,0.318,8.014
vegan,Purple Carrot’s Loaded Nachos,mexican,126.73,425.71,338.92,10/16/2022,20:05:51,0.298,1.256
vegan,Vegan Black Bean Burgers,american,113.81,338.17,38.43,10/16/2022,20:05:51,0.337,8.8
vegan,Chocolate Mocha Pie,american,39.03,348.34,75.65,10/16/2022,20:05:51,0.112,4.605
vegan,Vegan Crispy Roasted Cauliflower,american,33.34,42.56,46.01,10/16/2022,20:05:51,0.783,0.925
vegan,Vegan Mixed Berry Panna Cotta,american,14.9,111.97,50.97,10/16/2022,20:05:51,0.133,2.197
vegan,Vegan Butter Chicken recipes,american,52.94,121.02,76.27,10/16/2022,20:05:51,0.437,1.587
vegan,Hearty Vegetable Stock (Vegan) Recipe,american,0.46,2.66,0.12,10/16/2022,20:05:51,0.173,22.167
vegan,Beetroot & red onion tarte tatin,french,47.43,319.17,232.71,10/16/2022,20:05:51,0.149,1.372
vegan,Raspberry Lemon Cake,american,26.36,279.82,58.73,10/16/2022,20:05:51,0.094,4.765
vegan,Vegan Pulled Mushroom BBQ Sandwiches,american,50.04,300.89,48.65,10/16/2022,20:05:51,0.166,6.185
vegan,Vegan Bakery-Style Blueberry Muffins,american,60.67,558.45,19.72,10/16/2022,20:05:51,0.109,28.319
vegan,Carnitas tenderloin tacos,mexican,71.06,54.84,66.08,10/16/2022,20:05:58,1.296,0.83
vegan,Canadian apple butter,american,2.49,135.45,25.78,10/16/2022,20:05:58,0.018,5.254
vegan,"Pantry Bacon (vegan, gluten free)",american,0.92,79.66,27.61,10/16/2022,20:05:58,0.012,2.885
vegan,Raw Vegan Coconut Almond Macaroons,american,36.09,114.15,126.25,10/16/2022,20:05:58,0.316,0.904
vegan,Burgers with Chunky Grilled Vegetables,american,52.87,100.71,28.39,10/16/2022,20:05:58,0.525,3.547
vegan,Vegan Broccoli Cream Soup Recipe,american,23.5,92.68,28.95,10/16/2022,20:05:58,0.254,3.201
vegan,Vegan chocolate banana ice cream,american,1.61,27.46,0.63,10/16/2022,20:05:58,0.059,43.587
vegan,Patatas Bravas,mediterranean,25.85,207.13,64.9,10/16/2022,20:05:58,0.125,3.192
vegan,"Big Quesadillas with Refried Beans, Spinach, and Avocado",mexican,51.06,204.95,54.93,10/16/2022,20:05:58,0.249,3.731
vegan,"Charred cauliflower, lemon & caper orzo",italian,19.38,93.24,11.53,10/16/2022,20:05:58,0.208,8.087
vegan,Mango-Raspberry Vegan Shake recipes,american,4.2,164.16,14.87,10/16/2022,20:05:58,0.026,11.04
vegan,Healthy Vegan German Potato Salad,american,28.42,244.78,1.47,10/16/2022,20:05:58,0.116,166.517
vegan,Red cabbage with coriander seed,american,4.48,111.57,15.81,10/16/2022,20:05:58,0.04,7.057
vegan,Chickpeas With Spring Greens (Vegan),american,39.1,139.69,22.25,10/16/2022,20:05:58,0.28,6.278
vegan,Fully Loaded Vegan Burritos,american,67.39,364.68,36.02,10/16/2022,20:05:58,0.185,10.124
vegan,Spicy Vegan Refried Beans Recipe,american,100.45,309.31,61.96,10/16/2022,20:05:58,0.325,4.992
vegan,Cheesy Vegan Brussels Sprout Chips,american,12.37,27.62,14.54,10/16/2022,20:06:05,0.448,1.9
vegan,Trinidad Pholourie (Gluten Free & Vegan),american,52.36,390.02,84.29,10/16/2022,20:06:05,0.134,4.627
vegan,Vegan Whipped Coconut Sweet Potatoes,american,7.42,82.5,24.29,10/16/2022,20:06:05,0.09,3.396
vegan,Olive-Artichoke Eggplant Rolls,mediterranean,21.24,79.57,92.14,10/16/2022,20:06:05,0.267,0.864
vegan,Vegan Jelly-Filled Muffins Recipe,american,20.55,440.45,79.32,10/16/2022,20:06:05,0.047,5.553
vegan,RAW VEGAN BLOODY MARY recipes,american,5.99,29.77,1.48,10/16/2022,20:06:05,0.201,20.115
vegan,Hungarian Apple Crumb Kugel,french,17.65,504.27,94.97,10/16/2022,20:06:05,0.035,5.31
vegan,Zucchini Verde Vegan Enchiladas,american,91.98,243.48,112.79,10/16/2022,20:06:05,0.378,2.159
vegan,Asian-Style Lettuce Wraps,japanese,50.77,54.64,18.12,10/16/2022,20:06:05,0.929,3.015
vegan,Vegan chickpea curry jacket potatoes,american,76.95,355.52,41.04,10/16/2022,20:06:05,0.216,8.663
vegan,Vegan Fluffy Buttercream Frosting recipes,american,1.19,424.99,193.24,10/16/2022,20:06:05,0.003,2.199
vegan,Vegan Thai Summer Squash Vichyssoise,south east asian,44.26,154.44,61.48,10/16/2022,20:06:05,0.287,2.512
vegan,Vegan Cream of Broccoli Soup,american,50.28,107.77,31.46,10/16/2022,20:06:11,0.467,3.426
vegan,Vegan Vanilla Ice Cream recipes,american,25.52,107.14,61.4,10/16/2022,20:06:11,0.238,1.745
vegan,Raw Vegan Fig-Vanilla Jam,american,3.26,61.03,3.23,10/16/2022,20:06:11,0.053,18.895
vegan,Vegan Bakery-Style Banana Muffins,american,54.07,584.1,8.27,10/16/2022,20:06:11,0.093,70.629
vegan,Banana Cake with Peanut Butter Frosting recipes,american,33.4,355.7,147.51,10/16/2022,20:06:11,0.094,2.411
vegan,Banana Bread for One,american,2.58,40.25,14.28,10/16/2022,20:06:11,0.064,2.819
vegan,Vegan Spinach and Artichoke Dip,american,51.29,101.78,127.63,10/16/2022,20:06:11,0.504,0.797
vegan,Vegan Stuffing with Mushrooms and Leeks,american,66.77,281.85,107.09,10/16/2022,20:06:11,0.237,2.632
vegan,Vegan Tofu and Spinach Scramble,american,70.95,39.43,62.98,10/16/2022,20:06:11,1.799,0.626
vegan,Spicy Cabbage Slaw (vegan) Recipe,american,5.78,84.31,0.89,10/16/2022,20:06:11,0.069,94.73
vegan,VEGAN PENNE WITH VODKA SAUCE,american,107.55,480.93,253.29,10/16/2022,20:06:11,0.224,1.899
vegan,Vegan Pumpkin Pie Ice Cream,american,16.63,173.09,43.5,10/16/2022,20:06:11,0.096,3.979
vegan,Vegan Mint Chip Ice Cream,american,39.05,157.15,134.2,10/16/2022,20:06:11,0.248,1.171
vegan,Grilled Portobello Mushroom Burgers,world,43.5,164.35,27.76,10/16/2022,20:06:11,0.265,5.92
vegan,Raspberry Mousse recipes,french,39.86,167.6,36.62,10/16/2022,20:06:18,0.238,4.577
vegan,Cajun Portobello Sandwich with Avocado and Rémoulade,american,57.79,210.99,172.74,10/16/2022,20:06:18,0.274,1.221
vegan,Vegan Macaroni and Cheese recipes,american,193.15,523.06,199.57,10/16/2022,20:06:18,0.369,2.621
vegan,Vegan Tofu Green Goddess Dressing,american,6.27,18.38,77.51,10/16/2022,20:06:18,0.341,0.237
vegan,Vegan Sweet Potato Malai Kofta,american,36.9,128.0,128.65,10/16/2022,20:06:18,0.288,0.995
vegan,Easy Vegan Pad Thai Supreme,american,97.94,217.78,168.32,10/16/2022,20:06:18,0.45,1.294
vegan,Gluten-Free Balsamic Zucchini Scones,american,20.83,236.24,117.68,10/16/2022,20:06:18,0.088,2.007
vegan,Vegan Lasagna with Roasted Vegetables,american,163.88,380.69,90.7,10/16/2022,20:06:18,0.43,4.197
vegan,RAW VEGAN CHOCOLATE CAKE recipes,american,64.58,545.79,182.41,10/16/2022,20:06:18,0.118,2.992
vegan,Creamy Vegan Butternut Squash Carbonara,american,109.29,444.43,60.41,10/16/2022,20:06:18,0.246,7.357
vegan,RAW VEGAN DONUT HOLES recipes,american,27.04,203.88,72.04,10/16/2022,20:06:18,0.133,2.83
vegan,Spring Has Sprung Salad recipes,american,17.79,61.94,14.16,10/16/2022,20:06:18,0.287,4.374
vegan,Vegan Roasted Sweet Potato Quesadillas,mexican,77.95,361.1,76.6,10/16/2022,20:06:18,0.216,4.714
vegan,Homemade 'Reese's Cups' Recipe,american,95.7,445.64,398.74,10/16/2022,20:06:25,0.215,1.118
vegan,Vegan Green Bean Casserole Recipe,american,41.54,127.28,418.85,10/16/2022,20:06:25,0.326,0.304
vegan,Chilled Avocado Soup,american,11.34,45.35,81.6,10/16/2022,20:06:25,0.25,0.556
vegan,Creamy Vegan Herb Salad Dressing,american,14.5,6.77,34.26,10/16/2022,20:06:25,2.142,0.198
vegan,Super Healthy Vegan Hummus Wrap,american,22.54,64.48,36.5,10/16/2022,20:06:25,0.35,1.767
vegan,Vegan Portobello and Peach Burger,american,79.96,381.1,254.75,10/16/2022,20:06:25,0.21,1.496
vegan,Creamy Vegan Avocado Potato Salad,american,26.81,185.65,60.99,10/16/2022,20:06:25,0.144,3.044
vegan,Vegan Pumpkin Pie Ice Cream,american,16.63,173.09,43.5,10/16/2022,20:06:25,0.096,3.979
vegan,Vegan Cauliflower Steaks with Mushroom Gravy,american,37.21,111.41,69.17,10/16/2022,20:06:25,0.334,1.611
vegan,"The Happy Herbivore's Easy, Mock Tuna Salad Recipe",american,102.57,315.32,37.81,10/16/2022,20:06:25,0.325,8.34
vegan,Vegan Cauliflower Fettuccine Alfredo with Kale,american,75.91,290.12,71.3,10/16/2022,20:06:25,0.262,4.069
vegan,Smokin' Hot Vegan Vaquero Chili,american,57.35,191.42,17.06,10/16/2022,20:06:25,0.3,11.22
vegan,Soy-Free Vegan Mayonnaise recipes,american,2.47,12.91,173.68,10/16/2022,20:06:25,0.191,0.074
vegan,Paleo Honey Cake,eastern europe,87.32,258.25,259.21,10/16/2022,20:06:25,0.338,0.996
vegan,"Homemade Vegan ""Kit Kat"" Bars",american,54.69,511.03,283.58,10/16/2022,20:06:25,0.107,1.802
vegan,Spinach & Dill Pasta Salad,american,17.4,70.76,24.13,10/16/2022,20:06:25,0.246,2.932
vegan,Vegan Cream of Broccoli Soup recipes,american,41.97,142.86,18.91,10/16/2022,20:06:32,0.294,7.555
vegan,Indian Cauliflower with Black Mustard Seeds,mediterranean,14.68,48.25,45.34,10/16/2022,20:06:32,0.304,1.064
vegan,5 Minute Vegan Kale Pesto recipes,american,13.62,20.92,135.28,10/16/2022,20:06:32,0.651,0.155
vegan,Mexican Quinoa Bake,middle eastern,146.79,496.75,81.22,10/16/2022,20:06:32,0.296,6.116
vegan,Pantry Thai vegan chickpea pasta,south east asian,119.07,530.39,176.66,10/16/2022,20:06:32,0.224,3.002
vegan,Raw Mini Key Lime Pies,american,8.55,164.25,92.62,10/16/2022,20:06:32,0.052,1.773
vegan,Vegan Italian Garbanzo Bean Soup,american,29.6,113.87,21.94,10/16/2022,20:06:32,0.26,5.19
vegan,Recipe: Vegan Sweet Potato Chowder,american,17.31,201.34,28.75,10/16/2022,20:06:32,0.086,7.003
vegan,Italian Wedding Soup,italian,125.25,163.89,50.35,10/16/2022,20:06:32,0.764,3.255
vegan,Vegan Carrot Ginger Coconut Soup,american,29.08,129.28,68.93,10/16/2022,20:06:32,0.225,1.876
vegan,RAW VEGAN SPECIAL BROWNIES recipes,american,33.59,250.48,358.36,10/16/2022,20:06:32,0.134,0.699
vegan,Vegan Dark Chocolate Coconut Tart,american,32.24,221.1,103.54,10/16/2022,20:06:32,0.146,2.135
vegan,Vegan Burrito Bowls with Cauliflower Rice,mexican,25.61,50.07,58.11,10/16/2022,20:06:32,0.511,0.862
vegan,Soy-Free Vegan Mac and Cheese,american,74.62,161.63,11.77,10/16/2022,20:06:32,0.462,13.732
vegan,Paleo and Vegan Pesto stuffed mushrooms,american,10.73,15.5,49.29,10/16/2022,20:06:32,0.692,0.314
vegan,Vegan Dan Dan Noodles Recipe,asian,45.41,189.76,105.4,10/16/2022,20:06:32,0.239,1.8
vegan,Eggless Tofu Salad,asian,54.39,29.82,38.61,10/16/2022,20:06:32,1.824,0.772
vegan,The Best Vegan Tacos Ever,american,66.84,319.94,135.48,10/16/2022,20:06:38,0.209,2.362
vegan,Vegan Lemon-Dill Cashew Dip,american,57.76,99.83,193.27,10/16/2022,20:06:38,0.579,0.517
vegan,Summer Baked Beans,american,10.34,402.59,7.31,10/16/2022,20:06:38,0.026,55.074
vegan,Green Goddess Dressing (Vegan) recipes,american,6.86,26.61,84.01,10/16/2022,20:06:38,0.258,0.317
vegan,Carrot Mustard Soup,american,69.1,147.26,30.53,10/16/2022,20:06:38,0.469,4.823
vegan,Vegan Creamy Curried Pumpkin Soup,american,63.88,290.85,179.29,10/16/2022,20:06:38,0.22,1.622
vegan,Vegan Banana Coconut Ice Cream Recipe,american,12.53,369.55,105.65,10/16/2022,20:06:38,0.034,3.498
vegan,Crabless Cakes with Hearts of Palm and Corn,mediterranean,30.54,144.93,42.23,10/16/2022,20:06:38,0.211,3.432
vegan,"Chana Saag (vegan, gluten free)",american,60.24,155.38,44.87,10/16/2022,20:06:38,0.388,3.463
vegan,Tofu Burger,asian,122.37,445.66,80.26,10/16/2022,20:06:38,0.275,5.553
vegan,Mushroom Sun Burger,american,45.55,85.84,81.32,10/16/2022,20:06:38,0.531,1.056
vegan,Mushroom Chia Risotto,italian,42.76,409.11,63.48,10/16/2022,20:06:38,0.105,6.445
vegan,Tangy Vegan Potato Salad Recipe,american,57.93,304.53,130.47,10/16/2022,20:06:45,0.19,2.334
vegan,Spicy Pumpkin Soup,british,23.85,148.88,17.78,10/16/2022,20:06:45,0.16,8.373
vegan,Creamy Vegan Fingerling Potato Salad Recipe,american,20.82,185.35,55.76,10/16/2022,20:06:45,0.112,3.324
vegan,Pumpkin Spice Whoopie Pies (Vegan),american,44.86,408.68,110.29,10/16/2022,20:06:45,0.11,3.706
vegan,Petite Quiches Three Ways,french,115.56,354.44,204.12,10/16/2022,20:06:45,0.326,1.736
vegan,"Vegan ""Pancit Bihon"" with Spaghetti Squash",american,14.17,90.83,32.26,10/16/2022,20:06:45,0.156,2.816
vegan,Vegan Garlic Scrape and Mushroom Rice,american,29.91,145.23,15.92,10/16/2022,20:06:45,0.206,9.122
vegan,Baked Eggplant Fries Recipe,french,61.99,238.33,30.15,10/16/2022,20:06:45,0.26,7.905
vegan,Toasted Hazelnut and Fig Cake (Vegan),american,63.19,453.89,357.0,10/16/2022,20:06:45,0.139,1.271
vegan,Naughty & Nice Vegan Enchilada Casserole,american,84.97,339.36,32.59,10/16/2022,20:06:45,0.25,10.413
vegan,Vegan Harvest Vegetable Tart recipes,american,92.46,214.57,116.61,10/16/2022,20:06:45,0.431,1.84
vegan,Peanut-Tamarind Dipping Sauce for Spring Rolls or Satay Recipe,south east asian,24.35,36.34,66.36,10/16/2022,20:06:45,0.67,0.548
vegan,Vegan Pumpkin Pecan Pie recipes,american,87.99,496.82,335.19,10/16/2022,20:06:45,0.177,1.482
vegan,Gluten-Free Vegan Stuffed Potatoes,american,98.63,691.07,33.85,10/16/2022,20:06:45,0.143,20.416
vegan,Miso-Marinated Portobello Carpaccio (Vegan) Recipe,japanese,11.93,38.64,69.78,10/16/2022,20:06:45,0.309,0.554
vegan,Vegan Avocado Lime Ice Cream Recipe,american,12.58,259.48,88.12,10/16/2022,20:06:45,0.048,2.945
vegan,Oatmeal Banana Chocolate Chip Cake {Vegan},american,46.97,639.42,212.42,10/16/2022,20:06:45,0.073,3.01
vegan,Vegan Peach Crumble Coffee Cake,american,34.97,392.01,164.88,10/16/2022,20:06:52,0.089,2.378
vegan,Recipe: 6-Ingredient Vegan Enchilada Casserole,american,51.99,239.48,95.83,10/16/2022,20:06:52,0.217,2.499
vegan,Best-Ever Vegan Mac & Cheese,american,134.86,514.32,144.12,10/16/2022,20:06:52,0.262,3.569
vegan,Wholesome Holiday Cookies (vegan + gluten-free),american,36.43,157.33,208.54,10/16/2022,20:06:52,0.232,0.754
vegan,Vegan Mint Chip Ice Cream Recipe,american,28.89,288.27,249.93,10/16/2022,20:06:52,0.1,1.153
vegan,"Tofu ""Egg"" Salad",asian,68.9,30.83,70.95,10/16/2022,20:06:52,2.235,0.435
vegan,"Strawberry Kiwi Daiquiri Cupcakes with Kiwi Curd, Strawberry Rum Frosting, and Strawberry Rum Shooter Garnish",american,92.28,2314.02,665.2,10/16/2022,20:06:52,0.04,3.479
vegan,Loaded Organic Baked Potato with Broccoli and Cheese,italian,59.69,179.9,109.31,10/16/2022,20:06:52,0.332,1.646
vegan,Vegan Soft Serve Ice Cream recipes,american,7.04,90.76,3.39,10/16/2022,20:06:52,0.078,26.773
vegan,Zucchini Za’atar Vegan Scones recipes,american,37.77,213.68,129.79,10/16/2022,20:06:52,0.177,1.646
vegan,VIETNAMESE RICE NOODLE SOUP (VEGAN PHO),south east asian,31.1,207.84,18.92,10/16/2022,20:06:52,0.15,10.985
vegan,Deep Dish Chocolate Peanut Butter Ice Cream Cake recipes,american,112.35,575.76,249.51,10/16/2022,20:06:52,0.195,2.308
vegan,Japanese Pancakes (Okonomiyaki) recipes,american,27.62,110.94,35.07,10/16/2022,20:06:52,0.249,3.163
vegan,Spiced Coconut Lentil Soup recipes,south american,56.77,157.3,68.75,10/16/2022,20:06:52,0.361,2.288
vegan,Veggie Kebabs With Vegan Pesto Sauce,american,107.45,103.38,222.45,10/16/2022,20:06:52,1.039,0.465
vegan,Aromatic Coconut Rice recipes,indian,35.06,342.77,69.42,10/16/2022,20:06:59,0.102,4.938
vegan,Fruit & nut butternut squash quinoa,south american,79.26,308.07,131.58,10/16/2022,20:06:59,0.257,2.341
vegan,Slow-Cooker Vegan Lentil Curry,american,112.09,408.52,18.4,10/16/2022,20:06:59,0.274,22.202
vegan,Instant-Pot Vegan Cauliflower Queso,american,27.68,59.25,18.02,10/16/2022,20:06:59,0.467,3.288
vegan,Vegan Pumpkin Pecan Pie recipes,american,84.98,439.4,274.26,10/16/2022,20:06:59,0.193,1.602
vegan,Vegan Carrot Spice Muffins recipes,american,52.3,443.44,47.22,10/16/2022,20:06:59,0.118,9.391
vegan,5 Minute Vegan Pumpkin Soup recipes,american,30.87,168.45,44.04,10/16/2022,20:06:59,0.183,3.825
vegan,Date parcels stuffed with frangipane and pomegranate,american,45.98,511.58,285.24,10/16/2022,20:06:59,0.09,1.794
vegan,Vegan Coconut Banana Ice Cream recipes,american,12.71,127.44,84.77,10/16/2022,20:06:59,0.1,1.503
vegan,Vegan Lentil Bolognese with Cashew Parmesan,american,113.48,482.33,37.83,10/16/2022,20:06:59,0.235,12.75
vegan,Grilled Broccoli and Bread Salad with Pickled Shallots,american,42.75,263.75,130.8,10/16/2022,20:06:59,0.162,2.016
vegan,"Celeriac, hazelnut & truffle soup",french,52.69,168.76,110.68,10/16/2022,20:06:59,0.312,1.525
vegan,Rice Spaghetti with Green Vegan Basil Pesto,american,19.28,141.13,67.74,10/16/2022,20:06:59,0.137,2.083
vegan,Easy Vegan Garlic Scape Pesto recipes,american,84.75,33.82,112.08,10/16/2022,20:06:59,2.506,0.302
vegan,Vegan Saffron-Almond Rice Pudding Recipe,british,42.64,336.11,40.95,10/16/2022,20:07:05,0.127,8.208
vegan,The Best Vegan Mapo Tofu Recipe,asian,75.35,69.27,136.84,10/16/2022,20:07:05,1.088,0.506
vegan,15-Minute Creamy Tomato Soup (Vegan) Recipe,american,27.5,129.28,116.19,10/16/2022,20:07:05,0.213,1.113
vegan,Eggless Salad,french,42.76,30.02,25.53,10/16/2022,20:07:05,1.424,1.176
vegan,"Mushroom, Zucchini, and Black Bean Enchiladas",south american,69.31,322.33,106.83,10/16/2022,20:07:05,0.215,3.017
vegan,The Trifecta Burger,american,105.55,94.95,227.09,10/16/2022,20:07:05,1.112,0.418
vegan,"King Oyster Mushroom ""BLT"" with Basil Mayonnaise recipes",american,25.16,78.74,51.15,10/16/2022,20:07:05,0.32,1.539
vegan,Callaloo - Trinidadian (Vegan) Cream of Spinach,american,23.33,58.48,125.79,10/16/2022,20:07:05,0.399,0.465
vegan,Crispy Fish 'n' Rainbow Chips,american,203.23,155.01,146.44,10/16/2022,20:07:05,1.311,1.059
vegan,Naan,indian,72.17,442.77,69.4,10/16/2022,20:07:05,0.163,6.38
vegan,"Chocolate-Covered Potato Chips with Coconut, Chile Powder, & Toasted Almonds",american,65.69,379.93,327.43,10/16/2022,20:07:05,0.173,1.16
vegan,Vegan Coconut Zucchini Chocolate Chip Bread,american,45.07,364.82,232.78,10/16/2022,20:07:05,0.124,1.567
vegan,Roasted Cauliflower and Almond Risotto,italian,71.43,255.83,115.68,10/16/2022,20:07:05,0.279,2.212
vegan,Vegan Kale and White Bean Korma,american,110.61,344.48,46.11,10/16/2022,20:07:05,0.321,7.471
vegan,Vegan Stovetop-Style Macaroni and Cheese Recipe,american,57.7,264.11,151.45,10/16/2022,20:07:12,0.218,1.744
vegan,Vegan Shiitake Miso Cleansing Soup recipes,american,39.68,202.63,9.48,10/16/2022,20:07:12,0.196,21.374
vegan,Salmon with Stone Fruit and Parmesan Salad,nordic,87.02,43.49,122.55,10/16/2022,20:07:12,2.001,0.355
vegan,Vegan Caesar Salad with Polenta Croutons,american,75.65,219.09,54.16,10/16/2022,20:07:12,0.345,4.045
vegan,Mango Rice with Mustard,indian,18.61,178.66,51.56,10/16/2022,20:07:12,0.104,3.465
vegan,Satay sweet potato curry,south east asian,30.05,156.04,107.5,10/16/2022,20:07:12,0.193,1.452
vegan,Bean & halloumi stew,french,54.94,133.87,72.08,10/16/2022,20:07:12,0.41,1.857
vegan,Yellow Split-Pea Soup,french,113.42,313.22,12.41,10/16/2022,20:07:12,0.362,25.239
vegan,Lamington babka - chocolate and coconut vegan brioche,american,67.84,520.26,136.02,10/16/2022,20:07:12,0.13,3.825
vegan,(Absolutely not a Falafel) Vegan Lentil Falafel,american,46.33,133.73,2.36,10/16/2022,20:07:12,0.346,56.665
vegan,Vegan Lentil Bolognese with Cashew Parmesan,american,170.99,544.44,105.64,10/16/2022,20:07:12,0.314,5.154
vegan,Spinach Fettuccine with Tangy Grilled Summer Squash,american,79.87,404.91,132.08,10/16/2022,20:07:12,0.197,3.066
vegan,Spicy Vegan Dragon Noodle Salad Recipe,american,57.2,255.09,90.89,10/16/2022,20:07:12,0.224,2.807
vegan,Meal-Prep Vegan Moroccan Lettuce Wraps,american,181.37,572.53,54.59,10/16/2022,20:07:12,0.317,10.488
vegan,Savory Vegan Chickpea Crêpes With Vegetable Ragout,american,47.23,162.33,31.12,10/16/2022,20:07:19,0.291,5.216
vegan,Fudgy Brownies recipes,french,61.79,603.55,215.47,10/16/2022,20:07:19,0.102,2.801
vegan,Papadums With Whipped Dal,indian,55.86,135.98,58.81,10/16/2022,20:07:19,0.411,2.312
vegan,Oil-free Vegan Pesto Pasta Salad,american,31.33,303.87,42.21,10/16/2022,20:07:19,0.103,7.199
vegan,Vegan Pasta Alfredo With Two Stroganoff Variations,american,70.53,254.29,34.09,10/16/2022,20:07:19,0.277,7.459
vegan,Repair and Recover Vegan Chia Pudding recipes,british,8.47,26.41,9.87,10/16/2022,20:07:19,0.321,2.676
vegan,Kimchi Udon Noodle Soup,asian,55.59,161.65,24.36,10/16/2022,20:07:19,0.344,6.636
vegan,Orange Chocolate Vegan Cheese Cake recipes,american,79.19,398.7,470.33,10/16/2022,20:07:19,0.199,0.848
vegan,Vegan Chocolate-Peanut Butter Pudding Cups,british,65.49,340.58,271.16,10/16/2022,20:07:19,0.192,1.256
vegan,Creamy Vegan Linguine with Wild Mushrooms recipes,american,102.78,374.81,91.03,10/16/2022,20:07:19,0.274,4.117
vegan,Shiny Happy Poppers,french,32.06,200.02,115.51,10/16/2022,20:07:19,0.16,1.732
vegan,Spinach Dip,american,30.78,43.04,132.01,10/16/2022,20:07:19,0.715,0.326
vegan,Vegan Salty Peanut Butter Ice Cream Recipe,american,79.44,310.67,351.96,10/16/2022,20:07:19,0.256,0.883
vegan,Vegan Sweet Potato and Pumpkin Pudding Cups,british,17.94,154.04,73.94,10/16/2022,20:07:19,0.116,2.083
vegan,Sticky toffee pear pudding,british,38.94,975.75,206.75,10/16/2022,20:07:19,0.04,4.719
vegan,Foolproof Vegan Vanilla Coconut Ice Cream Recipe,american,22.14,253.66,219.45,10/16/2022,20:07:26,0.087,1.156
vegan,KALE + EDAMAME DUMPLINGS w/ SIMPLE DIPPING SAUCE recipes,chinese,74.92,368.27,22.84,10/16/2022,20:07:26,0.203,16.124
vegan,Vegan Quinoa-Stuffed Grilled Zucchini recipes,american,36.15,107.22,72.8,10/16/2022,20:07:26,0.337,1.473
vegan,"Vegan, Gluten Free Butternut Squash Gratin",american,104.45,273.06,62.21,10/16/2022,20:07:26,0.383,4.389
vegan,Vegan Toasted Coconut And Pistachio Ice Cream,american,15.14,143.93,108.29,10/16/2022,20:07:26,0.105,1.329
vegan,Vegan Dark Chocolate-Avocado Cake recipes,american,70.04,956.9,298.71,10/16/2022,20:07:26,0.073,3.203
vegan,Chana Masala Pockets with Tofu and Arugula,asian,212.76,609.53,108.18,10/16/2022,20:07:26,0.349,5.634
vegan,Vegan Chocolate Cake with Creamy Chocolate Filling,american,82.81,942.6,262.43,10/16/2022,20:07:26,0.088,3.592
vegan,Vegan Quinoa-Cranberry Stuffed Acorn Squash,american,45.69,339.78,67.84,10/16/2022,20:07:26,0.134,5.009
vegan,Karina's Gluten-Free Pumpkin Pie With Praline And Coconut-Pecan Crust,american,43.53,604.47,340.12,10/16/2022,20:07:26,0.072,1.777
vegan,Vegan Vanilla Bean Coconut Milk Ice Cream,american,17.2,154.45,180.78,10/16/2022,20:07:26,0.111,0.854
vegan,Strawberries with Pomegranate Molasses and Vegan Whip Cream,american,16.29,206.68,134.38,10/16/2022,20:07:26,0.079,1.538
vegan,Vegan Wild-Rice-Stuffed Butternut Squash,american,37.1,306.15,77.66,10/16/2022,20:07:32,0.121,3.942
vegan,Vegan Seitan and Mushroom Ragù Bolognese Recipe,american,132.82,110.63,99.64,10/16/2022,20:07:32,1.201,1.11
vegan,Mini Vegan Key Lime Icebox Pies,american,34.73,315.21,801.39,10/16/2022,20:07:32,0.11,0.393
vegan,Foolproof Vegan Chocolate Coconut Ice Cream Recipe,american,28.47,271.83,223.87,10/16/2022,20:07:32,0.105,1.214
vegan,Vegan Shepherd’s Pie with Gravy recipes,american,42.83,360.03,54.61,10/16/2022,20:07:32,0.119,6.593
vegan,Recipe: Vegan Creamy Curried Cauliflower Soup,american,32.73,97.53,95.5,10/16/2022,20:07:32,0.336,1.021
vegan,Creamy Vegan Saag Paneer (With Tofu) Recipe,asian,50.62,81.39,62.87,10/16/2022,20:07:32,0.622,1.295
vegan,Spiced Butternut Squash Lentil Soup (Vegan),american,64.65,236.09,33.82,10/16/2022,20:07:32,0.274,6.981
vegan,"Gluten-Free, Vegan Cranberry-Almond Tartlets",american,71.0,418.03,177.94,10/16/2022,20:07:32,0.17,2.349
vegan,Flying Tofu Wedges,asian,56.97,25.88,37.72,10/16/2022,20:07:32,2.201,0.686
vegan,"Vegan Quinoa, Broccoli, and Kale Curry Recipe",american,42.54,161.71,55.0,10/16/2022,20:07:32,0.263,2.94
vegan,"Vegan Coconut, Lime, and Rum Ice Cream Recipe",american,22.2,253.22,219.46,10/16/2022,20:07:32,0.088,1.154
vegan,Easy Vegan Pressure-Cooker Miso Risotto Recipe,japanese,37.37,347.3,87.9,10/16/2022,20:07:32,0.108,3.951
vegan,Mak Kimchi,south east asian,16.34,36.04,1.92,10/16/2022,20:07:39,0.453,18.771
vegan,Amaretto-spiked Chocolate Mousse recipes,italian,51.89,188.64,99.61,10/16/2022,20:07:39,0.275,1.894
vegan,"Easy Flaked Almond ""Tuna"" Salad recipes",american,36.59,50.97,86.5,10/16/2022,20:07:39,0.718,0.589
vegan,Southern Skillet Black-Eyed Peas with Quick Buttery Biscuits,mediterranean,83.85,497.26,304.42,10/16/2022,20:07:39,0.169,1.633
vegan,"Butternut, chestnut & lentil cake",south east asian,123.25,624.69,113.28,10/16/2022,20:07:39,0.197,5.515
vegan,Pink Pasta - with a creamy vegan vegetable sauce,american,63.96,356.1,16.77,10/16/2022,20:07:39,0.18,21.234
vegan,Garlic Potato Kale Cakes,central europe,39.38,301.21,42.49,10/16/2022,20:07:39,0.131,7.089
vegan,Ultimate Vegan Lentil Walnut Loaf recipes,american,76.55,333.74,32.63,10/16/2022,20:07:39,0.229,10.228
vegan,"Homemade Baileys Irish Cream, made vegan. recipes",world,8.86,93.2,117.82,10/16/2022,20:07:39,0.095,0.791
vegan,"Vegan Potato, Pepper and Olive Phyllo Cups",mediterranean,65.91,373.92,94.34,10/16/2022,20:07:39,0.176,3.964
vegan,Barbecued Tofu Burger,asian,66.13,259.53,41.51,10/16/2022,20:07:46,0.255,6.252
vegan,5 Ingredient No Bake Vegan Date Squares recipes,american,100.09,831.04,179.01,10/16/2022,20:07:46,0.12,4.642
vegan,Colin Quinn's Irish Lamb Stew recipes,british,282.7,351.37,349.13,10/16/2022,20:07:46,0.805,1.006
vegan,Sweet Potato-Black Bean Burgers,american,78.61,299.8,66.66,10/16/2022,20:07:46,0.262,4.497
vegan,Gluten- and Dairy-Free Pie Crust,american,19.84,146.62,117.59,10/16/2022,20:07:46,0.135,1.247
vegan,Homemade Vegan Burgers That Don't Suck Recipe,american,116.52,408.38,173.73,10/16/2022,20:07:46,0.285,2.351
vegan,Baked mini gluten free vegan vanilla donuts,american,6.74,206.28,51.41,10/16/2022,20:07:46,0.033,4.012
vegan,Dark Chocolate Cherry Walnut Truffles recipes,french,29.78,210.49,152.54,10/16/2022,20:07:46,0.141,1.38
vegan,Vegan Beet Burgers with Sweet Chili Slaw,american,55.2,303.88,59.95,10/16/2022,20:07:46,0.182,5.069
vegan,Appetizer Recipe: Miso Sweet Potato Bites,japanese,29.62,206.76,42.3,10/16/2022,20:07:46,0.143,4.888
vegan,Vegan Snack Recipe: Toast with Hummus & Veggies,american,8.85,33.92,4.8,10/16/2022,20:07:46,0.261,7.067
vegan,Vegan dal | Hidden veg red lentil dal,american,80.1,235.31,7.74,10/16/2022,20:07:46,0.34,30.402
vegan,Vegan Olive Oil Cake w/Candied Rosemary,american,39.73,686.82,352.54,10/16/2022,20:07:46,0.058,1.948
vegan,Red Lentil Soup with Lime,french,53.51,161.56,19.46,10/16/2022,20:07:46,0.331,8.302
vegan,Our Favorite Chocolate Cake,american,25.32,408.54,105.86,10/16/2022,20:07:46,0.062,3.859
vegan,Who Cares Vegan Mac and Cheese recipes,american,303.66,681.96,245.27,10/16/2022,20:07:46,0.445,2.78
vegan,"SEXY CARAMEL SLICE (RAW, VEGAN, XO) recipes",american,99.61,812.75,256.02,10/16/2022,20:07:46,0.123,3.175
vegan,The Saint Jamez Benedict,american,67.18,126.42,168.33,10/16/2022,20:07:46,0.531,0.751
vegan,Mexican Mushroom and Spinach Sandwich (Vegan Torta) Recipe,american,47.97,185.14,66.94,10/16/2022,20:07:46,0.259,2.766
vegan,"Vegan Mushroom ""Jerky"" (Slow-Roasted Mushroom Strips)",american,6.67,32.45,14.0,10/16/2022,20:07:53,0.206,2.318
vegan,Roasted Vegan Cauliflower Soup with Parsley-Chive Swirl,american,125.49,260.01,367.16,10/16/2022,20:07:53,0.483,0.708
vegan,Vegan “Cream” Of Broccoli Soup With Leeks And Scallions,american,27.64,114.23,30.7,10/16/2022,20:07:53,0.242,3.721
vegan,Spaghetti and Soyballs,italian,129.78,282.3,84.87,10/16/2022,20:07:53,0.46,3.326
vegan,Vegan Pumpkin Pie With Rustic Spelt Crust,american,50.19,470.24,154.08,10/16/2022,20:07:53,0.107,3.052
vegan,Raw Chili recipes,american,70.26,284.92,93.63,10/16/2022,20:07:53,0.247,3.043
vegan,Vegan Southern-Style Collard Greens With Mushrooms Recipe,american,55.98,115.89,160.31,10/16/2022,20:07:53,0.483,0.723
vegan,Organic Lentil and Rice Stuffed Peppers,mediterranean,115.69,347.98,40.9,10/16/2022,20:07:53,0.332,8.508
vegan,Blender Sweet Potato Pie,south american,20.34,253.96,98.65,10/16/2022,20:07:53,0.08,2.574
vegan,Vegan Hot and Sour Soup with Tofu recipes,american,81.76,53.77,82.74,10/16/2022,20:07:53,1.521,0.65
vegan,Jackfruit Sloppy Joes,american,24.71,272.95,26.66,10/16/2022,20:07:53,0.091,10.238
vegan,Plain Cake Donut,american,14.5,404.4,76.58,10/16/2022,20:07:53,0.036,5.281
vegan,"Vegan Farro Risotto with Fennel, Peas and Greens",italian,41.38,190.32,76.47,10/16/2022,20:07:53,0.217,2.489
vegan,Crisp Tofu and Thai Cucumber Raita,south east asian,26.96,34.41,40.89,10/16/2022,20:07:53,0.783,0.842
vegan,CrisSpi Asian Tofu Sandwich,asian,150.3,464.12,119.07,10/16/2022,20:07:53,0.324,3.898
vegan,Vegan Coconut-Lime Panna Cotta with Mango Jam,american,17.71,157.36,54.27,10/16/2022,20:07:53,0.113,2.9
vegan,Asian Asparagus Salad With Peanuts and Mint Dressing [vegan],american,35.41,104.48,84.24,10/16/2022,20:07:53,0.339,1.24
vegan,Vegan Kale and Black Sesame Sushi Bowl,japanese,33.12,258.51,45.52,10/16/2022,20:07:59,0.128,5.679
vegan,Roasted Sweet Potato Salad with Candied Walnuts recipes,south american,18.51,117.15,64.52,10/16/2022,20:07:59,0.158,1.816
vegan,Vegan Curry Butternut Squash Soup With Kale Recipe,american,37.46,163.3,59.63,10/16/2022,20:07:59,0.229,2.739
vegan,Vegan Cream of Mushroom and Wild Rice Soup,american,47.23,183.97,66.42,10/16/2022,20:07:59,0.257,2.77
vegan,Vegetarian Pasta Puttanesca,italian,54.02,303.41,75.85,10/16/2022,20:07:59,0.178,4.0
vegan,Baked Yam Fries with Sriracha Hummus (Vegan + GF),american,33.02,169.41,42.68,10/16/2022,20:07:59,0.195,3.969
vegan,Corn Soup with Tofu Larb,asian,88.69,267.57,77.5,10/16/2022,20:07:59,0.331,3.453
vegan,"Tomato, pepper & bean one pot",mexican,161.21,531.46,26.21,10/16/2022,20:07:59,0.303,20.277
vegan,THE BEST VEGAN CORN TACOS WITH BELL PEPPER AND CILANTRO,american,19.99,144.88,41.58,10/16/2022,20:07:59,0.138,3.484
vegan,Basil Scalloped Tomatoes and Croutons recipes,american,40.71,83.13,49.37,10/16/2022,20:07:59,0.49,1.684
vegan,"Carrot, Pea, and Mint Salad Recipe",mediterranean,17.22,75.91,82.92,10/16/2022,20:07:59,0.227,0.915
vegan,Beet and Citrus Salad With Pine Nut Vinaigrette Recipe,american,24.74,156.71,107.6,10/16/2022,20:07:59,0.158,1.456
vegan,Stir Fried Singapore Noodles with Garlic Ginger Sauce recipes,asian,35.17,166.07,18.47,10/16/2022,20:07:59,0.212,8.991
vegan,Easy Vegan Soba Noodles with Peanut Sauce Recipe,asian,100.27,392.87,70.17,10/16/2022,20:07:59,0.255,5.599
vegan,"Eat your veggies, risotto!",italian,57.83,172.85,39.19,10/16/2022,20:07:59,0.335,4.411
vegan,Vegan Coconut Cream Tart with White Peaches and Blueberries,american,39.45,285.88,109.49,10/16/2022,20:08:06,0.138,2.611
vegan,Tomato-Garlic Focaccia - My Vegan Italian Flatbread,american,29.81,323.46,24.1,10/16/2022,20:08:06,0.092,13.422
vegan,Gluten-Free Low-Fat Vegan Oatmeal Muffins Recipe,american,36.6,395.9,52.33,10/16/2022,20:08:06,0.092,7.565
vegan,Light Yakisoba Noodles,asian,26.81,120.31,35.64,10/16/2022,20:08:06,0.223,3.376
vegan,Barbecue Slawpy Jacks,american,28.7,376.7,56.48,10/16/2022,20:08:06,0.076,6.67
vegan,Gigante Beans a la Zaytinya,american,29.56,98.08,46.07,10/16/2022,20:08:06,0.301,2.129
vegan,Vegan Chickpea Chile Soup with Greens and Grains,american,56.37,226.91,31.65,10/16/2022,20:08:06,0.248,7.169
vegan,Vegan Garden Pesto With Miso and Mixed Herbs Recipe,american,10.74,18.94,124.83,10/16/2022,20:08:06,0.567,0.152
vegan,Fig Salad inspired by Yotam Ottolenghi,american,22.07,156.75,49.11,10/16/2022,20:08:06,0.141,3.192
vegan,Seared Maitake Mushrooms recipes,french,13.6,57.03,197.0,10/16/2022,20:08:06,0.238,0.289
vegan,Cheater’s Maple Baked Beans on Toast recipes,american,34.0,133.4,9.01,10/16/2022,20:08:06,0.255,14.806
vegan,Chickpea Salad recipes,american,35.34,109.62,26.9,10/16/2022,20:08:06,0.322,4.075
vegan,The Vegan Divas Cookbook: Smoky Tomato-Bean Soup,american,70.3,187.93,32.62,10/16/2022,20:08:06,0.374,5.761
vegan,Mexican Fried Eggplant Sandwich (Vegan Tortas and Pambazos) Recipe,american,61.37,316.97,274.04,10/16/2022,20:08:06,0.194,1.157
vegan,Summer tomato lazy bruschetta,italian,37.03,180.61,44.77,10/16/2022,20:08:06,0.205,4.034
vegan,"""Refried"" Black Beans and Walnut Meat Tacos (Vegan)",american,133.18,332.91,127.84,10/16/2022,20:08:06,0.4,2.604
vegan,Vegan Roasted Vegetable Quinoa Bowl with Creamy Green Sauce,american,56.14,170.34,81.83,10/16/2022,20:08:06,0.33,2.082
vegan,Herb and Cheese Drop Biscuits recipes,british,36.3,205.92,94.25,10/16/2022,20:08:06,0.176,2.185
vegan,"Vegan Eggnog (Dairy Free, Egg Free, Gluten Free)",american,91.05,155.31,215.85,10/16/2022,20:08:13,0.586,0.72
vegan,Butternut Squash Salad With Farro And Pepitas recipes,italian,67.75,229.64,124.65,10/16/2022,20:08:13,0.295,1.842
vegan,"Vegan raw corn, avocado and black bean salad",american,44.72,195.48,34.04,10/16/2022,20:08:13,0.229,5.743
vegan,Vegan Chocolate Layer Cake With Creamy Chocolate Filling,american,82.81,942.6,262.43,10/16/2022,20:08:13,0.088,3.592
vegan,Seared Maitake Mushrooms,french,13.34,55.4,196.91,10/16/2022,20:08:13,0.241,0.281
vegan,Chive Vegan Cheese Spread and Veggie Crackers recipes,american,138.65,214.34,302.54,10/16/2022,20:08:13,0.647,0.708
vegan,Zucchini Gratin,french,48.89,133.58,108.22,10/16/2022,20:08:13,0.366,1.234
vegan,Salmon Burgers with Tartar Sauce,nordic,172.89,109.41,191.28,10/16/2022,20:08:13,1.58,0.572
vegan,Vegan Huevos Rancheros Are 10/10 Would Make Again,american,93.69,284.36,66.49,10/16/2022,20:08:13,0.329,4.277
vegan,Whole Wheat Eggless Garlic Bread Rolls,american,95.06,500.82,65.36,10/16/2022,20:08:13,0.19,7.662
vegan,French Apple Tart (Tarte Fine aux Pommes) [vegan],american,5.76,154.65,42.27,10/16/2022,20:08:13,0.037,3.659
vegan,Toasted Coconut Chocolate Cream Pie,american,96.57,276.56,234.17,10/16/2022,20:08:13,0.349,1.181
vegan,Vegan Pesto Spaghetti Squash with Mushrooms & Sun-Dried Tomatoes,american,30.43,110.1,81.2,10/16/2022,20:08:13,0.276,1.356
vegan,Pasta e fagioli,italian,100.0,327.59,46.54,10/16/2022,20:08:13,0.305,7.039
vegan,The Whole Wheat,american,80.52,395.26,102.03,10/16/2022,20:08:13,0.204,3.874
vegan,"Eggplant, Mushroom & Pesto Pizza recipes",italian,66.43,309.21,113.02,10/16/2022,20:08:20,0.215,2.736
vegan,Rotini Tomato Pasta with 3 Minute Vegan Parmesan Cheese recipes,american,28.77,26.8,36.72,10/16/2022,20:08:20,1.074,0.73
vegan,Portobello Sliders with Pepita Pesto,american,67.2,211.29,116.76,10/16/2022,20:08:20,0.318,1.81
vegan,Savory Vegan Chickpea Crêpes with Spring Vegetable Ragout,american,47.23,162.33,31.12,10/16/2022,20:08:20,0.291,5.216
vegan,Slow-Cooker Vegan Butternut Squash Soup with Apple,american,49.4,225.93,112.78,10/16/2022,20:08:20,0.219,2.003
vegan,Vegan: Japanese Simmered Daikon with Bok Choy and Edamame Recipe,world,22.13,75.04,6.6,10/16/2022,20:08:20,0.295,11.37
vegan,Grilled Broccoli And Bread Salad With Pickled Shallots,american,42.75,263.75,130.8,10/16/2022,20:08:20,0.162,2.016
vegan,"Green Bean Casserole (The Vegan, Gluten Free Sequel)",american,37.46,211.74,147.84,10/16/2022,20:08:20,0.177,1.432
vegan,Vegan Crispy Stir-Fried Tofu With Broccoli Recipe,asian,67.23,204.3,282.72,10/16/2022,20:08:20,0.329,0.723
vegan,Vegan Stuffed Squash with Brown Rice and Mushrooms recipes,american,70.59,564.75,78.83,10/16/2022,20:08:20,0.125,7.164
vegan,Quinoa chilli with avocado & coriander,south american,63.63,199.77,62.16,10/16/2022,20:08:20,0.319,3.214
vegan,Aloo Gobi,indian,26.33,176.83,12.93,10/16/2022,20:08:20,0.149,13.676
vegan,Apple-Cranberry Cobbler,american,88.21,772.5,75.84,10/16/2022,20:08:20,0.114,10.186
vegan,"From the Pantry: Vegan Pear, Cranberry and Pecan Muffins",american,31.57,444.44,162.63,10/16/2022,20:08:20,0.071,2.733
vegan,Springtime Strawberry Lime Mango Crisp (Vegan + GF) recipes,american,48.9,300.82,142.18,10/16/2022,20:08:20,0.163,2.116
vegan,Gluten-Free Tuesday: Vegan Apple Doughnuts Recipe,american,29.04,712.15,210.64,10/16/2022,20:08:26,0.041,3.381
vegan,The Most Delicious Vegan Pad Kee Mao Recipe,american,86.42,497.8,386.06,10/16/2022,20:08:26,0.174,1.289
vegan,Vegan Seared Pepper Tacos With Pintos And Avocado Crema,american,25.68,158.11,103.65,10/16/2022,20:08:26,0.162,1.525
vegan,Charred aubergines with white beans & salsa verde,mexican,100.96,337.54,186.26,10/16/2022,20:08:26,0.299,1.812
vegan,Yogurt Pancakes with Clementine Raspberry Compote,american,26.62,228.04,54.43,10/16/2022,20:08:26,0.117,4.19
vegan,Curried Carrot Ginger Soup,indian,27.43,175.59,121.69,10/16/2022,20:08:26,0.156,1.443
vegan,Tomato Bisque with Cashew Cream,mediterranean,63.64,156.49,170.3,10/16/2022,20:08:26,0.407,0.919
vegan,"Apple, Pear, And Sage Pie With Maple Walnut Crunch And Salted Honey Yogurt",american,77.2,673.23,194.71,10/16/2022,20:08:26,0.115,3.458
vegan,Crunchy Summer Salad with Creamy Vegan Avocado Dressing,american,65.41,268.37,97.67,10/16/2022,20:08:26,0.244,2.748
vegan,RAW VEGAN TIRAMISU with VANILLA CREAM & COFFEE LADYFINGERS recipes,american,102.51,578.68,263.97,10/16/2022,20:08:26,0.177,2.192
vegan,"Oatmeal, Fig, and Walnut Bars",american,73.43,1059.84,223.88,10/16/2022,20:08:26,0.069,4.734
vegan,Chickpea Miso Gravy Bowl with Sweet and Tangy Portobello Mushrooms recipes,japanese,32.73,191.92,39.61,10/16/2022,20:08:26,0.171,4.845
vegan,"Oatmeal, Fig, And Walnut Bars",american,54.06,916.76,219.49,10/16/2022,20:08:26,0.059,4.177
vegan,Vegan Spinach and Hominy Enchiladas With Spicy Cashew Cream Recipe,american,95.94,460.5,120.71,10/16/2022,20:08:26,0.208,3.815
vegan,Crabless Cakes with Hearts of Palm & Corn recipes,american,34.41,152.22,43.18,10/16/2022,20:08:26,0.226,3.525
vegan,"Braised Red Cabbage (Rotkraut) - (Vegan, Gluten Free, Low Fat)",american,19.6,91.74,39.84,10/16/2022,20:08:26,0.214,2.303
vegan,High Protein Quinoa Almond Berry Salad (Vegan & GF) recipes,american,39.67,220.91,45.97,10/16/2022,20:08:33,0.18,4.806
vegan,Nut Meat Tacos with Pickled Red Onions,american,43.71,165.56,91.56,10/16/2022,20:08:33,0.264,1.808
vegan,"Zucchini Noodles with Roasted Tomato Sauce (Gluten-Free, Vegan)",american,22.79,88.69,39.57,10/16/2022,20:08:33,0.257,2.241
vegan,End Of Summer Peach Apple Cobbler (Gluten-Free & Vegan),american,25.99,293.33,56.32,10/16/2022,20:08:33,0.089,5.208
vegan,"Cranberry, Apricot And Pecan Wild Rice Pilaf (Gf + Vegan)",american,36.91,263.46,75.99,10/16/2022,20:08:33,0.14,3.467
vegan,Fried Eggplant Sandwich With Eggplant Mayo Recipe,mediterranean,60.32,323.46,333.19,10/16/2022,20:08:33,0.186,0.971
vegan,Overnight Cherry Chia Seed Pudding – Paleo/Gluten Free/Vegan,american,12.77,112.92,56.84,10/16/2022,20:08:33,0.113,1.987
vegan,Fernanda Capobianco’s Pissaladière with Vegetables and Olives,french,43.32,292.33,229.46,10/16/2022,20:08:33,0.148,1.274
vegan,Vegan Lentil Shepherd’s Pie With Parsnip And And Potato Mash,american,123.18,591.98,66.46,10/16/2022,20:08:33,0.208,8.907
vegan,Ruby and Emerald Jeweled Rice,american,71.39,635.59,83.8,10/16/2022,20:08:33,0.112,7.585
vegan,Creamy Penne Pasta Bake With Zucchini,italian,72.39,391.05,92.19,10/16/2022,20:08:33,0.185,4.242
vegan,Quinoa Greek Salad recipes,mediterranean,40.99,145.69,88.66,10/16/2022,20:08:33,0.281,1.643
vegan,Pumpkin Polenta Recipe With Tomatillo-Avocado Salsa,south american,25.55,215.41,94.48,10/16/2022,20:08:33,0.119,2.28
vegan,Gluten-Free Black Bean Burgers,south east asian,167.98,551.67,21.39,10/16/2022,20:08:33,0.304,25.791
vegan,Creamy Polenta with Tempeh Sausage and Tomatoes,american,149.12,256.35,113.0,10/16/2022,20:08:33,0.582,2.269
vegan,Pineapple and Shrimp Fried Quinoa recipes,south east asian,88.52,225.53,98.9,10/16/2022,20:08:33,0.392,2.28
vegan,STRAWBERRY + CHOCOLATE CHEESECAKE recipes,american,90.62,426.23,303.42,10/16/2022,20:08:33,0.213,1.405
vegan,French Toast with Caramelized Bananas (Vegan and Gluten-Free) recipes,american,30.81,252.81,116.54,10/16/2022,20:08:40,0.122,2.169
vegan,Black Bean And Butternut Squash Burritos,mexican,80.91,322.43,60.9,10/16/2022,20:08:40,0.251,5.294
vegan,Jicama and Pomelo Salad With Spicy Thai Dressing (Vegan) Recipe,south east asian,20.97,83.67,19.59,10/16/2022,20:08:40,0.251,4.271
vegan,Recipe: Best-Ever Veggie Burger,american,78.27,305.53,27.28,10/16/2022,20:08:40,0.256,11.2
vegan,Red Lentil Spaghetti With Vegan Cauliflower Rosa Sauce and Arugula,american,68.96,372.57,26.63,10/16/2022,20:08:40,0.185,13.991
vegan,Dried Olive and Miso Shake (The Best Vegan Parmesan Substitute) Recipe,american,12.55,40.94,74.64,10/16/2022,20:08:40,0.307,0.548
vegan,Vietnamese-Style Tofu Hero with Asian Slaw,south east asian,49.71,65.14,96.03,10/16/2022,20:08:40,0.763,0.678
vegan,"A Recipe For Long Grain Brown Rice Pilaf (Vegan, Gluten Free)",mediterranean,43.94,188.1,47.11,10/16/2022,20:08:40,0.234,3.993
vegan,Hazelnut Fig Crackers with Sage and Black Pepper,american,167.2,358.87,455.11,10/16/2022,20:08:40,0.466,0.789
vegan,crunchy quinoa & veggie roaster,american,47.61,172.48,94.06,10/16/2022,20:08:40,0.276,1.834
vegan,Chocolate Cake with Chocolate-Orange Frosting,american,37.4,726.63,235.54,10/16/2022,20:08:40,0.051,3.085
vegan,Aloo Gobi,indian,27.03,181.02,31.83,10/16/2022,20:08:40,0.149,5.687
vegan,Vegan Olive Oil Cake (adapted from Maialino's Olive Oil Cake),american,59.98,595.67,315.33,10/16/2022,20:08:40,0.101,1.889
vegan,Cashew Cheesecake,american,87.42,376.41,316.17,10/16/2022,20:08:40,0.232,1.191
vegan,Creamy Coconut & Roasted Beet Soup with Pistachios & Greek Yogurt,mediterranean,53.36,194.74,139.46,10/16/2022,20:08:40,0.274,1.396
vegan,"Pasta With Snap Peas, Garlic, Lemon Zest, and Black Pepper (Vegan) Recipe",american,43.66,212.0,58.57,10/16/2022,20:08:40,0.206,3.62
vegan,Curried Chickpea Sandwich,indian,81.73,310.6,118.26,10/16/2022,20:08:40,0.263,2.626
vegan,"Gluten-Free, Vegan, and Oil-Free Walnut Chip Brownies recipes",american,48.32,425.34,81.89,10/16/2022,20:08:47,0.114,5.194
vegan,Gluten Free Green Bean Casserole,south east asian,101.87,445.89,688.94,10/16/2022,20:08:47,0.228,0.647
vegan,Cashew cream fettuccine Alfredo with sauteed spinach and cheese crisps (gluten-free),italian,134.51,486.89,259.0,10/16/2022,20:08:47,0.276,1.88
vegan,"Vegan Peanut, Sweet Potato, and Kale Soup With Coconut Recipe",american,102.57,257.64,466.14,10/16/2022,20:08:47,0.398,0.553
vegan,Maple-Glazed Sweet Potatoes (Japanese Daigaku Imo Style) w/Vegan option,american,9.74,183.18,83.83,10/16/2022,20:08:47,0.053,2.185
vegan,Sweet Potato and Mushroom Cannelloni with Braised Escarole and Butter Beans (Vegan) Recipe,american,98.62,443.0,40.15,10/16/2022,20:08:47,0.223,11.034
vegan,"A Recipe for Long Grain Brown Rice Pilaf (Vegan, Gluten Free)",mediterranean,31.85,171.16,41.35,10/16/2022,20:08:47,0.186,4.139
vegan,Creamy Zucchini Soup With Scallions And Brazil Nut Chili Oil (Vegan),american,18.0,47.86,115.43,10/16/2022,20:08:47,0.376,0.415
vegan,20 Minute Apple Turnovers,french,10.46,194.67,32.94,10/16/2022,20:08:47,0.054,5.91
vegan,"Fat Tommy’s Three-Bean, Gluten-Free, Vegan Chili Recipe",american,171.0,580.93,51.33,10/16/2022,20:08:47,0.294,11.318
vegan,"Cumin Scented Kale with Onions, Tomatoes and Mushrooms (Vegan and Gluten Free)",american,23.34,55.86,6.25,10/16/2022,20:08:47,0.418,8.938
vegan,Grilled Marinated Heart of Palm Tacos With Spicy Cabbage Slaw (vegan) Recipe,american,37.49,199.1,58.73,10/16/2022,20:08:47,0.188,3.39
vegan,"Spicy, Smoky Bean Cakes with Lime Slaw and Charred Avocado Recipe",south american,66.35,249.4,71.01,10/16/2022,20:08:47,0.266,3.512
vegan,Curried Lentils with Quick-Pickled Veggies,indian,225.55,590.44,50.12,10/16/2022,20:08:47,0.382,11.781
vegan,Whole-Grain Vegan Carrot Cake Loaf with Lemon Glaze recipes,american,49.39,381.92,102.7,10/16/2022,20:08:47,0.129,3.719
vegan,Chocolate Cake with Chocolate-Orange Frosting recipes,american,37.4,726.63,235.54,10/16/2022,20:08:47,0.051,3.085
vegan,Hearty Vegan Polenta and Kale Soup With Miso and Toasted Sesame Oil Recipe,japanese,23.03,167.07,101.79,10/16/2022,20:08:47,0.138,1.641
vegan,Mushroom and Eggplant Veggie Burgers,nordic,118.09,385.66,106.3,10/16/2022,20:08:47,0.306,3.628
vegan,Blissful Blueberry Banana Spelt Muffins (vegan + refined sugar-free) recipes,american,63.99,445.42,104.56,10/16/2022,20:08:53,0.144,4.26
vegan,Pesto Knots,american,67.14,203.94,87.54,10/16/2022,20:08:53,0.329,2.33
vegan,J. Kenji López-Alt's 15-Minute Creamy (Vegan) Tomato Soup,american,27.5,129.28,116.19,10/16/2022,20:08:53,0.213,1.113
vegan,Southwestern Crispy Fish Taco Salad,american,115.47,258.63,243.6,10/16/2022,20:08:53,0.446,1.062
vegan,Sinless Sticky Toffee Pecan Pudding recipes,british,26.85,625.68,137.41,10/16/2022,20:08:53,0.043,4.553
vegan,Kentucky fried seitan,mediterranean,317.43,703.99,534.41,10/16/2022,20:08:53,0.451,1.317
vegan,Quinoa Maki with Avocado and Cajun Portobello Fillets,american,30.0,115.55,99.36,10/16/2022,20:08:53,0.26,1.163
vegan,Indian Stuffed Eggplant,mediterranean,66.39,327.51,151.81,10/16/2022,20:08:53,0.203,2.157
vegan,"Spicy Peanut Noodle Salad With Cucumbers, Red Peppers, and Basil (Vegan) Recipe",american,97.38,284.55,128.74,10/16/2022,20:08:53,0.342,2.21
vegan,Vegan Pumpkin Pie Squares with Gluten-Free Graham Cracker Crust recipes,american,12.97,240.28,95.85,10/16/2022,20:08:53,0.054,2.507
vegan,Lemon Glazed Spice Cake With Whipped Cream,american,29.85,482.83,78.11,10/16/2022,20:08:53,0.062,6.181
vegan,Cozy Yellow Curry Vegetable Soup,indian,46.9,136.01,90.04,10/16/2022,20:08:53,0.345,1.511
vegan,"Japanese Udon With Mushroom-Soy Broth, Stir-Fried Mushrooms, and Cabbage (Vegan) Recipe",american,6.82,20.1,3.16,10/16/2022,20:08:53,0.339,6.361
vegan,"Tempeh, Pepper, and Spinach-Pesto Sandwich",mediterranean,88.15,164.82,78.16,10/16/2022,20:08:53,0.535,2.109
vegan,Sweet potato & black bean chilli with zesty quinoa,south american,70.17,302.2,66.07,10/16/2022,20:08:53,0.232,4.574
vegan,"ULTIMATE RAW VEGAN PIZZA (LOW-FAT, OIL-FREE, SALT-FREE) recipes",italian,26.97,147.83,5.81,10/16/2022,20:08:53,0.182,25.444
vegan,"Oven Roasted Portobello Mushrooms marinated in Balsamic (Vegan, Gluten Free) Vinegar, Shallots and Thyme",american,10.23,86.04,1.3,10/16/2022,20:08:53,0.119,66.185
vegan,Yellow Split Pea Soup recipes,french,122.34,325.46,68.41,10/16/2022,20:08:53,0.376,4.757
vegan,Banana-Coconut Cake Recipe,caribbean,55.36,1063.72,621.42,10/16/2022,20:09:03,0.052,1.712
vegan,Party Vegan's Porcini-stuffed Seitan with Wild Mushroom Sauce Recipe,american,273.14,433.03,89.55,10/16/2022,20:09:03,0.631,4.836
vegan,Steamed Buns with Tempura King Oyster Mushrooms and Agave-Miso Mayonnaise (Vegan) Recipe,japanese,75.31,498.92,898.55,10/16/2022,20:09:03,0.151,0.555
vegan,Mexican Chocolate Cake,mexican,37.67,460.63,87.47,10/16/2022,20:09:03,0.082,5.266
vegan,"All the Veggies In Your Fridge, Stir-Fry (Low Oil, Vegan, GF)",american,10.96,123.44,15.73,10/16/2022,20:09:03,0.089,7.847
vegan,CHIPOTLE JACKFRUIT TACOS WITH SIMPLE GUAC AND LEMON ORANGE CREMA,mexican,35.85,463.12,106.43,10/16/2022,20:09:03,0.077,4.351
vegan,Crispy Bánh Mì Spring Rolls With Creamy Chili Mayo Recipe,american,12.93,389.9,1831.34,10/16/2022,20:09:03,0.033,0.213
vegan,"Mediterranean White Beans with Sun Dried Tomatoes, Mushrooms, Garlic and Thyme (vegan, gluten free)",american,96.57,251.63,30.86,10/16/2022,20:09:03,0.384,8.154
vegan,The Ultimate Rich and Creamy Vegan Ramen With Roasted Vegetables and Miso Broth Recipe,japanese,3.4,15.57,9.12,10/16/2022,20:09:03,0.218,1.707
vegan,Jeweled Rice (Iranian / Persian Morausa Polo),middle eastern,66.05,572.85,202.78,10/16/2022,20:09:03,0.115,2.825
vegan,Ginger-Apple Crumble Pie (Gluten And Dairy-Free),american,43.69,447.5,213.05,10/16/2022,20:09:03,0.098,2.1
vegan,"Look Ma No Dairy! - Creamy Parnsnip Soup with Granny Smith Apples (Vegan, Gluten Free)",american,125.36,322.67,170.22,10/16/2022,20:09:03,0.389,1.896
vegan,Sassy Springtime Rolls,south east asian,53.3,189.63,35.99,10/16/2022,20:09:03,0.281,5.269
vegan,"Spicy Sauteed Kale with Pan Roasted Garlic, Currants and Sun Flower Seeds (Vegan, gluten free)",american,22.66,74.51,50.5,10/16/2022,20:09:03,0.304,1.475
vegan,"Don't Die on Me Man - A Comforting and Healing Spicy Soup (Vegan, Gluten Free)",american,55.94,109.29,19.87,10/16/2022,20:09:03,0.512,5.5
vegan,Maple Cinnamon Mashed Sweet Potatoes recipes,american,41.97,402.47,162.37,10/16/2022,20:09:09,0.104,2.479
vegan,"Sichuan Shirataki Sesame Noodle Salad With Cucumber, Sichuan Peppercorn, Chili Oil, and Peanuts (Vegan) Recipe",american,54.67,207.71,111.88,10/16/2022,20:09:09,0.263,1.857
vegan,Basil Thai Noodles with Bison and Zucchini + Spicy Quick Pickled Cucumber,south east asian,130.67,270.48,126.89,10/16/2022,20:09:09,0.483,2.132
vegan,Beetroot Tart Tatin,french,26.4,161.98,184.31,10/16/2022,20:09:09,0.163,0.879
vegan,Beetroot & squash Wellingtons with kale pesto,british,125.44,610.67,332.9,10/16/2022,20:09:09,0.205,1.834
vegan,Warm Couscous Salad w/ Olives + Pine Nuts,french,46.78,201.6,85.61,10/16/2022,20:09:09,0.232,2.355
vegan,15 Minute No Bake Energy Bites,american,25.38,166.43,34.64,10/16/2022,20:09:09,0.152,4.805
vegan,"Carrot ""Lox""",british,2.53,16.67,0.7,10/16/2022,20:09:09,0.152,23.814
vegan,Coconut Mashed Sweet Potatoes,american,23.13,253.62,48.98,10/16/2022,20:09:09,0.091,5.178
vegan,Buckwheat Tortillas,mexican,45.44,255.23,44.91,10/16/2022,20:09:09,0.178,5.683
vegan,Coconut chutney,indian,11.96,48.23,47.49,10/16/2022,20:09:09,0.248,1.016
vegan,Rich Chocolate Ganache Topping Recipe,french,5.78,103.65,34.42,10/16/2022,20:09:09,0.056,3.011
vegan,Stuffed Mediterranean Baked Potato,mediterranean,38.87,199.05,9.32,10/16/2022,20:09:09,0.195,21.357
vegan,Sweet potato crisps,south american,0.38,4.9,6.76,10/16/2022,20:09:09,0.078,0.725
vegan,Tangerine Thyme Cooler,american,13.56,282.89,5.09,10/16/2022,20:09:09,0.048,55.578
vegan,Cashew Cream Recipe,american,51.27,112.82,123.1,10/16/2022,20:09:09,0.454,0.916
vegan,Raspberry sorbet,french,6.64,265.07,3.42,10/16/2022,20:09:09,0.025,77.506
vegan,Warm Shredded Carrot Salad with Carrot Greens,american,4.78,37.16,14.42,10/16/2022,20:09:09,0.129,2.577
vegan,"Creamy, Zesty ""Cheese"" Dip",american,70.88,81.86,64.78,10/16/2022,20:09:16,0.866,1.264
vegan,Coconut Whipped Cream,american,14.41,34.64,137.64,10/16/2022,20:09:16,0.416,0.252
vegan,Fudgy Oat Milk Frappuccino Dream,american,35.75,172.96,95.0,10/16/2022,20:09:16,0.207,1.821
vegan,Spinach & chickpea dhal,american,39.86,108.47,68.16,10/16/2022,20:09:16,0.367,1.591
vegan,Apple Pie Overnight Oats Recipe,american,74.41,185.78,142.31,10/16/2022,20:09:16,0.401,1.305
vegan,Georgian Spinach Walnut Dip- Ispanakhis Pkhali,american,10.33,24.49,46.08,10/16/2022,20:09:16,0.422,0.531
vegan,Spicy roast chickpeas,american,29.12,93.28,16.66,10/16/2022,20:09:16,0.312,5.599
vegan,Tuscan Tomato Soup,italian,53.19,174.27,38.44,10/16/2022,20:09:16,0.305,4.534
vegan,Sesame stir-fry wrap,chinese,14.55,52.11,22.85,10/16/2022,20:09:16,0.279,2.281
vegan,Black Bean-Sweet Potato Burritos,mexican,173.91,779.52,60.98,10/16/2022,20:09:16,0.223,12.783
vegan,Tofu Scramble Fried Rice,asian,33.95,117.22,28.08,10/16/2022,20:09:16,0.29,4.175
vegan,Mint Chocolate Chip Nice Cream,american,10.98,112.7,61.85,10/16/2022,20:09:23,0.097,1.822
vegan,Minted green bean salad,american,11.75,46.65,41.95,10/16/2022,20:09:23,0.252,1.112
vegan,Wilted Spinach Salad with Coconut Bacon,american,1.02,3.37,6.74,10/16/2022,20:09:23,0.303,0.5
vegan,Cucumber-Jalapeño Popsicles,american,6.27,72.05,1.17,10/16/2022,20:09:23,0.087,61.581
vegan,Spaghetti Carbonara,italian,89.88,234.58,104.78,10/16/2022,20:09:23,0.383,2.239
vegan,"Bean, tomato & watercress salad",south american,98.39,331.35,36.72,10/16/2022,20:09:23,0.297,9.024
vegan,Minted green bean salad,american,12.0,47.97,41.97,10/16/2022,20:09:23,0.25,1.143
vegan,Baked Almond Feta,mediterranean,47.14,46.8,154.91,10/16/2022,20:09:23,1.007,0.302
vegan,Raspberry ripple chia pudding,british,20.18,81.74,23.28,10/16/2022,20:09:23,0.247,3.511
vegan,Indian Spiced Lentil Soup,indian,146.81,474.58,40.73,10/16/2022,20:09:23,0.309,11.652
vegan,Classic Cashew Cheese,mediterranean,58.6,67.87,63.93,10/16/2022,20:09:23,0.863,1.062
vegan,Roasted Squash and Raw Carrot Soup Recipe,american,36.24,277.34,126.3,10/16/2022,20:09:23,0.131,2.196
vegan,Keep it green sandwich,south east asian,14.92,53.41,32.27,10/16/2022,20:09:23,0.279,1.655
vegan,Smoky Charred Cauliflower and Potato Soup With Kale Recipe,american,38.9,228.69,31.37,10/16/2022,20:09:23,0.17,7.29
vegan,Onigiri,south american,28.7,312.65,29.67,10/16/2022,20:09:23,0.092,10.538
vegan,Chilli-charred Brussels sprouts,mediterranean,22.01,64.6,57.28,10/16/2022,20:09:30,0.341,1.128
vegan,"Colcannon Inspired, Spicy Asian Sweet Potato Salad",south american,49.57,318.05,40.73,10/16/2022,20:09:30,0.156,7.809
vegan,Miso aubergines,japanese,27.61,143.46,19.33,10/16/2022,20:09:30,0.192,7.422
vegan,Golden beet hummus,eastern europe,40.89,119.51,112.69,10/16/2022,20:09:30,0.342,1.061
vegan,Eggplant Arrabbiata,french,65.83,370.1,76.85,10/16/2022,20:09:30,0.178,4.816
vegan,Coconut Nice,american,48.71,819.39,262.56,10/16/2022,20:09:30,0.059,3.121
vegan,Cashew “Hollandaise”,french,6.59,13.61,42.48,10/16/2022,20:09:30,0.484,0.32
vegan,ORANGE TARRAGON FRUIT LEATHER,american,10.5,71.22,25.36,10/16/2022,20:09:30,0.147,2.808
vegan,Roasted pear with walnut & ginger filling,american,17.33,176.0,60.98,10/16/2022,20:09:30,0.098,2.886
vegan,Dairy Free Chocolate Coconut Ice Cream,american,10.2,73.41,86.47,10/16/2022,20:09:30,0.139,0.849
vegan,Hearty Winter Vegetable Soup Recipe,mediterranean,34.01,168.55,21.55,10/16/2022,20:09:30,0.202,7.821
vegan,Spinach & chickpea curry,indian,70.74,222.0,26.18,10/16/2022,20:09:30,0.319,8.48
vegan,Roasted cherry tomato and eggplant pasta,italian,71.33,454.7,9.06,10/16/2022,20:09:30,0.157,50.188
vegan,Cassava Bacon,american,11.08,186.49,22.83,10/16/2022,20:09:30,0.059,8.169
vegan,Crispy Fried Chickpea Cake and Slaw Sandwiches Recipe,american,102.28,465.63,170.32,10/16/2022,20:09:30,0.22,2.734
vegan,"Linguine with avocado, tomato & lime",italian,24.41,137.68,32.28,10/16/2022,20:09:30,0.177,4.265
vegan,Gluten Free Cauliflower Kale Pesto Pizza,italian,25.86,42.4,84.09,10/16/2022,20:09:30,0.61,0.504
vegan,Pumpkin Pie Tarts,american,121.77,431.62,291.01,10/16/2022,20:09:36,0.282,1.483
vegan,Melon Milk Pops,american,14.53,133.36,11.26,10/16/2022,20:09:36,0.109,11.844
vegan,Vegetarian Enchiladas,mexican,70.42,272.88,34.95,10/16/2022,20:09:36,0.258,7.808
vegan,"""Chorizo"" Tacos From 'The VB6 Cookbook'",asian,92.83,143.99,76.85,10/16/2022,20:09:36,0.645,1.874
vegan,Parsnip and Chestnut Bisque,french,14.41,225.76,55.78,10/16/2022,20:09:36,0.064,4.047
vegan,Barley & broccoli risotto with lemon & basil,italian,18.12,99.9,31.15,10/16/2022,20:09:36,0.181,3.207
vegan,Butter bean & tomato salad,middle eastern,38.38,123.71,46.77,10/16/2022,20:09:36,0.31,2.645
vegan,"Fried Plantains With Black Beans, Roasted Poblanos, Avocado, and Pickled Red Onion Recipe",south american,45.04,349.94,318.04,10/16/2022,20:09:36,0.129,1.1
vegan,Avocado hummus & crudités,mediterranean,55.34,192.09,43.34,10/16/2022,20:09:36,0.288,4.432
vegan,Watermelon-Strawberry Popsicles,american,4.81,76.54,1.69,10/16/2022,20:09:36,0.063,45.29
vegan,Dairy Free Tzatziki,mediterranean,33.82,88.14,62.31,10/16/2022,20:09:36,0.384,1.415
vegan,Cook the Book: Lasagna with Roasted Cauliflower Ricotta and Spinach,italian,96.05,125.05,37.69,10/16/2022,20:09:36,0.768,3.318
vegan,Mexican chocolate chickpea brownie,french,140.86,703.55,233.35,10/16/2022,20:09:43,0.2,3.015
vegan,Squash & spinach fusilli with pecans,american,26.33,128.24,19.96,10/16/2022,20:09:43,0.205,6.425
vegan,Guacamole & mango salad with black beans,mexican,32.88,143.89,25.03,10/16/2022,20:09:43,0.229,5.749
vegan,Butter bean & tomato salad,middle eastern,39.49,126.57,47.07,10/16/2022,20:09:43,0.312,2.689
vegan,Leek seeni sambol,japanese,6.42,47.99,23.82,10/16/2022,20:09:43,0.134,2.015
vegan,Parsnip gnocchi,french,48.6,271.55,78.89,10/16/2022,20:09:43,0.179,3.442
vegan,Soondubu Jjigae (Korean Soft Tofu Stew) Recipe,asian,131.98,56.1,190.38,10/16/2022,20:09:43,2.353,0.295
vegan,Syrian Hummus,mediterranean,60.77,194.69,122.04,10/16/2022,20:09:43,0.312,1.595
vegan,Kohlrabi Fritters,south east asian,27.12,73.76,56.02,10/16/2022,20:09:43,0.368,1.317
vegan,Luxury hummus,mediterranean,148.12,462.54,174.66,10/16/2022,20:09:43,0.32,2.648
vegan,Strawberry-Mango Nice Cream,american,4.37,69.68,1.98,10/16/2022,20:09:43,0.063,35.192
vegan,Peanut and Coke Sorbet Recipe,american,46.68,276.31,102.94,10/16/2022,20:09:43,0.169,2.684
vegan,Tofu Tacos,asian,74.68,180.41,66.77,10/16/2022,20:09:43,0.414,2.702
vegan,Fennel Pistachio Cauliflower Steaks,mediterranean,34.0,89.7,59.78,10/16/2022,20:09:43,0.379,1.501
vegan,Quinoa and lentil salad with arugula,middle eastern,77.4,272.33,67.77,10/16/2022,20:09:43,0.284,4.018
vegan,Cauliflower steaks with roasted red pepper & olive salsa,american,16.25,39.91,39.3,10/16/2022,20:09:43,0.407,1.016
vegan,Asparagus & lemon spaghetti with peas,italian,34.55,164.06,31.77,10/16/2022,20:09:43,0.211,5.164
vegan,Veggie tahini lentils,mediterranean,84.45,227.58,59.23,10/16/2022,20:09:50,0.371,3.842
vegan,Roasted squash & red onion with pistachios,american,16.0,115.48,42.67,10/16/2022,20:09:50,0.139,2.706
vegan,Citrus Lime Tofu Salad,asian,27.09,20.25,31.08,10/16/2022,20:09:50,1.338,0.652
vegan,Burnt leeks on toast with romesco,mediterranean,52.01,258.41,57.4,10/16/2022,20:09:50,0.201,4.502
vegan,Marinated Kale and Chickpea Salad With Sumac Onions Recipe,american,50.3,135.85,33.68,10/16/2022,20:09:50,0.37,4.034
vegan,Beefless Ground Beef,american,41.35,11.42,32.61,10/16/2022,20:09:50,3.621,0.35
vegan,Veggie-loaded flatbread,mediterranean,51.57,187.8,72.72,10/16/2022,20:09:50,0.275,2.583
vegan,Gluten-Free Apple and Walnut Pakoda/Fritters,american,21.6,152.21,42.09,10/16/2022,20:09:50,0.142,3.616
vegan,Beet Tartare,french,27.2,108.07,62.82,10/16/2022,20:09:50,0.252,1.72
vegan,Slow-Cooker Creamy Lentil Soup Freezer Pack,american,71.2,184.75,16.0,10/16/2022,20:09:50,0.385,11.547
vegan,Egg-Free and Dairy-Free Pumpkin Pudding,british,17.97,108.25,91.53,10/16/2022,20:09:50,0.166,1.183
vegan,Spaghetti with a Creamy Zucchini & Mint Sauce,french,38.17,194.22,12.32,10/16/2022,20:09:50,0.197,15.765
vegan,Pesto Tortilla Pizza,italian,56.56,269.32,155.67,10/16/2022,20:09:50,0.21,1.73
vegan,Gluten-Free Apple Hand Pies Recipe,american,23.5,425.1,101.1,10/16/2022,20:09:56,0.055,4.205
vegan,Veggie Sandwich,indian,9.87,48.35,10.98,10/16/2022,20:09:56,0.204,4.403
vegan,Toasted Paprika Chickpeas,mediterranean,30.39,99.03,28.82,10/16/2022,20:09:56,0.307,3.436
vegan,Healthy Broccoli and Cheese Soup,american,67.06,97.78,8.01,10/16/2022,20:09:56,0.686,12.207
vegan,Garlic Mashed Cauliflower,mediterranean,17.51,49.52,43.95,10/16/2022,20:09:56,0.354,1.127
vegan,Butternut Squash and Quinoa Pilaf,mediterranean,28.77,160.17,42.8,10/16/2022,20:09:56,0.18,3.742
vegan,Crispy sweet potatoes with chickpeas & tahini yogurt,mediterranean,55.06,246.11,100.18,10/16/2022,20:09:56,0.224,2.457
vegan,Sweet potato Tex-Mex salad,mexican,51.93,283.57,91.4,10/16/2022,20:09:56,0.183,3.103
vegan,Mushroom Beet Black Bean Burger,american,60.14,138.46,27.25,10/16/2022,20:09:56,0.434,5.081
vegan,Cauliflower Steaks with Olive Salsa and Roasted Tomato Sauce,american,23.27,96.18,29.35,10/16/2022,20:09:56,0.242,3.277
vegan,Veggie olive wraps with mustard vinaigrette,american,6.84,34.45,13.26,10/16/2022,20:09:56,0.199,2.598
vegan,Smoky Potato and Caper Empanadas With Cilantro Sauce Recipe,south american,48.15,374.31,1930.24,10/16/2022,20:09:56,0.129,0.194
vegan,Aubergine & chickpea bites,french,60.56,259.79,59.97,10/16/2022,20:09:56,0.233,4.332
vegan,Shortbread Pecan Pie Crust,american,30.42,129.38,155.44,10/16/2022,20:09:56,0.235,0.832
vegan,Zucchini Cannelloni with Cashew sauce,italian,42.87,80.26,34.37,10/16/2022,20:09:56,0.534,2.335
vegan,Sweet potato & cauliflower lentil bowl,indian,66.52,222.82,47.41,10/16/2022,20:09:56,0.299,4.7
vegan,Summertime Lentil Salad With Mango,indian,15.05,51.05,17.71,10/16/2022,20:09:56,0.295,2.883
vegan,Curried parsnip soup shots,american,30.68,141.37,32.54,10/16/2022,20:10:03,0.217,4.344
vegan,Chilli & avocado salsa sweet potatoes,mexican,46.0,212.41,40.19,10/16/2022,20:10:03,0.217,5.285
vegan,Autumn Apple Pumpkin Soup,american,16.38,140.73,50.33,10/16/2022,20:10:03,0.116,2.796
vegan,Cook the Book: Garlicky Mushrooms and Kale,american,24.96,50.66,9.31,10/16/2022,20:10:03,0.493,5.441
vegan,Raspberry-Banana Sorbet,french,10.18,107.83,4.89,10/16/2022,20:10:03,0.094,22.051
vegan,Miso roasted tofu with sweet potato,asian,80.17,115.44,75.36,10/16/2022,20:10:03,0.694,1.532
vegan,Citrus Collards with Raisins Redux,american,6.65,92.0,14.69,10/16/2022,20:10:03,0.072,6.263
vegan,My children love beet salad!,american,21.29,95.81,50.29,10/16/2022,20:10:03,0.222,1.905
vegan,Edamame & Veggie Rice Bowl,japanese,9.58,43.75,26.11,10/16/2022,20:10:03,0.219,1.676
vegan,Sautéed Spinach,french,14.23,19.32,10.81,10/16/2022,20:10:03,0.737,1.787
vegan,Tuscan Hummus,italian,77.06,228.87,73.14,10/16/2022,20:10:03,0.337,3.129
vegan,Tangy Teriyaki Salmon,nordic,431.1,39.47,276.51,10/16/2022,20:10:03,10.922,0.143
vegan,Graham Cracker Cinnamon Rolls (the best ever!),american,41.53,395.99,94.71,10/16/2022,20:10:03,0.105,4.181
vegan,"""Chocomole"" Pudding",british,37.32,445.2,117.05,10/16/2022,20:10:03,0.084,3.804
vegan,Broccoli Slaw w/ Mustard Vinaigrette,american,11.45,50.78,15.07,10/16/2022,20:10:03,0.225,3.37
vegan,Pesto Stuffed Mushrooms,italian,16.01,40.09,31.17,10/16/2022,20:10:03,0.399,1.286
vegan,Edamame Spread,japanese,1.65,4.08,18.65,10/16/2022,20:10:03,0.404,0.219
vegan,Escalivada (Smoky Slow-Roasted Vegetables),mediterranean,15.04,78.65,74.96,10/16/2022,20:10:10,0.191,1.049
vegan,Coconut Almond Chia Seed Pudding Recipe,british,26.13,107.65,60.6,10/16/2022,20:10:10,0.243,1.776
vegan,Cucumber-Avocado Cauliflower Rice Sushi,japanese,18.14,60.4,149.24,10/16/2022,20:10:10,0.3,0.405
vegan,"Amaranth ""Risotto"" With Mushrooms",italian,87.04,417.85,126.84,10/16/2022,20:10:10,0.208,3.294
vegan,Garlicky mushroom penne,mediterranean,41.4,171.31,23.15,10/16/2022,20:10:10,0.242,7.4
vegan,West Indian spiced aubergine curry,indian,11.25,69.45,15.4,10/16/2022,20:10:10,0.162,4.51
vegan,Roasted aubergine & tomato curry,indian,20.68,90.56,125.12,10/16/2022,20:10:10,0.228,0.724
vegan,"Cauliflower, squash, coconut & lentil curry",indian,77.02,241.44,118.3,10/16/2022,20:10:10,0.319,2.041
vegan,Ripe's Eggplant Romesco Rigatoni,mediterranean,64.71,293.29,70.69,10/16/2022,20:10:10,0.221,4.149
vegan,Date and Fennel Tofu Scramble,asian,78.01,165.29,65.14,10/16/2022,20:10:10,0.472,2.537
vegan,Caramelized Onion Hummus,mediterranean,73.91,236.99,191.25,10/16/2022,20:10:10,0.312,1.239
vegan,Asian Bulgur Wheat Salad,chinese,20.18,99.19,29.31,10/16/2022,20:10:10,0.203,3.384
vegan,Roast asparagus bowls with tahini lemon dressing,mediterranean,38.85,152.63,26.53,10/16/2022,20:10:10,0.255,5.753
vegan,"Tomato, Fennel, and Crab Soup",french,76.04,175.31,101.06,10/16/2022,20:10:10,0.434,1.735
vegan,Pasta with Broccoli and Cauliflower,italian,71.61,273.57,34.28,10/16/2022,20:10:17,0.262,7.98
vegan,Tuscan Black Cabbage Bruschetta - (Crostoni Di Cavolo Nero),italian,15.29,69.67,4.0,10/16/2022,20:10:17,0.219,17.418
vegan,Black-Eyed Pea and Tempeh Beanballs,italian,89.8,120.96,41.04,10/16/2022,20:10:17,0.742,2.947
vegan,"Spanish Rice with Chorizo, Beans and Peas",mediterranean,176.64,432.46,209.06,10/16/2022,20:10:17,0.408,2.069
vegan,Cauliflower Cilantro Salad Recipe,mediterranean,11.07,41.95,42.2,10/16/2022,20:10:17,0.264,0.994
vegan,"Spicy, Peanutty Udon with Kale",american,32.54,85.66,35.11,10/16/2022,20:10:17,0.38,2.44
vegan,Satay noodle soup,asian,13.54,53.94,39.2,10/16/2022,20:10:17,0.251,1.376
vegan,Raw Chocolate Ganache Cake,french,42.13,240.67,153.62,10/16/2022,20:10:17,0.175,1.567
vegan,"#SPINACH #LASAGNA my #Caribbean favourite, #Delicious #Nutritious #Vegetarian",italian,165.9,333.74,548.55,10/16/2022,20:10:17,0.497,0.608
vegan,"Tempeh ""Chicken"" Salad",american,26.8,23.75,24.2,10/16/2022,20:10:17,1.128,0.981
vegan,Easy Chickpea Curry,indian,201.31,843.44,267.99,10/16/2022,20:10:17,0.239,3.147
vegan,Mint & basil griddled peach salad,mediterranean,23.36,118.14,42.51,10/16/2022,20:10:17,0.198,2.779
vegan,Seasoned Black-Eyed Peas,south american,16.32,101.48,30.38,10/16/2022,20:10:17,0.161,3.34
vegan,Southwest Sweet Potato Salad,american,52.07,266.82,62.04,10/16/2022,20:10:17,0.195,4.301
vegan,Braised Green Beans with Tomatoes,mediterranean,17.49,77.86,70.2,10/16/2022,20:10:17,0.225,1.109
vegan,Curried Cauliflower Soup with Roasted Tomatoes,american,22.49,77.48,52.77,10/16/2022,20:10:17,0.29,1.468
vegan,Gluten-Free Banana Flapjacks,eastern europe,21.33,185.77,33.69,10/16/2022,20:10:17,0.115,5.514
vegan,Baked Potato Soup with Crunchy Potato Skins,american,36.82,279.22,56.47,10/16/2022,20:10:17,0.132,4.945
vegan,Baked Sweet Potatoes with Spiced Lentil Salad & Lemon Tahini Dressing,mediterranean,98.97,347.21,116.32,10/16/2022,20:10:17,0.285,2.985
vegan,Pistachio Gelato,italian,0.48,75.19,155.03,10/16/2022,20:10:24,0.006,0.485
vegan,Japanese Tabbouleh with Cilantro & Tofu,asian,57.81,24.75,42.47,10/16/2022,20:10:24,2.336,0.583
vegan,Dairy-Free Spinach Stuffed Shells,american,156.82,426.75,85.12,10/16/2022,20:10:24,0.367,5.014
vegan,Greek Potato Salad,mediterranean,49.15,416.81,110.81,10/16/2022,20:10:24,0.118,3.761
vegan,West Coast Avocado Toast,american,15.07,42.1,21.11,10/16/2022,20:10:24,0.358,1.994
vegan,Cook the Book: Brussels Sprout-Potato Hash,french,18.46,110.8,10.42,10/16/2022,20:10:24,0.167,10.633
vegan,Red Lentil Dhal,indian,93.79,232.77,13.92,10/16/2022,20:10:24,0.403,16.722
vegan,Chilled spicy tahini noodle bowl,asian,147.05,367.86,120.65,10/16/2022,20:10:24,0.4,3.049
vegan,Stuffed pumpkin,american,45.99,241.59,104.45,10/16/2022,20:10:24,0.19,2.313
vegan,Chickpea & roasted parsnip curry,south east asian,80.48,352.46,142.46,10/16/2022,20:10:24,0.228,2.474
vegan,Charred Green Beans with Mustard Vinaigrette & Hazelnuts,american,13.8,38.34,62.36,10/16/2022,20:10:24,0.36,0.615
vegan,Summer Vegetable Tian,italian,11.57,52.41,74.19,10/16/2022,20:10:24,0.221,0.706
vegan,Maple Walnut Banana Bread,american,19.51,192.39,49.08,10/16/2022,20:10:24,0.101,3.92
vegan,Mushroom Quinoa Soup,mediterranean,32.24,133.05,34.29,10/16/2022,20:10:24,0.242,3.88
vegan,My children love beet salad!,american,20.11,92.55,50.04,10/16/2022,20:10:30,0.217,1.85
vegan,Egyptian courgettes with dukkah sprinkle,french,61.46,188.94,43.4,10/16/2022,20:10:30,0.325,4.353
vegan,Cream of Cashew Pea Soup,mediterranean,84.33,232.63,196.13,10/16/2022,20:10:30,0.363,1.186
vegan,Banana “Ice Cream”,american,5.11,106.25,1.93,10/16/2022,20:10:30,0.048,55.052
vegan,Peach Pie Ice Cream,american,14.16,188.15,45.56,10/16/2022,20:10:30,0.075,4.13
vegan,Cider & Honey Kohlrabi Slaw with Radicchio,chinese,11.24,94.37,47.86,10/16/2022,20:10:30,0.119,1.972
vegan,Pumpkin Seed Dip,american,222.79,307.84,1042.73,10/16/2022,20:10:30,0.724,0.295
vegan,Lentil ragu with courgetti,french,147.6,431.43,42.09,10/16/2022,20:10:30,0.342,10.25
vegan,Indian Spiced Broccoli and Potato Hash,nordic,9.39,47.36,10.47,10/16/2022,20:10:30,0.198,4.523
vegan,Eggplant Pide (or Eggplant Boats),mediterranean,87.94,350.33,36.43,10/16/2022,20:10:30,0.251,9.617
vegan,Jambalaya,american,109.58,533.45,39.66,10/16/2022,20:10:30,0.205,13.451
vegan,Curried Millet with Chickpeas and Currants,indian,43.83,222.77,55.67,10/16/2022,20:10:30,0.197,4.002
vegan,Spaghetti puttanesca with red beans & spinach,italian,34.11,141.84,20.31,10/16/2022,20:10:30,0.24,6.984
vegan,"Chilaquiles With Pepitas, Charred Corn, and Black Beans Recipe",american,73.23,371.82,160.37,10/16/2022,20:10:30,0.197,2.319
vegan,Pumpkin Maple Milkshake,american,1.87,21.6,4.41,10/16/2022,20:10:31,0.087,4.898
vegan,Tofu Jerky,asian,73.15,29.96,40.14,10/16/2022,20:10:37,2.442,0.746
vegan,Carrot Cake Bites,british,33.15,320.19,189.16,10/16/2022,20:10:37,0.104,1.693
vegan,Vegetarian Jambalaya,american,110.18,519.84,39.84,10/16/2022,20:10:37,0.212,13.048
vegan,"Roast Chicken Dinner Potato Chips With Mushrooms, Lemon, and Thyme Recipe",french,24.46,16.85,1.91,10/16/2022,20:10:37,1.452,8.822
vegan,Zucchini Curry,indian,27.75,90.49,123.34,10/16/2022,20:10:37,0.307,0.734
vegan,Hearty lentil one pot,french,84.58,333.89,48.88,10/16/2022,20:10:37,0.253,6.831
vegan,Mom's Favorite Blueberry-Bran Muffins,american,32.27,312.66,80.36,10/16/2022,20:10:37,0.103,3.891
vegan,Creamy Instant Pot Coconut Red Lentils,south east asian,122.43,334.72,54.58,10/16/2022,20:10:37,0.366,6.133
vegan,Quinoa Bowl With Tahini Dressing,mediterranean,67.06,209.97,112.65,10/16/2022,20:10:37,0.319,1.864
vegan,Lentil lasagne,italian,128.98,425.86,24.86,10/16/2022,20:10:37,0.303,17.13
vegan,Spiced mushroom & lentil hotpot,south american,211.12,617.15,37.22,10/16/2022,20:10:37,0.342,16.581
vegan,Roasted Vegetable & Black Bean Tacos,mexican,19.25,94.02,28.49,10/16/2022,20:10:37,0.205,3.3
vegan,Pumpkin curry with chickpeas,south east asian,46.43,174.03,112.36,10/16/2022,20:10:37,0.267,1.549
vegan,Cook the Book: Lentil and Eggplant Chili Mole,american,67.53,234.06,14.49,10/16/2022,20:10:37,0.289,16.153
vegan,"Spinach, sweet potato & lentil dhal",middle eastern,73.66,251.11,18.46,10/16/2022,20:10:37,0.293,13.603
vegan,"Crispy Potato, Onion, and Mushroom Rösti Recipe",french,12.68,80.54,68.43,10/16/2022,20:10:37,0.157,1.177
vegan,Carrot Dog Pigs in a Blanket,american,27.61,150.93,9.46,10/16/2022,20:10:44,0.183,15.955
vegan,Mung Dal shorba (mung dal soup),american,9.88,25.24,76.3,10/16/2022,20:10:44,0.391,0.331
vegan,Quinoa Chickpea Salad with Roasted Red Pepper Hummus Dressing,mediterranean,26.62,89.01,9.54,10/16/2022,20:10:44,0.299,9.33
vegan,Stuffed Mediterranean Baked Potato,mediterranean,45.76,218.21,22.86,10/16/2022,20:10:44,0.21,9.545
vegan,Homemade Seitan,italian,253.43,128.26,12.5,10/16/2022,20:10:44,1.976,10.261
vegan,Tastiest Miso Soup,japanese,43.75,124.7,46.01,10/16/2022,20:10:44,0.351,2.71
vegan,Black Bean Corn Avocado Salsa,mexican,46.41,182.86,145.78,10/16/2022,20:10:44,0.254,1.254
vegan,Spinach with Pine Nuts and Raisins,american,37.77,162.01,62.19,10/16/2022,20:10:44,0.233,2.605
vegan,Pasta with Broccoli Pesto,italian,82.43,393.15,60.18,10/16/2022,20:10:44,0.21,6.533
vegan,"Squash, Kale, and Wild Rice Pilaf",mediterranean,38.08,199.4,27.49,10/16/2022,20:10:44,0.191,7.254
vegan,Sesame parsnip & wild rice tabbouleh,middle eastern,40.07,233.5,72.6,10/16/2022,20:10:44,0.172,3.216
vegan,"Cabbage, Bean and Crispy Cale Soup",french,95.38,399.58,45.6,10/16/2022,20:10:44,0.239,8.763
vegan,Creamy Matcha White Chocolate Pudding,british,13.22,81.76,47.48,10/16/2022,20:10:44,0.162,1.722
vegan,Strawberry Nice Cream,american,5.66,89.79,2.18,10/16/2022,20:10:44,0.063,41.188
vegan,"Chickpea, tomato & spinach curry",indian,79.3,242.05,65.03,10/16/2022,20:10:44,0.328,3.722
vegan,Avocado Pesto Pasta,italian,31.84,118.21,296.65,10/16/2022,20:10:44,0.269,0.398
vegan,Chole Masala,indian,48.03,168.93,27.82,10/16/2022,20:10:44,0.284,6.072
vegan,Asian Eggplant Stir fry,asian,15.96,120.62,15.11,10/16/2022,20:10:44,0.132,7.983
vegan,Quinoa Chili,american,89.06,298.89,14.26,10/16/2022,20:10:51,0.298,20.96
vegan,Mushroom Tacos with Charred-Corn Salsa,mexican,31.89,162.99,116.81,10/16/2022,20:10:51,0.196,1.395
vegan,Thai-Scented Asparagus Soup,south east asian,39.86,85.84,109.29,10/16/2022,20:10:51,0.464,0.785
vegan,General Tso's Cauliflower,chinese,26.4,58.48,52.18,10/16/2022,20:10:51,0.451,1.121
vegan,Brown Rice Risotto with Mushrooms,italian,42.67,384.54,95.64,10/16/2022,20:10:51,0.111,4.021
vegan,Sweet Potato Chickpea Curry,mexican,52.71,195.01,46.65,10/16/2022,20:10:51,0.27,4.18
vegan,Choc-cherry fudge torte with cherry sorbet,mediterranean,62.73,1054.37,159.57,10/16/2022,20:10:51,0.059,6.608
vegan,Hearty White Bean and Spinach Soup with Rosemary and Garlic Recipe,french,38.21,121.5,56.68,10/16/2022,20:10:51,0.314,2.144
vegan,"Cucumber, Shallot, and Tomato Salad",american,5.57,39.21,14.3,10/16/2022,20:10:51,0.142,2.742
vegan,Recipe: Curried Cauliflower Chowder,american,30.01,134.87,86.19,10/16/2022,20:10:51,0.223,1.565
vegan,Corn & split pea chowder,american,76.4,287.4,27.47,10/16/2022,20:10:51,0.266,10.462
vegan,Pumpkin Pie Nice Cream,american,9.86,168.39,3.01,10/16/2022,20:10:51,0.059,55.944
vegan,Warm Farro with Mushrooms and Crispy Beets,japanese,32.67,143.15,30.32,10/16/2022,20:10:51,0.228,4.721
vegan,Tofu Cashew Noodles With Snow Peas,asian,132.93,276.79,137.04,10/16/2022,20:10:51,0.48,2.02
vegan,Cannellini Bean & Roasted Red Pepper Sandwich,italian,88.04,263.7,20.91,10/16/2022,20:10:51,0.334,12.611
vegan,Spicy Pineapple and Tequila Sorbet Recipe,italian,5.46,326.46,1.24,10/16/2022,20:10:51,0.017,263.274
vegan,Ají (Colombian-Style Tomato and Onion Salsa) Recipe,mexican,2.92,12.61,0.63,10/16/2022,20:10:51,0.232,20.016
vegan,Smoked Cauliflower Soup,american,49.78,134.47,17.29,10/16/2022,20:10:58,0.37,7.777
vegan,No-Cook Black Bean Salad,american,44.49,159.15,61.72,10/16/2022,20:10:58,0.28,2.579
vegan,Buffalo-Style Quinoa Chili,american,39.63,187.22,25.32,10/16/2022,20:10:58,0.212,7.394
vegan,Seitan & black bean stir-fry,asian,119.84,191.43,53.95,10/16/2022,20:10:58,0.626,3.548
vegan,Kadala curry,indian,73.23,254.76,89.89,10/16/2022,20:10:58,0.287,2.834
vegan,Greek Salad Wraps,mediterranean,62.05,275.99,93.62,10/16/2022,20:10:58,0.225,2.948
vegan,Cauliflower curry,indian,26.67,98.4,82.57,10/16/2022,20:10:58,0.271,1.192
vegan,Savory Tempeh Crumbles,american,43.86,24.95,34.17,10/16/2022,20:10:58,1.758,0.73
vegan,Thai-Style Chopped Salad with Sriracha Tofu,south east asian,73.37,51.78,97.29,10/16/2022,20:10:58,1.417,0.532
vegan,Steamed Jackfruit Buns,mediterranean,32.97,516.13,79.82,10/16/2022,20:10:58,0.064,6.466
vegan,Roasted Sweet Potato Salad,south american,18.94,150.93,49.5,10/16/2022,20:10:58,0.125,3.049
vegan,Spiced aubergine bake,indian,45.99,265.59,132.97,10/16/2022,20:10:58,0.173,1.997
vegan,Raw Kale Salad With Honey Apple Cider Vinaigrette,american,14.09,68.15,77.95,10/16/2022,20:10:58,0.207,0.874
vegan,Cook the Book: Bengali Squash with Chickpeas,indian,19.96,116.01,49.17,10/16/2022,20:10:58,0.172,2.359
vegan,Sri Lankan runner bean curry,indian,34.33,107.96,119.4,10/16/2022,20:10:58,0.318,0.904
vegan,"Ajo Blanco (Spanish Chilled ""White Gazpacho"" Bread and Almond Soup) Recipe",mediterranean,43.39,90.72,95.4,10/16/2022,20:10:58,0.478,0.951
vegan,Chickpea patties,american,55.28,157.14,36.8,10/16/2022,20:11:04,0.352,4.27
vegan,Twice-Roasted Miniature Pumpkins with Onions and Thyme,american,31.28,151.92,57.22,10/16/2022,20:11:04,0.206,2.655
vegan,Raw hazelnut brownies with chocolate ganache,french,64.45,516.22,181.61,10/16/2022,20:11:04,0.125,2.842
vegan,Miso Ramen with Roasted Vegetables,japanese,103.59,601.06,169.47,10/16/2022,20:11:04,0.172,3.547
vegan,Curried Potato and Carrot Soup Recipe,american,42.88,322.28,109.06,10/16/2022,20:11:04,0.133,2.955
vegan,Roasted Cauliflower with Tahini and Goji Berries Recipe,mediterranean,17.46,53.43,37.31,10/16/2022,20:11:04,0.327,1.432
vegan,Thai Curry Ice Cream,south east asian,18.6,248.87,156.02,10/16/2022,20:11:04,0.075,1.595
vegan,Butternut Squash and Black Bean Tacos,mexican,49.82,230.23,66.95,10/16/2022,20:11:04,0.216,3.439
vegan,Quinoa Black Bean Summer Salad with Tahini Dressing,mediterranean,118.34,461.48,66.81,10/16/2022,20:11:04,0.256,6.907
vegan,Spicy Beet and Spinach Stir-Fry Over Sesame Rice,south east asian,22.09,186.31,39.09,10/16/2022,20:11:04,0.119,4.766
vegan,Sticky noodles with homemade hoisin,asian,28.65,123.53,25.96,10/16/2022,20:11:04,0.232,4.758
vegan,Coconut curry noodle bowl,asian,109.71,374.79,157.21,10/16/2022,20:11:04,0.293,2.384
vegan,"Roasted cauliflower, tomato and chickpea bowl",mediterranean,73.87,345.96,60.67,10/16/2022,20:11:04,0.214,5.702
vegan,Teriyaki Tofu Summer Rolls,asian,71.8,259.72,28.1,10/16/2022,20:11:04,0.276,9.243
vegan,Kisir,middle eastern,42.33,270.29,107.38,10/16/2022,20:11:04,0.157,2.517
vegan,Black Bean Burgers,american,77.08,309.03,45.43,10/16/2022,20:11:04,0.249,6.802
vegan,Thai Zucchini-Coconut Soup,south east asian,14.83,79.0,57.34,10/16/2022,20:11:04,0.188,1.378
vegan,Press-In Gluten-Free Pie Crust,american,36.74,100.91,130.56,10/16/2022,20:11:11,0.364,0.773
vegan,Spice-crusted tofu with kumquat radish salad,asian,49.48,66.44,56.12,10/16/2022,20:11:11,0.745,1.184
vegan,Cauliflower + Red Lentil Curry,indian,71.24,193.75,117.33,10/16/2022,20:11:11,0.368,1.651
vegan,Indian Saag with Chickpeas,indian,84.13,249.24,57.59,10/16/2022,20:11:11,0.338,4.328
vegan,Lots O'Laksa (Malaysian-Style Chicken Soup),south east asian,153.7,174.14,182.31,10/16/2022,20:11:11,0.883,0.955
vegan,Balsamic Mushroom Pasta,italian,69.05,225.51,60.5,10/16/2022,20:11:11,0.306,3.727
vegan,Healthy & Delicious: Herb-Scalloped Potatoes Recipe,french,44.55,169.93,17.37,10/16/2022,20:11:11,0.262,9.783
vegan,Moroccan Pumpkin and Chickpea Stew,middle eastern,13.47,63.18,4.32,10/16/2022,20:11:11,0.213,14.625
vegan,Marshmallow Cream,american,71.91,730.58,0.09,10/16/2022,20:11:11,0.098,8117.556
vegan,Sweet Potato Hash Stuffed Portobello Mushrooms,south american,25.75,112.86,81.42,10/16/2022,20:11:11,0.228,1.386
vegan,Pickled Red Onions,american,3.43,38.47,0.31,10/16/2022,20:11:11,0.089,124.097
vegan,"Potato, Asparagus & Mushroom Hash",american,25.67,131.88,43.33,10/16/2022,20:11:11,0.195,3.044
vegan,Pasta With Braised Broccoli and Tomato Recipe,italian,99.53,467.16,68.61,10/16/2022,20:11:11,0.213,6.809
vegan,German American Potato Salad,central europe,30.46,213.44,110.53,10/16/2022,20:11:11,0.143,1.931
vegan,Chocolate Icebox Cake,american,66.39,297.87,259.06,10/16/2022,20:11:11,0.223,1.15
vegan,Lentil Burgers,nordic,99.48,315.18,31.22,10/16/2022,20:11:11,0.316,10.095
vegan,"Summer Quinoa Salad, Mexican-Style",mexican,34.44,181.0,48.88,10/16/2022,20:11:18,0.19,3.703
vegan,Kale and Potato Mash with Romesco Sauce,mediterranean,31.94,198.87,30.33,10/16/2022,20:11:18,0.161,6.557
vegan,Creamy Ginger-Asparagus Soup,mediterranean,15.29,60.62,81.98,10/16/2022,20:11:18,0.252,0.739
vegan,"Sweet Potato, Kale & Chicken Salad with Peanut Dressing",mediterranean,126.37,117.56,71.8,10/16/2022,20:11:18,1.075,1.637
vegan,Whipped Frozen Pink Lemonade,french,6.45,137.75,48.82,10/16/2022,20:11:18,0.047,2.822
vegan,Buddha bowl with grilled tofu and gluten-free white beer,asian,91.78,255.89,70.28,10/16/2022,20:11:18,0.359,3.641
vegan,Stewed Chickpeas and Chard over Garlic Toast,french,59.12,224.37,60.29,10/16/2022,20:11:18,0.263,3.722
vegan,Tuscan white beans w/ roasted vegetables,italian,149.35,411.98,43.73,10/16/2022,20:11:18,0.363,9.421
vegan,"Tamari Roasted ""Crack"" Almonds",british,64.31,63.69,142.94,10/16/2022,20:11:18,1.01,0.446
vegan,Chia Chipotle Dressing From 'Salad Samurai',american,3.5,34.27,31.23,10/16/2022,20:11:18,0.102,1.097
vegan,Squash Risotto,italian,59.38,209.97,32.81,10/16/2022,20:11:18,0.283,6.4
vegan,Hippie Loaf,american,44.17,172.18,17.81,10/16/2022,20:11:18,0.257,9.668
vegan,"Carrot and Rye Berry Salad With Celery, Cilantro, and Marcona Almonds Recipe",american,38.18,117.41,114.49,10/16/2022,20:11:18,0.325,1.026
vegan,Smoky Tofu Chili,asian,69.77,135.28,48.41,10/16/2022,20:11:18,0.516,2.794
vegan,Quinoa Stuffed Peppers,mediterranean,114.85,276.83,160.19,10/16/2022,20:11:18,0.415,1.728
vegan,Gobhi Mussallam,indian,44.76,75.01,68.9,10/16/2022,20:11:18,0.597,1.089
vegan,Roasted aloo gobi,indian,36.81,175.89,66.91,10/16/2022,20:11:18,0.209,2.629
vegan,Tahini Noodles,asian,97.68,440.21,72.93,10/16/2022,20:11:25,0.222,6.036
vegan,Chocolate Coconut Ice Cream Mochi,american,45.56,469.36,233.65,10/16/2022,20:11:25,0.097,2.009
vegan,Rainbow Swiss Chard and Lemon Stir-Fry,chinese,29.15,167.53,51.66,10/16/2022,20:11:25,0.174,3.243
vegan,'Akara' aka bean or lentil fritters,mediterranean,48.67,130.15,44.12,10/16/2022,20:11:25,0.374,2.95
vegan,Braised Winter Vegetable Pasta,italian,59.4,297.09,35.46,10/16/2022,20:11:25,0.2,8.378
vegan,Favorite Fall Orzo Salad,american,50.82,207.74,89.08,10/16/2022,20:11:25,0.245,2.332
vegan,Sneaky Collards Recipe,american,55.67,118.96,38.34,10/16/2022,20:11:25,0.468,3.103
vegan,Best veggie stir fry,chinese,46.21,246.43,202.85,10/16/2022,20:11:25,0.188,1.215
vegan,The Crisper Whisperer: Gingered Butternut Soup Recipe,american,62.04,340.05,47.92,10/16/2022,20:11:25,0.182,7.096
vegan,Tofu Poke,asian,72.95,157.18,65.14,10/16/2022,20:11:25,0.464,2.413
vegan,Hummus and Mint Veggie Burgers,nordic,75.73,270.57,86.9,10/16/2022,20:11:25,0.28,3.114
vegan,Thin Mint Smoothie,world,5.29,44.03,10.04,10/16/2022,20:11:25,0.12,4.385
vegan,Beans and Mushrooms,american,20.79,96.31,56.46,10/16/2022,20:11:25,0.216,1.706
vegan,"Lentil Salad With Cauliflower, Walnuts, and Roasted Orange Vinaigrette Recipe",american,127.46,364.61,229.66,10/16/2022,20:11:25,0.35,1.588
vegan,Quick & Dirty Slow Cooker Vegetarian Chili,american,98.97,331.17,43.99,10/16/2022,20:11:25,0.299,7.528
vegan,Chickpea & Jackfruit Curry,indian,45.55,246.68,68.46,10/16/2022,20:11:25,0.185,3.603
vegan,Grilled Tofu with Chimichurri on Toast,asian,91.17,111.42,160.34,10/16/2022,20:11:25,0.818,0.695
vegan,Korean Stewed Tofu with a Green Onion Salad and Crisp Bacon,asian,79.06,64.73,74.17,10/16/2022,20:11:25,1.221,0.873
vegan,Jackfruit Carnitas,mexican,23.56,421.86,49.12,10/16/2022,20:11:32,0.056,8.588
vegan,Vegetarian Mushroom Thyme Gravy,south american,14.75,67.01,72.71,10/16/2022,20:11:32,0.22,0.922
vegan,Well-Crafted Macaroni and Cheese Mix,american,127.15,164.38,70.78,10/16/2022,20:11:32,0.774,2.322
vegan,Easy Black-Bean Corn Salad,mexican,64.0,208.35,10.35,10/16/2022,20:11:32,0.307,20.13
vegan,Banana Heavens Little Pig (Spanish Custard Dessert),mediterranean,48.41,518.39,148.52,10/16/2022,20:11:32,0.093,3.49
vegan,The Ultimate Raw Taco,mexican,9.88,40.98,30.65,10/16/2022,20:11:32,0.241,1.337
vegan,Rosemary Alu Paratha (Potato Parathas with Fresh Rosemary),american,41.76,256.51,19.4,10/16/2022,20:11:32,0.163,13.222
vegan,One-Pot Lentils & Rice with Spinach,middle eastern,58.84,235.58,48.83,10/16/2022,20:11:32,0.25,4.824
vegan,Toni Fiore's Millet Beet Burger,american,47.33,241.3,45.89,10/16/2022,20:11:32,0.196,5.258
vegan,Smoky Tempeh and Hummus Sandwiches,mediterranean,119.5,247.13,98.81,10/16/2022,20:11:32,0.484,2.501
vegan,Mini nut roasts with candied carrots,american,421.72,1636.67,267.25,10/16/2022,20:11:32,0.258,6.124
vegan,Chickpea Cashew Curry,indian,59.38,196.66,104.83,10/16/2022,20:11:32,0.302,1.876
vegan,Easy Middle Eastern Fried Tomatoes: Jordanian Galayet Bandora,middle eastern,6.26,33.5,55.18,10/16/2022,20:11:38,0.187,0.607
vegan,"Whole-Grain Wraps with Quinoa, Beans, and Roasted Veggies",american,126.07,229.3,164.88,10/16/2022,20:11:38,0.55,1.391
vegan,White Beans with Herbes de Provence,world,29.17,125.36,49.62,10/16/2022,20:11:38,0.233,2.526
vegan,Chickpea Piccata,italian,39.19,142.48,14.77,10/16/2022,20:11:38,0.275,9.647
vegan,Recipe: Purple Cauliflower Hummus,mediterranean,3.34,19.69,67.86,10/16/2022,20:11:38,0.17,0.29
vegan,Instant Pot Vegetarian Chili,american,99.51,330.95,22.49,10/16/2022,20:11:38,0.301,14.715
vegan,"No-Churn Mango Sherbet (Sorbet, Frozen Yogurt, or Ice Cream!)",american,7.92,125.36,6.46,10/16/2022,20:11:38,0.063,19.406
vegan,Feta Stuffed Eggplant Polpetti,mediterranean,20.16,85.67,20.56,10/16/2022,20:11:38,0.235,4.167
vegan,Cinnamon Spiced Nuts,american,94.41,129.09,412.23,10/16/2022,20:11:38,0.731,0.313
vegan,Israeli Couscous Salad,middle eastern,42.92,203.37,40.93,10/16/2022,20:11:38,0.211,4.969
vegan,Cranberry Curry and Mint Cashew Butter,american,9.16,16.16,41.83,10/16/2022,20:11:38,0.567,0.386
vegan,Tofu Pesto,asian,49.91,68.57,242.68,10/16/2022,20:11:38,0.728,0.283
vegan,"Tofu and Kale Salad With Avocado, Grapefruit, and Miso-Tahini Dressing Recipe",mediterranean,46.85,81.27,131.61,10/16/2022,20:11:38,0.576,0.618
vegan,Mediterranean Cabbage Soup,mediterranean,47.06,183.94,31.28,10/16/2022,20:11:38,0.256,5.88
vegan,Mother's Day Mexican Veggie Burgers,mexican,122.64,405.33,43.13,10/16/2022,20:11:38,0.303,9.398
vegan,"Pasta Sauce, Elevated",italian,63.83,211.59,40.86,10/16/2022,20:11:38,0.302,5.178
vegan,Jackfruit Barbacoa Burrito Bowls,mexican,40.22,496.18,35.97,10/16/2022,20:11:38,0.081,13.794
vegan,Spicy Thai Peanut Kelp Noodle Pad Thai,south east asian,92.67,357.52,68.86,10/16/2022,20:11:45,0.259,5.192
vegan,Make-Ahead Zucchini and Quinoa Dill Bisque Recipe,french,36.29,102.42,28.8,10/16/2022,20:11:45,0.354,3.556
vegan,Pearl Couscous Chicken Salad with Roasted Asparagus and Herbs,nordic,203.05,397.74,97.26,10/16/2022,20:11:45,0.511,4.089
vegan,Slow-Cooker Creamy Butternut Squash-Apple Soup,french,17.22,204.62,24.8,10/16/2022,20:11:45,0.084,8.251
vegan,Potato Salad with Parsley Pesto,french,24.8,160.68,133.13,10/16/2022,20:11:45,0.154,1.207
vegan,Vietnamese Citrus and Noodle Salad With Fresh Herbs and Fried Yuba (Tofu Skin) Recipe,asian,53.49,256.92,308.86,10/16/2022,20:11:45,0.208,0.832
vegan,Andrea Nguyen's Saag Soy Paneer,indian,50.48,52.34,95.34,10/16/2022,20:11:45,0.964,0.549
vegan,Harvest-Stuffed Portobello Mushrooms,mediterranean,86.71,237.42,95.53,10/16/2022,20:11:45,0.365,2.485
vegan,Thai Summer Squash Curry,south east asian,77.15,228.01,65.94,10/16/2022,20:11:45,0.338,3.458
vegan,Stir-Fried Broccoli and Shiitake Mushrooms with Oyster Sauce,mediterranean,23.13,64.29,31.52,10/16/2022,20:11:45,0.36,2.04
vegan,Instant Pot Vegetable Soup,italian,45.98,152.64,31.25,10/16/2022,20:11:45,0.301,4.884
vegan,Stuffed Portobello Mushroom Caps with Roasted Root Vegetable Risotto,italian,57.13,259.37,52.6,10/16/2022,20:11:45,0.22,4.931
vegan,Chickpea Spaghetti With Roasted Vegetables,italian,62.65,351.35,43.49,10/16/2022,20:11:45,0.178,8.079
vegan,Gluten-Free Chocolate-Chip Zucchini Bread Squares Recipe,american,29.52,285.85,115.17,10/16/2022,20:11:45,0.103,2.482
vegan,Black Girl Baking is a Journey in Food Memories Told Through the Senses,american,60.23,403.78,375.91,10/16/2022,20:11:45,0.149,1.074
vegan,Homemade Crunchy Nutella Recipe,american,32.92,349.55,252.31,10/16/2022,20:11:45,0.094,1.385
vegan,Tofu Mexicali Scramble Recipe,asian,63.61,154.85,64.2,10/16/2022,20:11:45,0.411,2.412
vegan,Green Coconut Zoodle Soup,american,24.81,104.19,130.69,10/16/2022,20:11:45,0.238,0.797
vegan,"Sticky Rice Cake with Coconut, Ginger & Condensed Coconut Milk",south east asian,56.93,434.64,324.66,10/16/2022,20:11:45,0.131,1.339
vegan,Cook the Book: Quinoa with Chimichurri Herbs,south american,27.28,135.59,51.58,10/16/2022,20:11:52,0.201,2.629
vegan,Quinoacado Tacos with Charred Corn and Fruit Salsa,mexican,42.79,258.64,86.54,10/16/2022,20:11:52,0.165,2.989
vegan,Summertime Potluck Puttanesca,italian,80.09,424.04,125.3,10/16/2022,20:11:52,0.189,3.384
vegan,The Best Vegetarian Bean Chili Recipe,american,138.0,434.9,67.01,10/16/2022,20:11:52,0.317,6.49
vegan,"Cranberry Orange Cornbread with Orange ""Butter""",american,43.91,543.24,123.1,10/16/2022,20:11:52,0.081,4.413
vegan,Dairy-Free Pumpkin Pie,american,27.39,364.75,119.43,10/16/2022,20:11:52,0.075,3.054
vegan,Autumn Curry with Pumpkin and Chickpeas,indian,121.86,507.04,158.57,10/16/2022,20:11:52,0.24,3.198
vegan,'Clean Start': Chewy Chocolate Macaroons Recipe,french,23.58,248.33,174.13,10/16/2022,20:11:52,0.095,1.426
vegan,"Zucchini, Almond, and Mint Soup with Lemony Lentils",french,70.76,141.49,112.43,10/16/2022,20:11:52,0.5,1.258
vegan,Spanish Chickpea Gratin,mediterranean,83.94,288.01,108.84,10/16/2022,20:11:52,0.291,2.646
vegan,French in a Flash: Parsnip Purée with Olive Oil and Sage,american,12.47,172.38,71.85,10/16/2022,20:11:52,0.072,2.399
vegan,Easy Walnut Pesto,italian,85.28,44.39,80.87,10/16/2022,20:11:52,1.921,0.549
vegan,Country-Style Tomato and Cilantro Broth,mediterranean,0.36,1.83,0.1,10/16/2022,20:11:52,0.197,18.3
vegan,Quinoa & Sweet Potato Chili,american,58.05,237.62,28.37,10/16/2022,20:11:52,0.244,8.376
vegan,Quinoa Salad with Roasted Beets and Baby Spinach,american,76.97,301.5,97.26,10/16/2022,20:11:52,0.255,3.1
vegan,Dinner Tonight: Caramelized Tofu with Brussels Sprouts Recipe,asian,29.77,57.5,74.44,10/16/2022,20:11:52,0.518,0.772
vegan,Stir-Fried Garlic Eggplant with Ground Pork Recipe,south east asian,29.35,42.31,68.44,10/16/2022,20:11:52,0.694,0.618
vegan,Sweet Potato Cake with Cashew Cream Cheese Frosting,american,48.54,390.74,138.94,10/16/2022,20:11:58,0.124,2.812
vegan,Black Bean Corn Tamales,south american,152.27,798.89,84.75,10/16/2022,20:11:58,0.191,9.426
vegan,Pappardelle with Artichoke Chickpea Meatballs,mediterranean,252.44,1115.32,150.17,10/16/2022,20:11:58,0.226,7.427
vegan,Curried Cauliflower Soup with Tamarind Glazed Kabocha Squash and Apple,american,49.51,207.1,47.15,10/16/2022,20:11:58,0.239,4.392
vegan,Citrus Ginger Tofu Salad with Buckwheat Soba Noodles,asian,88.65,188.32,96.04,10/16/2022,20:11:58,0.471,1.961
vegan,Cook the Book: Coconut Rice with Variations,south american,14.84,118.9,44.97,10/16/2022,20:11:58,0.125,2.644
vegan,Maple Hasselback Butternut Squash Recipe,american,10.25,146.75,18.23,10/16/2022,20:11:58,0.07,8.05
vegan,Fresh Tomato Soup,italian,11.49,61.53,48.05,10/16/2022,20:11:58,0.187,1.281
vegan,Dinner Tonight: Farro Salad with Roasted Kale and Beets Recipe,italian,104.08,384.58,73.85,10/16/2022,20:11:58,0.271,5.208
vegan,Tom Kha Udon Soup With Mushrooms Recipe,south east asian,134.56,719.89,87.81,10/16/2022,20:11:58,0.187,8.198
vegan,Lemon and Saffron Risotto,italian,39.75,341.75,61.86,10/16/2022,20:11:58,0.116,5.525
vegan,Vegetarian Butternut Squash Chili with Black Beans,american,78.55,261.64,35.03,10/16/2022,20:11:58,0.3,7.469
vegan,Instant Pot Curry,south east asian,53.58,198.48,112.46,10/16/2022,20:11:58,0.27,1.765
vegan,Sweet Potato Soup with Crispy Tortilla Topping,french,92.0,316.83,126.56,10/16/2022,20:11:58,0.29,2.503
vegan,Edamame Gyoza,south east asian,72.45,357.2,30.33,10/16/2022,20:11:58,0.203,11.777
vegan,Raw Harvest Kale Salad,american,13.24,95.77,49.0,10/16/2022,20:11:58,0.138,1.954
vegan,Rye and Butternut Squash Dressing,american,93.11,546.51,72.18,10/16/2022,20:11:58,0.17,7.571
vegan,Classic Beans and Greens Tacos,mexican,102.35,375.3,101.68,10/16/2022,20:11:58,0.273,3.691
vegan,Spring Vegetarian Cassoulet,french,32.57,148.59,123.4,10/16/2022,20:11:58,0.219,1.204
vegan,Gluten-Free Tuesday: Allergen-free Chocolate Pumpkin Spice Cake,american,26.21,445.66,124.96,10/16/2022,20:12:05,0.059,3.566
vegan,Vegetarian Slow-Cooker Chili Recipe,american,57.47,182.49,20.72,10/16/2022,20:12:05,0.315,8.807
vegan,Rich Roll's Ultra Meatless Tempeh Loaf,american,132.02,238.22,222.53,10/16/2022,20:12:05,0.554,1.071
vegan,French Toast with Blueberry Compote,french,58.55,366.33,222.47,10/16/2022,20:12:05,0.16,1.647
vegan,Whipped Frozen Creamsicle,world,5.17,46.29,24.93,10/16/2022,20:12:05,0.112,1.857
vegan,Pandan Khanom Chan (Layered Rice Sweets) Recipe,south east asian,32.01,974.19,55.15,10/16/2022,20:12:05,0.033,17.664
vegan,Recipe: Garlicky Soba Noodle Bowls,asian,38.89,187.15,11.12,10/16/2022,20:12:05,0.208,16.83
vegan,Basic Chili Paste to Replace Chili Powder Recipe,american,22.16,24.7,9.29,10/16/2022,20:12:05,0.897,2.659
vegan,"Instant Pot Bengali Red Lentil, Potato, Pea, and Cauliflower Risotto",italian,58.03,232.18,74.27,10/16/2022,20:12:05,0.25,3.126
vegan,Southwest-Stuffed Sweet Potato Skins,american,83.88,491.68,44.65,10/16/2022,20:12:05,0.171,11.012
vegan,Red Lentil Soup,british,62.77,197.6,24.27,10/16/2022,20:12:05,0.318,8.142
vegan,Vegetarian Gumbo,american,115.35,568.37,92.32,10/16/2022,20:12:05,0.203,6.157
vegan,Slow-Cooker Mediterranean Stew,american,46.14,170.31,56.55,10/16/2022,20:12:05,0.271,3.012
vegan,Tempeh and Eggplant Pot Pies,american,34.58,204.76,101.42,10/16/2022,20:12:05,0.169,2.019
vegan,"Avocado with Pomegranate Molasses, Tomatoes, Citrus, and Basil",american,11.52,57.04,57.09,10/16/2022,20:12:05,0.202,0.999
vegan,Grilled Cauliflower Steaks with Almond Pesto & Butter Beans,british,111.57,303.83,116.4,10/16/2022,20:12:05,0.367,2.61
vegan,French Caramelized Onion Tart,american,34.83,216.01,134.76,10/16/2022,20:12:05,0.161,1.603
vegan,Sri Lankan braised roots stew & coconut dhal dumplings,american,73.76,361.63,159.57,10/16/2022,20:12:12,0.204,2.266
vegan,curried lentils with sweet potatoes.,indian,89.51,311.47,14.88,10/16/2022,20:12:12,0.287,20.932
vegan,One-Pot Coconut Milk Curry with Chickpeas,indian,51.92,198.04,128.18,10/16/2022,20:12:12,0.262,1.545
vegan,Zucchini-Chickpea Veggie Burgers with Tahini-Ranch Sauce,mediterranean,67.07,233.11,68.11,10/16/2022,20:12:12,0.288,3.423
vegan,"Squash, chickpea & coconut curry",indian,61.08,278.25,160.2,10/16/2022,20:12:12,0.22,1.737
vegan,"Gardein ""Chicken"" Scaloppini with Shiitake Sake Sauce, Pea Shoots, and Udon Noodle Cakes",asian,34.07,155.84,189.14,10/16/2022,20:12:12,0.219,0.824
vegan,Lisa's Delicious 3-Bean Chili,american,117.41,384.6,19.06,10/16/2022,20:12:12,0.305,20.178
vegan,Matcha Mint Chip Ice Cream,american,15.15,165.73,147.34,10/16/2022,20:12:12,0.091,1.125
vegan,Tomato and Farro Minestrone,italian,76.22,303.4,23.42,10/16/2022,20:12:12,0.251,12.955
vegan,"Chickpea, Potato, and Spinach Jalfrezi With Cilantro Chutney Recipe",indian,57.59,242.68,57.44,10/16/2022,20:12:12,0.237,4.225
vegan,Midtown Greek Salad,mediterranean,57.49,93.94,130.53,10/16/2022,20:12:12,0.612,0.72
vegan,Flat-Belly Soup,french,42.63,188.44,28.24,10/16/2022,20:12:12,0.226,6.673
vegan,"Charred Corn, Radish, Jicama, and Green Bean Salad With Lime Dressing Recipe",japanese,13.52,81.22,72.01,10/16/2022,20:12:12,0.166,1.128
vegan,Vegetarian Ghormeh Sabzi for times of plague,mediterranean,151.41,566.8,118.61,10/16/2022,20:12:12,0.267,4.779
vegan,Seitan and Polenta Skillet with Fresh Greens,japanese,161.96,480.09,71.68,10/16/2022,20:12:12,0.337,6.698
vegan,Strawberry Oat Crumble Bars,american,46.72,547.43,158.32,10/16/2022,20:12:12,0.085,3.458
vegan,Sweet Potato & Spinach Dal,central europe,61.47,175.5,31.64,10/16/2022,20:12:12,0.35,5.547
vegan,"Roasted Garlic, White Bean & Kale Pizz'alad",italian,81.4,351.98,63.0,10/16/2022,20:12:12,0.231,5.587
vegan,Cook the Book: Moroccan-Style Braised Vegetables,middle eastern,47.3,150.7,40.81,10/16/2022,20:12:19,0.314,3.693
vegan,Slow-Cooker Vegetarian Tex-Mex Casserole,mexican,76.56,248.92,115.38,10/16/2022,20:12:19,0.308,2.157
vegan,Greek Style Chickpea soup,mediterranean,99.72,335.36,145.56,10/16/2022,20:12:19,0.297,2.304
vegan,Roasted Mediterranean Vegetables with Chickpeas,mediterranean,56.91,237.33,42.09,10/16/2022,20:12:19,0.24,5.639
vegan,Potato Cauliflower Chaat (for an American kitchen),american,50.51,311.9,83.16,10/16/2022,20:12:19,0.162,3.751
vegan,Pad Thai Redux,south east asian,19.72,132.77,52.76,10/16/2022,20:12:19,0.149,2.516
vegan,Asian-style Cabbage Slaw w/Tofu and Crunchy Ramen,japanese,35.24,95.9,42.98,10/16/2022,20:12:19,0.367,2.231
vegan,Roasted-Carrot Salad With Peanut-Sesame Mole Recipe,italian,36.63,126.8,114.44,10/16/2022,20:12:19,0.289,1.108
vegan,Mushroom-Tofu-Pecan Stuffed Vegetables,american,188.05,220.59,262.31,10/16/2022,20:12:19,0.852,0.841
vegan,Quinoa with Curried Cauliflower & Potatoes,indian,26.99,130.18,67.17,10/16/2022,20:12:19,0.207,1.938
vegan,Low-Carb Portobello Mushroom Fajitas,mexican,41.49,111.46,148.41,10/16/2022,20:12:19,0.372,0.751
vegan,Healthy and Delicious: Confetti Quinoa Salad Recipe,south american,105.2,380.79,31.22,10/16/2022,20:12:19,0.276,12.197
vegan,Pistachio-Crusted Tofu with Red Chimichurri Recipe,asian,69.87,99.93,149.91,10/16/2022,20:12:19,0.699,0.667
vegan,Baby Artichokes with Lemon and Olive Oil,mediterranean,90.34,307.15,220.77,10/16/2022,20:12:19,0.294,1.391
vegan,"Portobello Mushrooms Stuffed with Spinach, Parmesan and Fennel",mediterranean,88.96,74.56,105.46,10/16/2022,20:12:19,1.193,0.707
vegan,Chili Lime Black Bean and Quinoa Salad,american,75.94,358.72,75.25,10/16/2022,20:12:19,0.212,4.767
vegan,Holiday Slow Cooker Veggie Chili,american,126.44,521.3,33.18,10/16/2022,20:12:19,0.243,15.711
vegan,Pumpkin Tiramisu Recipe,italian,62.91,1228.6,366.25,10/16/2022,20:12:19,0.051,3.355
vegan,"Carrot, Ginger, and Basil Soup Recipe",american,35.0,62.3,18.06,10/16/2022,20:12:26,0.562,3.45
vegan,Eat for Eight Bucks: Farro and Cauliflower Salad with Currants Recipe,mediterranean,63.82,237.21,44.88,10/16/2022,20:12:26,0.269,5.285
vegan,"Healthy and Delicious: Shredded Beet, Apple, and Currant Salad with Apple Vinaigrette Recipe",french,8.36,137.62,28.48,10/16/2022,20:12:26,0.061,4.832
vegan,Versatile Lentil Stew,italian,64.06,178.01,50.35,10/16/2022,20:12:26,0.36,3.535
vegan,Spicy Tortilla Crisps with Queso Fundito from 'Salty Snacks',american,54.74,49.59,93.59,10/16/2022,20:12:26,1.104,0.53
vegan,Radishes With Avocado Dip From 'The VB6 Cookbook',american,19.88,71.62,42.65,10/16/2022,20:12:26,0.278,1.679
vegan,Simple Kale Salad,american,52.89,93.69,116.43,10/16/2022,20:12:26,0.565,0.805
vegan,Chickpea and Kale Curry,indian,34.63,104.0,98.87,10/16/2022,20:12:26,0.333,1.052
vegan,Meat Lite: Portobello Burgers with Crispy Prosciutto and Arugula Mayo Recipe,mediterranean,85.6,123.67,87.8,10/16/2022,20:12:26,0.692,1.409
vegan,Slow-Cooker Vegetarian Chili,american,53.11,279.09,7.67,10/16/2022,20:12:26,0.19,36.387
vegan,Gluten-Free Tuesday: Graham Crackers Recipe,american,20.99,344.46,67.13,10/16/2022,20:12:26,0.061,5.131
vegan,Braised Artichokes With Leeks and Peas From 'The New Vegetarian Cooking for Everyone',mediterranean,50.89,224.38,53.68,10/16/2022,20:12:26,0.227,4.18
vegan,Apple Fennel Casserole with a Coconut-Turmeric Twist,italian,5.6,46.5,18.34,10/16/2022,20:12:26,0.12,2.535
vegan,Healthy & Delicious: Tabbouleh Salad Recipe,middle eastern,27.75,136.96,57.17,10/16/2022,20:12:26,0.203,2.396
vegan,Apricot Kuchen,american,71.48,744.37,79.76,10/16/2022,20:12:26,0.096,9.333
vegan,"'The Food Matters Cookbook': Spicy Fried Rice with Bean Sprouts, Chicken, and Peanuts Recipe",south east asian,111.5,337.99,105.43,10/16/2022,20:12:26,0.33,3.206
vegan,French Lentil and Arugula Salad with Herbed Cashew Cheese,french,175.8,371.72,229.85,10/16/2022,20:12:26,0.473,1.617
vegan,Healthy & Delicious: Greek Orzo Salad Recipe,mediterranean,74.66,303.36,108.39,10/16/2022,20:12:33,0.246,2.799
vegan,Sichuan-Style Braised Eggplant With Pickled Chilies and Garlic (Yu Xiang Qie Zi) Recipe,chinese,14.06,79.82,45.68,10/16/2022,20:12:33,0.176,1.747
vegan,Roasted Strawberry Margaritas with Aquafaba Whip,world,38.66,291.21,15.16,10/16/2022,20:12:33,0.133,19.209
vegan,"Butternut Squash, Kale, and Crunchy Pepitas Taco",american,41.35,123.69,102.21,10/16/2022,20:12:33,0.334,1.21
vegan,Saag Paneer,indian,82.6,88.55,33.27,10/16/2022,20:12:33,0.933,2.662
vegan,Kolkata Style Chickpea Rolls,american,39.57,203.13,154.75,10/16/2022,20:12:33,0.195,1.313
vegan,The Occasional Vegetarian's Bibimbap,chinese,22.9,185.2,24.96,10/16/2022,20:12:33,0.124,7.42
vegan,This Roasted Beet Hummus Recipe Can’t Be Beat,mediterranean,45.83,157.32,64.12,10/16/2022,20:12:33,0.291,2.454
vegan,Persian Eggplant Stew // Khoresh Bademjan,south american,27.57,188.51,59.1,10/16/2022,20:12:33,0.146,3.19
vegan,Healthy and Delicious: Mexican Potato Soup Recipe,mexican,12.18,86.8,1.45,10/16/2022,20:12:33,0.14,59.862
vegan,Michael Natkin's Soba Noodles in Shiitake-Shoyu Broth with Spring Vegetables,japanese,128.8,494.56,102.46,10/16/2022,20:12:33,0.26,4.827
vegan,Shauna James Ahern's Quinoa-Stuffed Peppers,south american,38.4,221.84,93.74,10/16/2022,20:12:33,0.173,2.367
vegan,Braised Eggplant With Tofu in Garlic Sauce Recipe,asian,44.86,102.6,59.6,10/16/2022,20:12:33,0.437,1.721
vegan,Coconut-Mango Rice Noodle Salad,asian,45.56,237.57,135.07,10/16/2022,20:12:33,0.192,1.759
vegan,Blueberry Mug Cake,american,6.67,61.95,16.73,10/16/2022,20:12:33,0.108,3.703
vegan,Recipe: Sesame Ginger Shrimp and Cabbage Stew,chinese,173.09,219.9,75.42,10/16/2022,20:12:33,0.787,2.916
vegan,Pretzel- and Cashew-Crusted Tofu,asian,124.14,587.22,98.82,10/16/2022,20:12:33,0.211,5.942
vegan,Hominy Stew Is Soul-Soothing on a Chilly Fall Morning,american,136.2,62.09,373.84,10/16/2022,20:12:40,2.194,0.166
vegan,Black Bean and Butternut Squash Chili,american,63.6,221.25,29.06,10/16/2022,20:12:40,0.287,7.614
vegan,Pasta e Fagioli (Pasta and Beans),italian,64.73,230.05,74.06,10/16/2022,20:12:40,0.281,3.106
vegan,Tofu Bánh Mì,asian,88.99,201.36,131.58,10/16/2022,20:12:40,0.442,1.53
vegan,Moosewood’s Classic Tofu Burgers,asian,166.91,108.07,215.9,10/16/2022,20:12:40,1.544,0.501
vegan,Beef and Chinese Broccoli Chow Fun Recipe,chinese,127.79,432.09,139.84,10/16/2022,20:12:40,0.296,3.09
vegan,Sara's Green Harissa,mediterranean,5.17,24.8,162.85,10/16/2022,20:12:40,0.208,0.152
vegan,Black Bean Tostadas,south american,102.05,538.95,113.14,10/16/2022,20:12:40,0.189,4.764
vegan,Quinoa Fried ‘Rice’,chinese,82.5,226.38,156.54,10/16/2022,20:12:40,0.364,1.446
vegan,Phat Phrik Khing With Tofu and Long Beans (Thai Dry-Curry Stir-Fry) Recipe,south east asian,80.34,179.92,82.62,10/16/2022,20:12:40,0.447,2.178
vegan,Corn and Coconut Salad,american,26.28,185.69,40.05,10/16/2022,20:12:40,0.142,4.636
vegan,Crêpes with Chicken and Morels,mediterranean,106.42,116.25,173.88,10/16/2022,20:12:40,0.915,0.669
vegan,French in a Flash: Campanelle with Eggplant Caviar Recipe,french,76.47,416.03,85.99,10/16/2022,20:12:40,0.184,4.838
vegan,Apple-Chestnut Cornbread Stuffing,american,55.26,424.43,86.48,10/16/2022,20:12:40,0.13,4.908
vegan,Wet Bean Burritos,mexican,136.76,434.28,68.66,10/16/2022,20:12:40,0.315,6.325
vegan,Cook the Book: Pan-Roasted Striped Bass with Tunisian Chickpea Salad and Yogurt Sauce,american,236.43,225.35,203.05,10/16/2022,20:12:40,1.049,1.11
vegan,"Scooped: Kaffir Lime, Ginger, Star Anise Sorbet Recipe",american,7.39,242.33,2.83,10/16/2022,20:12:46,0.03,85.629
vegan,A Sweet Potato Burrito Packs Your Morning with Power,mexican,27.38,237.56,30.22,10/16/2022,20:12:46,0.115,7.861
vegan,Sun Dried Tomato Yumballs,south east asian,95.79,135.95,117.94,10/16/2022,20:12:46,0.705,1.153
vegan,Red Minestrone from 'Stewed',american,36.43,179.27,77.9,10/16/2022,20:12:46,0.203,2.301
vegan,Healthy & Delicious: West African Vegetable Stew Recipe,american,47.57,291.86,27.71,10/16/2022,20:12:46,0.163,10.533
vegan,Recipe: Roasted Sweet Potato Slices with Cilantro Pesto,italian,39.8,229.88,151.44,10/16/2022,20:12:46,0.173,1.518
vegan,Mother-in-Law's Signature Kimchi from 'The Kimchi Cookbook',south east asian,89.53,150.15,20.36,10/16/2022,20:12:46,0.596,7.375
vegan,"'Clean Start': Polenta Pizzas with Kale, Chard, and Parsley Pesto Recipe",italian,64.97,448.84,180.1,10/16/2022,20:12:46,0.145,2.492
vegan,Old School French Onion Soup Gratinée,french,187.25,102.14,200.92,10/16/2022,20:12:46,1.833,0.508
vegan,Recipe: Braised Coconut Spinach & Chickpeas with Lemon,american,57.94,161.09,108.55,10/16/2022,20:12:46,0.36,1.484
vegan,"Gluten-Free Tuesday: Dairy-Free, Egg-Free Coconut-Pumpkin Pie Recipe",american,19.46,343.44,141.52,10/16/2022,20:12:46,0.057,2.427
vegan,Recipe: Socca Flatbread with Spring Pesto and Salad,american,85.66,170.49,285.1,10/16/2022,20:12:46,0.502,0.598
vegan,"Braised Chickpeas and Vegetables with Couscous, Harissa Yogurt, and Soft Eggs from 'Flour, Too'",american,118.52,330.85,107.74,10/16/2022,20:12:46,0.358,3.071
vegan,Veggie Masala Burgers with Cilantro Chutney Aioli,indian,78.08,362.33,365.09,10/16/2022,20:12:46,0.215,0.992
vegan,Curry Noodles With Chicken (Kuai-Tiao Kaeng Sai Kai) From 'Simple Thai Food',south east asian,219.17,398.38,298.2,10/16/2022,20:12:46,0.55,1.336
vegan,"Crispy Fried Spinach with Tomato, Onion, Tamarind, and Yogurt Recipe",american,39.75,149.57,124.56,10/16/2022,20:12:46,0.266,1.201
vegan,Sweet Potato–Chickpea-Quinoa Burgers,south american,122.26,381.65,275.06,10/16/2022,20:12:46,0.32,1.388
vegan,Vegan S'mores,american,6.55,59.48,27.17,10/16/2022,20:12:53,0.11,2.189
vegan,Vegan Chocolate Frosting | Vegan Chocolate | Vegetarian Chocolate,american,6.93,227.99,35.67,10/16/2022,20:12:53,0.03,6.392
vegan,Vegan Candy | Vegan Chocolate | Vegetarian Chocolate,american,77.84,299.39,211.54,10/16/2022,20:12:53,0.26,1.415
vegan,Vegan Thanksgiving Sandwich,american,34.66,41.97,24.09,10/16/2022,20:12:53,0.826,1.742
vegan,Vegan BLT,american,26.6,57.13,55.22,10/16/2022,20:12:53,0.466,1.035
vegan,Vegan Campfire Smores,american,26.2,237.91,108.67,10/16/2022,20:12:53,0.11,2.189
vegan,Vegan Chocolate Ganache,american,8.48,114.52,95.53,10/16/2022,20:12:53,0.074,1.199
vegan,White Pizza {Vegan},italian,72.6,279.01,87.99,10/16/2022,20:12:53,0.26,3.171
vegan,Vegan Rice Krispie Squares,american,9.04,118.65,35.72,10/16/2022,20:12:53,0.076,3.322
vegan,Vegan Spinach Balls,american,76.78,159.24,103.72,10/16/2022,20:12:53,0.482,1.535
vegan,the best vegan cheesecake,american,63.31,346.83,174.07,10/16/2022,20:12:53,0.183,1.992
vegan,Vegan Spaghetti,american,170.62,530.82,117.23,10/16/2022,20:12:53,0.321,4.528
vegan,VEGAN COLESLAW,american,10.9,28.5,38.95,10/16/2022,20:12:53,0.382,0.732
vegan,Vegan Eggnog,american,12.5,61.52,6.74,10/16/2022,20:12:53,0.203,9.128
vegan,Vegan Stuffing,american,48.86,255.15,102.43,10/16/2022,20:12:53,0.191,2.491
vegan,Gluten-free vegan hashbrowns,american,80.01,561.1,457.19,10/16/2022,20:13:00,0.143,1.227
vegan,Vegan Ranch Dressing,american,4.9,13.07,93.73,10/16/2022,20:13:00,0.375,0.139
vegan,Smoked Vegan Mac and Cheese,american,144.9,405.77,142.12,10/16/2022,20:13:00,0.357,2.855
vegan,Vegan Eclairs,american,24.67,231.46,65.08,10/16/2022,20:13:00,0.107,3.557
vegan,Vegan Beer Brats,american,315.1,112.22,86.61,10/16/2022,20:13:00,2.808,1.296
vegan,Joey's Vegan Cream Cheese Frosting,american,15.39,115.03,88.13,10/16/2022,20:13:00,0.134,1.305
vegan,Vegan Chocolate Pie,american,19.81,275.17,73.25,10/16/2022,20:13:00,0.072,3.757
vegan,Vegan Eggplant Lasagna,american,47.9,97.41,28.47,10/16/2022,20:13:00,0.492,3.421
vegan,Vegan Cheese Pumpkin,american,117.38,147.3,248.45,10/16/2022,20:13:00,0.797,0.593
vegan,Vegan Coconut Caramel,american,4.63,54.29,77.54,10/16/2022,20:13:00,0.085,0.7
vegan,Vegan Cheesy Corn Casserole recipes,american,42.68,350.4,179.88,10/16/2022,20:13:00,0.122,1.948
vegan,Vegan Pigs in a Blanket,american,25.87,26.58,72.29,10/16/2022,20:13:07,0.973,0.368
vegan,Pretzel Dipping Sauces {Vegetarian/Vegan},american,5.53,38.17,30.82,10/16/2022,20:13:07,0.145,1.238
vegan,{Vegan} Homemade Peanut Butter Cups,american,34.86,156.24,112.15,10/16/2022,20:13:07,0.223,1.393
vegan,Vegan Vanilla Pudding recipes,british,3.6,162.64,33.81,10/16/2022,20:13:07,0.022,4.81
vegan,Vegan Garlic Butter,american,10.0,5.68,114.04,10/16/2022,20:13:07,1.761,0.05
vegan,Vegan Strawberry Freezer Pie,american,12.81,146.64,56.35,10/16/2022,20:13:07,0.087,2.602
vegan,Mushroom Stroganoff {Vegan},american,18.16,39.22,64.8,10/16/2022,20:13:07,0.463,0.605
vegan,Vegan Pumpkin Pie Cheesecake,american,53.69,369.5,218.47,10/16/2022,20:13:07,0.145,1.691
vegan,Vegan Cherry Pie recipes,american,87.4,1168.14,445.86,10/16/2022,20:13:07,0.075,2.62
vegan,Vegan Jalapeno Poppers,american,21.44,93.99,63.25,10/16/2022,20:13:07,0.228,1.486
vegan,Easy Vegan Artichoke Dip,mediterranean,12.61,24.05,60.55,10/16/2022,20:13:07,0.524,0.397
vegan,Vegan Tiramisu,italian,17.4,89.84,80.29,10/16/2022,20:13:07,0.194,1.119
vegan,Vegan Creamed Spinach,american,36.05,57.08,38.48,10/16/2022,20:13:07,0.632,1.483
vegan,Vegan Aioli,american,10.34,20.64,38.41,10/16/2022,20:13:07,0.501,0.537
vegan,Vegan Toffee Squares recipes,british,37.17,459.92,196.03,10/16/2022,20:13:07,0.081,2.346
vegan,Vegan Cheese Enchiladas,american,86.0,180.46,97.22,10/16/2022,20:13:07,0.477,1.856
vegan,Vegan vegetable pizza,italian,48.03,106.56,47.69,10/16/2022,20:13:13,0.451,2.234
vegan,Fancy Vegan Sausage Rolls,american,40.01,27.86,97.86,10/16/2022,20:13:13,1.436,0.285
vegan,NO-BAKE VEGAN CHEESECAKE,american,9.43,152.64,150.35,10/16/2022,20:13:13,0.062,1.015
vegan,Vegan “Egg” Mayo,american,38.26,12.77,49.9,10/16/2022,20:13:13,2.996,0.256
vegan,Butternut Squash and Spinach Lasagna (Vegan),italian,114.38,356.37,130.93,10/16/2022,20:13:13,0.321,2.722
vegan,Vegan Baileys Truffles,american,16.69,137.19,298.32,10/16/2022,20:13:13,0.122,0.46
vegan,Vegan Mocha Latte,american,5.27,17.74,43.43,10/16/2022,20:13:13,0.297,0.408
vegan,Vegan Eggnog Martini,world,1.32,11.41,1.27,10/16/2022,20:13:13,0.116,8.984
vegan,"Vegan Sausage, Kale, Dijon & Sesame Ba",american,32.25,64.16,22.55,10/16/2022,20:13:13,0.503,2.845
vegan,Vegan Tiramisu,american,5.78,30.64,40.05,10/16/2022,20:13:13,0.189,0.765
vegan,Vegan Kale Pesto Gnocchi,american,40.87,187.62,41.62,10/16/2022,20:13:13,0.218,4.508
vegan,Vegan Apple Betty,american,16.14,360.76,60.46,10/16/2022,20:13:13,0.045,5.967
vegan,Vegan Russian Dressing,american,28.43,199.03,78.89,10/16/2022,20:13:13,0.143,2.523
vegan,Vegan Cream Cheese Frosting,american,7.3,246.7,84.86,10/16/2022,20:13:13,0.03,2.907
vegan,Fries Supreme Vegan recipes,american,73.88,138.47,106.78,10/16/2022,20:13:13,0.534,1.297
vegan,Vegan Creamed Spinach Phyllo Tart,american,37.19,110.15,134.27,10/16/2022,20:13:13,0.338,0.82
vegan,Vegan Pecan Pie,american,39.45,316.43,215.21,10/16/2022,20:13:20,0.125,1.47
vegan,Vegan Pizza Snacks,american,85.06,73.15,89.7,10/16/2022,20:13:20,1.163,0.815
vegan,Vegan Peppermint Patties,american,14.54,544.16,129.8,10/16/2022,20:13:20,0.027,4.192
vegan,Unbelievable Vegan Mashed Potatoes,american,23.17,144.98,35.42,10/16/2022,20:13:20,0.16,4.093
vegan,Vegan Sweet Noodle Kugel,asian,83.08,340.35,162.71,10/16/2022,20:13:20,0.244,2.092
vegan,Vegan Champagne Truffles,american,36.43,187.43,149.5,10/16/2022,20:13:20,0.194,1.254
vegan,Animal-Style Patty Melts (Vegan),american,70.0,50.08,167.2,10/16/2022,20:13:20,1.398,0.3
vegan,Vegan Kale Caesar Salad,american,18.09,31.38,9.93,10/16/2022,20:13:20,0.576,3.16
vegan,Vegan Gravy,american,2.71,39.3,13.89,10/16/2022,20:13:20,0.069,2.829
vegan,Vegan Chocolate Gingerbread Bourbon Balls,american,47.1,482.04,216.53,10/16/2022,20:13:20,0.098,2.226
vegan,Vegan Cheesecake,american,81.6,408.57,249.34,10/16/2022,20:13:20,0.2,1.639
vegan,Vegan Pecan Crusted Toffee Bites,american,55.15,401.71,518.46,10/16/2022,20:13:20,0.137,0.775
vegan,Vegan French Onion Dip,american,26.35,71.65,38.96,10/16/2022,20:13:20,0.368,1.839
vegan,Vegan Jambalaya,american,75.39,241.05,53.46,10/16/2022,20:13:27,0.313,4.509
vegan,Vegan Chanterelle Quiche,french,43.26,200.51,30.65,10/16/2022,20:13:27,0.216,6.542
vegan,Vegan BLT Sandwich,american,21.41,32.94,51.84,10/16/2022,20:13:27,0.65,0.635
vegan,Vegan Grits,american,3.98,41.13,28.01,10/16/2022,20:13:27,0.097,1.468
vegan,Ultimate Loaded Grilled Vegan BLT,american,46.21,92.01,60.29,10/16/2022,20:13:27,0.502,1.526
vegan,Vegan Spaghetti,american,53.89,268.55,54.49,10/16/2022,20:13:27,0.201,4.928
vegan,Vegan Herb Butter,american,0.73,1.97,109.17,10/16/2022,20:13:27,0.371,0.018
vegan,Vegan Sabzi Polow,american,80.49,533.39,49.0,10/16/2022,20:13:27,0.151,10.886
vegan,Vegan Caesar Dressing,american,3.69,7.89,174.62,10/16/2022,20:13:27,0.468,0.045
vegan,Frosted Vegan Cinnamon Rolls,american,23.15,531.0,68.82,10/16/2022,20:13:27,0.044,7.716
vegan,Vegan Scallops with King Oyster Mushrooms,american,16.08,37.24,86.97,10/16/2022,20:13:27,0.432,0.428
vegan,Vegan Coleslaw,american,12.89,49.08,58.2,10/16/2022,20:13:27,0.263,0.843
vegan,Vegan Meatball Bahn Mi,american,315.67,284.3,149.4,10/16/2022,20:13:27,1.11,1.903
vegan,Vegan-friendly Chocolate Bites,american,27.1,176.27,136.12,10/16/2022,20:13:27,0.154,1.295
vegan,Strawberry Rhubarb Jam {Vegan},american,2.48,155.82,22.73,10/16/2022,20:13:34,0.016,6.855
vegan,Vegan Cafe Corn Chowder,american,27.46,269.14,100.24,10/16/2022,20:13:34,0.102,2.685
vegan,Easy Vegan Brownies,french,39.69,294.28,191.92,10/16/2022,20:13:34,0.135,1.533
vegan,Zesty Vegan Italian Casserole,american,81.37,88.44,166.22,10/16/2022,20:13:34,0.92,0.532
vegan,Strawberry Rhubarb Jam {Vegan},american,2.48,155.82,22.73,10/16/2022,20:13:34,0.016,6.855
vegan,Vegan Macaroni Salad,american,30.26,177.35,66.65,10/16/2022,20:13:34,0.171,2.661
vegan,Vegan Parmesan-Crusted Cauliflower Wings,american,56.28,65.62,90.77,10/16/2022,20:13:34,0.858,0.723
vegan,Vegan Spice Cake,american,34.4,551.66,193.42,10/16/2022,20:13:34,0.062,2.852
vegan,Fudgy Vegan Brownies,french,28.65,364.77,168.68,10/16/2022,20:13:34,0.079,2.162
vegan,Vegan Spinach Pinwheels recipes,american,44.84,59.62,60.33,10/16/2022,20:13:34,0.752,0.988
vegan,Vegan Noodle Kugel recipes,asian,60.29,469.33,108.76,10/16/2022,20:13:34,0.128,4.315
vegan,Strawberry Rhubarb Jam {Vegan},american,2.48,155.82,22.73,10/16/2022,20:13:40,0.016,6.855
vegan,Vegan Cafe Corn Chowder,american,27.46,269.14,100.24,10/16/2022,20:13:40,0.102,2.685
vegan,Easy Vegan Brownies,french,39.69,294.28,191.92,10/16/2022,20:13:40,0.135,1.533
vegan,Zesty Vegan Italian Casserole,american,81.37,88.44,166.22,10/16/2022,20:13:40,0.92,0.532
vegan,Strawberry Rhubarb Jam {Vegan},american,2.48,155.82,22.73,10/16/2022,20:13:40,0.016,6.855
vegan,Vegan Macaroni Salad,american,30.26,177.35,66.65,10/16/2022,20:13:40,0.171,2.661
vegan,Vegan Parmesan-Crusted Cauliflower Wings,american,56.28,65.62,90.77,10/16/2022,20:13:40,0.858,0.723
vegan,Vegan Spice Cake,american,34.4,551.66,193.42,10/16/2022,20:13:40,0.062,2.852
vegan,Fudgy Vegan Brownies,french,28.65,364.77,168.68,10/16/2022,20:13:40,0.079,2.162
vegan,Vegan Spinach Pinwheels recipes,american,44.84,59.62,60.33,10/16/2022,20:13:40,0.752,0.988
vegan,Vegan Noodle Kugel recipes,asian,60.29,469.33,108.76,10/16/2022,20:13:40,0.128,4.315
keto,Keto Fat Bombs,american,49.19,79.78,264.4,10/16/2022,17:58:03,0.617,0.302
keto,Keto Egg Bites Recipe,american,92.86,16.19,86.51,10/16/2022,17:58:03,5.736,0.187
keto,Keto Key Lime Mousse,american,27.49,23.58,177.43,10/16/2022,17:58:03,1.166,0.133
keto,Keto Peanut Butter Squares,american,130.0,507.48,362.36,10/16/2022,17:58:03,0.256,1.4
keto,"YOGURT RICE, REINVENTED THE KETO WAY!",mediterranean,21.23,34.78,27.74,10/16/2022,17:58:03,0.61,1.254
keto,Keto Chicken Pot Pie Casserole Recipe,american,183.07,66.95,330.43,10/16/2022,17:58:03,2.734,0.203
keto,Chocolate Mousse (Paleo! Keto!),french,20.23,126.01,153.36,10/16/2022,17:58:03,0.161,0.822
keto,Low-Carb Cloud Bread,american,21.42,4.95,29.16,10/16/2022,17:58:03,4.327,0.17
keto,Cheesy Chaffle Sandwiches with Avocado & Bacon,american,118.4,41.7,171.12,10/16/2022,17:58:03,2.839,0.244
keto,SF/GF Orange & Clove Olive Oil Cake (Low-Carb/Keto Friendly),british,74.1,68.95,411.47,10/16/2022,17:58:03,1.075,0.168
keto,Zucchini Noodles with Spicy Meatballs Recipe,asian,57.79,39.1,86.53,10/16/2022,17:58:03,1.478,0.452
keto,Cauliflower Rice Recipe,south east asian,21.07,60.61,42.28,10/16/2022,17:58:03,0.348,1.434
keto,Pesto Shrimp Skewers,italian,17.98,12.66,19.42,10/16/2022,17:58:03,1.42,0.652
keto,Keto Everything Bagel Chicken,american,214.84,17.29,140.76,10/16/2022,17:58:10,12.426,0.123
keto,Keto Chocolate Cake,american,145.06,455.76,576.59,10/16/2022,17:58:10,0.318,0.79
keto,Celery Leaf & Fennel Poached Salmon,nordic,32.41,17.25,24.49,10/16/2022,17:58:10,1.879,0.704
keto,Keto Taco Casserole,italian,264.06,32.98,358.49,10/16/2022,17:58:10,8.007,0.092
keto,Keto Burger Stuffed Onions,american,104.16,50.23,172.2,10/16/2022,17:58:10,2.074,0.292
keto,Keto Tuna Melt Bites,american,115.3,11.02,160.48,10/16/2022,17:58:10,10.463,0.069
keto,Keto Dogs,american,175.33,76.24,384.92,10/16/2022,17:58:10,2.3,0.198
keto,Keto Taquitos,mexican,166.99,30.53,217.99,10/16/2022,17:58:10,5.47,0.14
keto,Keto Meatballs,american,125.59,78.78,147.26,10/16/2022,17:58:10,1.594,0.535
keto,Keto Crunchwrap,american,205.38,54.38,343.99,10/16/2022,17:58:10,3.777,0.158
keto,Keto Chili,american,184.02,64.82,222.02,10/16/2022,17:58:16,2.839,0.292
keto,Keto Tortilla Chips,american,75.52,29.82,106.27,10/16/2022,17:58:16,2.533,0.281
keto,Keto Chocolate Truffles,american,22.41,113.66,110.0,10/16/2022,17:58:16,0.197,1.033
keto,Keto Bacon Sushi,japanese,35.01,42.21,137.85,10/16/2022,17:58:16,0.829,0.306
keto,Keto Egg Salad,american,89.52,26.35,153.53,10/16/2022,17:58:16,3.397,0.172
keto,Keto Sausage Puffs,american,133.15,30.15,278.75,10/16/2022,17:58:16,4.416,0.108
keto,Rosemary Keto Crackers,american,91.17,88.91,176.7,10/16/2022,17:58:16,1.025,0.503
keto,Keto Garlic Bread,american,50.71,24.36,81.73,10/16/2022,17:58:16,2.082,0.298
keto,Keto Breaded Shrimp,mediterranean,152.34,12.96,142.33,10/16/2022,17:58:16,11.755,0.091
keto,Keto Cloud Bread,american,27.49,12.15,39.9,10/16/2022,17:58:16,2.263,0.305
keto,Keto Stuffed Peppers,american,163.23,67.97,218.55,10/16/2022,17:58:16,2.402,0.311
keto,Keto Taco Cups,mexican,137.32,27.53,192.25,10/16/2022,17:58:16,4.988,0.143
keto,Keto Beef Stew,french,231.53,51.85,78.22,10/16/2022,17:58:16,4.465,0.663
keto,Keto Stuffed Cabbage,mediterranean,145.97,45.22,218.91,10/16/2022,17:58:16,3.228,0.207
keto,Keto Chicken Potpie,american,238.42,116.44,365.53,10/16/2022,17:58:16,2.048,0.319
keto,Zucchini Cheesy Bread,mediterranean,121.69,76.34,105.89,10/16/2022,17:58:16,1.594,0.721
keto,Keto Shepherd's Pie,american,143.91,63.05,224.7,10/16/2022,17:58:16,2.282,0.281
keto,Keto Burger Fat Bombs,american,94.75,12.94,142.06,10/16/2022,17:58:23,7.322,0.091
keto,Keto Garlic Butter Salmon,nordic,107.18,4.77,116.69,10/16/2022,17:58:23,22.47,0.041
keto,Best-Ever Keto Tortillas,mexican,35.92,44.49,64.82,10/16/2022,17:58:23,0.807,0.686
keto,Keto Chicken Parm Pizza,italian,132.9,13.32,79.22,10/16/2022,17:58:23,9.977,0.168
keto,Keto Corned Beef & Cabbage,eastern europe,244.44,56.91,286.48,10/16/2022,17:58:23,4.295,0.199
keto,Best-Ever Keto Quesadillas,mexican,275.81,42.37,348.36,10/16/2022,17:58:23,6.51,0.122
keto,Keto Sugar-Free Cheesecake,american,93.56,114.96,479.12,10/16/2022,17:58:23,0.814,0.24
keto,Spaghetti Squash Cheesy Bread,italian,117.11,83.6,119.8,10/16/2022,17:58:23,1.401,0.698
keto,Keto Broccoli Cheddar Soup,american,68.77,52.09,150.23,10/16/2022,17:58:23,1.32,0.347
keto,Bacon-Wrapped Keto Meatloaf,american,234.84,39.35,330.09,10/16/2022,17:58:23,5.968,0.119
keto,Cauliflower Taco Bake,italian,280.65,50.7,450.6,10/16/2022,17:58:23,5.536,0.113
keto,Keto Bacon and Cheese Biscuits,american,126.35,51.37,283.52,10/16/2022,17:58:23,2.46,0.181
keto,Meatball Zucchini Boats,italian,153.1,74.7,177.63,10/16/2022,17:58:23,2.05,0.421
keto,Keto Creamy Cheddar Bacon Chicken,french,319.46,31.24,294.22,10/16/2022,17:58:23,10.226,0.106
keto,Keto Peanut Butter Cup Fat Bombs,british,69.74,426.21,264.2,10/16/2022,17:58:23,0.164,1.613
keto,Keto Bolognese,italian,137.31,96.81,149.41,10/16/2022,17:58:30,1.418,0.648
keto,Keto Jalapeño Popper Stuffed Burgers,french,134.96,326.88,162.47,10/16/2022,17:58:30,0.413,2.012
keto,Custard Keto Donuts,american,37.15,92.23,182.83,10/16/2022,17:58:30,0.403,0.504
keto,Keto Ketchup Recipe,italian,8.33,42.04,1.01,10/16/2022,17:58:30,0.198,41.624
keto,"Blueberry Donut Holes (Keto, Paleo, Vegan)",american,41.52,121.43,114.45,10/16/2022,17:58:30,0.342,1.061
keto,Keto Broccoli Casserole,american,90.44,45.17,347.03,10/16/2022,17:58:30,2.002,0.13
keto,Keto Salad Dressing,american,14.04,2.67,29.15,10/16/2022,17:58:30,5.258,0.092
keto,Keto Chocolate Chip Toffee,british,10.45,258.87,148.46,10/16/2022,17:58:30,0.04,1.744
keto,Chocolate Peanut Butter Fat Bombs (Keto) recipes,french,31.3,84.19,177.1,10/16/2022,17:58:30,0.372,0.475
keto,(Salted Caramel!) Pecan Keto Turtle Candy,american,16.65,62.95,111.16,10/16/2022,17:58:30,0.264,0.566
keto,Keto Mixed Green Spring Salad recipes,south east asian,18.26,7.44,61.26,10/16/2022,17:58:30,2.454,0.121
keto,Vegetarian Keto Burgers recipes,american,34.76,54.1,62.81,10/16/2022,17:58:30,0.643,0.861
keto,Keto Crab Dip,american,47.21,7.99,89.28,10/16/2022,17:58:30,5.909,0.089
keto,Keto Vegan Peanut Butter Eggs | Blog,american,150.29,471.7,382.7,10/16/2022,17:58:30,0.319,1.233
keto,Keto Salmon Poke Bowl,nordic,52.64,22.77,84.28,10/16/2022,17:58:36,2.312,0.27
keto,Keto Almond Butter Fudge Cups,british,41.17,103.31,317.19,10/16/2022,17:58:36,0.399,0.326
keto,Keto Crack Coffee,american,1.8,17.86,24.88,10/16/2022,17:58:36,0.101,0.718
keto,Juicy Keto Oven Baked Ribs Recipe,american,413.71,62.77,380.04,10/16/2022,17:58:36,6.591,0.165
keto,Keto Crepes recipes,french,39.16,37.06,57.48,10/16/2022,17:58:36,1.057,0.645
keto,Keto Pepper Steak,american,54.18,23.45,24.95,10/16/2022,17:58:36,2.31,0.94
keto,Air Fried Keto Thai Chili Cauliflower Bites,american,23.02,51.98,59.55,10/16/2022,17:58:36,0.443,0.873
keto,Keto Chocolate Cake recipes,american,42.08,384.28,102.22,10/16/2022,17:58:36,0.11,3.759
keto,Easy Keto Berry Side Salad,american,13.07,14.86,21.18,10/16/2022,17:58:36,0.88,0.702
keto,Healthy Keto Shamrock Shake,american,9.02,51.03,48.16,10/16/2022,17:58:36,0.177,1.06
keto,Classic Keto Eggs Benedict Recipe,french,80.04,69.54,216.85,10/16/2022,17:58:36,1.151,0.321
keto,Pulled Pork Keto Stuffed Mushrooms,american,66.88,54.19,99.83,10/16/2022,17:58:36,1.234,0.543
keto,Keto Cheddar Bay Biscuits and Bacon Butter,american,118.99,49.71,352.89,10/16/2022,17:58:36,2.394,0.141
keto,Keto BBQ Liver Meatballs,american,101.05,132.42,112.01,10/16/2022,17:58:36,0.763,1.182
keto,Coffee Rubbed Steak (Paleo + Keto),american,93.25,17.35,37.13,10/16/2022,17:58:43,5.375,0.467
keto,Keto Collagen Chocolate Peanut Butter Mousse,american,48.19,119.65,234.69,10/16/2022,17:58:43,0.403,0.51
keto,Keto Philly Cheesesteak Pizza,italian,229.51,354.47,245.24,10/16/2022,17:58:43,0.647,1.445
keto,Keto Meatballs alla Parmigiana,italian,208.71,39.45,232.99,10/16/2022,17:58:43,5.29,0.169
keto,Keto Loaded Egg Salad,american,120.99,22.48,258.43,10/16/2022,17:58:43,5.382,0.087
keto,"Turmeric Chicken Skillet (Paleo, Whole30 + Keto)",mediterranean,168.36,218.61,79.87,10/16/2022,17:58:43,0.77,2.737
keto,"Keto and Gluten-Free Spinach, Feta, and Tomato Wraps for Two",mediterranean,33.52,26.78,42.5,10/16/2022,17:58:43,1.252,0.63
keto,"One Pan Mediterranean Chicken Skillet (Paleo, Whole30 + Keto)",mediterranean,260.71,74.84,46.11,10/16/2022,17:58:43,3.484,1.623
keto,"Low Carb Pumpkin French Toast Bake (Keto, Grain Free, Sugar Free)",french,60.86,237.65,154.36,10/16/2022,17:58:43,0.256,1.54
keto,"Blueberry cream cheese low-carb, Keto filling",american,14.57,31.47,78.15,10/16/2022,17:58:43,0.463,0.403
keto,Sara Louise's Keto Tuna Melt On A Log,american,180.96,46.92,145.47,10/16/2022,17:58:43,3.857,0.323
keto,Taco Stuffed Bell Peppers (Whole30 + Keto),mexican,112.86,365.36,96.42,10/16/2022,17:58:43,0.309,3.789
keto,Keto Hash Browns with Grated Radishes,american,15.06,43.85,71.71,10/16/2022,17:58:43,0.343,0.611
keto,Keto Chicken and Broccoli Alfredo Bake,italian,218.7,94.24,140.6,10/16/2022,17:58:43,2.321,0.67
keto,Keto Stuffed Chicken Breast Recipe,mediterranean,85.75,31.59,170.38,10/16/2022,17:58:43,2.714,0.185
keto,Creamy Keto Meatballs and Slaw,american,256.2,79.15,384.89,10/16/2022,17:58:43,3.237,0.206
keto,"Low carb, keto friendly buffalo chicken meatballs",american,115.64,9.41,95.36,10/16/2022,17:58:49,12.289,0.099
keto,Keto Double Chocolate Chip Mug Cake,american,14.01,39.76,35.37,10/16/2022,17:58:49,0.352,1.124
keto,Classic Deviled Eggs,french,76.19,8.31,153.07,10/16/2022,17:58:49,9.168,0.054
keto,Sugar Free Maple Almond Fudge Fat Bomb,american,26.69,36.97,142.62,10/16/2022,17:58:49,0.722,0.259
keto,Raspberry Chocolate Chip Magic Squares,american,21.98,189.39,186.6,10/16/2022,17:58:49,0.116,1.015
keto,Mango Popsicles,american,27.85,88.59,53.01,10/16/2022,17:58:49,0.314,1.671
keto,Thai River Noodles with Chicken (Pad See Ew),south east asian,262.88,767.83,35.73,10/16/2022,17:58:49,0.342,21.49
keto,Spicy Pulled Pork Lettuce Wraps recipes,american,117.2,9.28,73.87,10/16/2022,17:58:49,12.629,0.126
keto,Sambal Oelek,caribbean,1.87,11.05,0.44,10/16/2022,17:58:49,0.169,25.114
keto,Titanic Stuffed Marrow Farci,italian,34.09,75.25,73.94,10/16/2022,17:58:49,0.453,1.018
keto,Keto ciabatta with keto toppings,italian,67.62,30.0,143.76,10/16/2022,17:58:49,2.254,0.209
keto,Low Carb Pasta a la Carbonara recipes,italian,49.4,14.58,88.64,10/16/2022,17:58:49,3.388,0.164
keto,Low Carb Pepperoni Pizza Meatballs (Gluten,italian,146.41,34.31,207.44,10/16/2022,17:58:49,4.267,0.165
keto,Butternut Squash Mac and Cheese,american,116.54,100.72,190.88,10/16/2022,17:58:49,1.157,0.528
keto,Keto pizza,italian,28.1,24.98,20.21,10/16/2022,17:58:56,1.125,1.236
keto,Keto Mousse,french,25.2,31.84,205.74,10/16/2022,17:58:56,0.791,0.155
keto,Keto Cheesecake,american,121.6,142.87,563.86,10/16/2022,17:58:56,0.851,0.253
keto,Keto Pizza,italian,91.26,49.34,162.22,10/16/2022,17:58:56,1.85,0.304
keto,Scalloped Cabbage,french,73.91,74.89,139.84,10/16/2022,17:58:56,0.987,0.536
keto,Cucumber Radish Salad,south american,4.39,21.65,54.75,10/16/2022,17:58:56,0.203,0.395
keto,Keto Tortillas,mexican,33.86,39.85,65.7,10/16/2022,17:58:56,0.85,0.607
keto,Garlic Shrimp with Zucchini Noodles,asian,67.66,212.8,40.87,10/16/2022,17:58:56,0.318,5.207
keto,Keto Flan,mediterranean,26.5,17.99,121.35,10/16/2022,17:58:56,1.473,0.148
keto,Keto Flappers,american,54.66,39.12,80.76,10/16/2022,17:58:56,1.397,0.484
keto,Paleo Vegan Chocolate Chia Seed Pudding,british,13.07,31.71,15.51,10/16/2022,17:58:56,0.412,2.044
keto,Low-Carb Roasted Pumpkin Spice Pecans,american,18.5,33.1,170.41,10/16/2022,17:58:56,0.559,0.194
keto,Keto Lasagna,italian,215.67,55.1,246.82,10/16/2022,17:58:56,3.914,0.223
keto,Keto Meatloaf,american,152.26,15.98,131.28,10/16/2022,17:58:56,9.528,0.122
keto,Keto Roti,american,10.49,19.64,6.35,10/16/2022,17:58:56,0.534,3.093
keto,Keto Onigiri,nordic,51.46,29.37,68.14,10/16/2022,17:59:03,1.752,0.431
keto,Keto Vinaigrette,french,1.72,7.79,162.12,10/16/2022,17:59:03,0.221,0.048
keto,Keto Chili,american,226.36,100.88,353.17,10/16/2022,17:59:03,2.244,0.286
keto,Keto chili,american,155.73,45.43,34.82,10/16/2022,17:59:03,3.428,1.305
keto,Keto Meatloaf,american,220.66,106.85,330.59,10/16/2022,17:59:03,2.065,0.323
keto,Keto Waffles,mediterranean,33.53,25.78,75.41,10/16/2022,17:59:03,1.301,0.342
keto,Keto Hashbrowns,american,31.03,15.4,33.51,10/16/2022,17:59:03,2.015,0.46
keto,Keto Gnocchi,italian,12.28,8.66,10.59,10/16/2022,17:59:03,1.418,0.818
keto,Keto Waffles,mediterranean,34.05,25.78,127.4,10/16/2022,17:59:03,1.321,0.202
keto,Keto Moussaka,mediterranean,145.21,116.99,297.39,10/16/2022,17:59:03,1.241,0.393
keto,Instant Pot Beef and Broccoli,french,155.16,73.22,110.52,10/16/2022,17:59:03,2.119,0.663
keto,Keto Chili,american,221.88,120.27,56.6,10/16/2022,17:59:03,1.845,2.125
keto,Keto bread from Keto connect recipe,american,162.14,921.24,86.36,10/16/2022,17:59:03,0.176,10.667
keto,Keto Bagels,american,53.48,39.05,87.62,10/16/2022,17:59:03,1.37,0.446
keto,Keto Quesadillas,mexican,97.96,95.68,150.46,10/16/2022,17:59:03,1.024,0.636
keto,Keto Crepes,mediterranean,65.09,22.34,207.96,10/16/2022,17:59:10,2.914,0.107
keto,Keto Bagels,eastern europe,111.83,49.08,180.49,10/16/2022,17:59:10,2.279,0.272
keto,Chocolate Lava Cakes,american,18.22,50.69,80.62,10/16/2022,17:59:10,0.359,0.629
keto,Keto Steak,italian,90.75,0.94,87.86,10/16/2022,17:59:10,96.543,0.011
keto,Keto Meatballs,american,148.81,15.9,58.97,10/16/2022,17:59:10,9.359,0.27
keto,Keto Lasagna,italian,170.08,34.75,109.11,10/16/2022,17:59:10,4.894,0.318
keto,Keto Waffles,central europe,24.18,19.04,141.86,10/16/2022,17:59:10,1.27,0.134
keto,Keto~Mayo,mediterranean,7.82,1.24,224.41,10/16/2022,17:59:10,6.306,0.006
keto,Keto Pizza,italian,135.0,67.2,173.37,10/16/2022,17:59:10,2.009,0.388
keto,Keto Bread,american,8.06,7.16,45.79,10/16/2022,17:59:10,1.126,0.156
keto,Keto Chili,american,192.56,71.15,257.12,10/16/2022,17:59:10,2.706,0.277
keto,Keto Chili,american,168.47,49.71,211.85,10/16/2022,17:59:10,3.389,0.235
keto,Keto Frittata,italian,95.83,26.91,120.55,10/16/2022,17:59:16,3.561,0.223
keto,Keto Chili,american,320.69,157.71,399.98,10/16/2022,17:59:16,2.033,0.394
keto,Fat Burning Deviled Eggs,mediterranean,33.09,13.35,54.99,10/16/2022,17:59:16,2.479,0.243
keto,Spooky Halloween Blackberry Jelly Bats,american,59.59,23.29,1.15,10/16/2022,17:59:16,2.559,20.252
keto,Keto Sausage Balls,american,162.23,43.18,273.12,10/16/2022,17:59:16,3.757,0.158
keto,Cauliflower Chicken Fried Rice,chinese,136.76,50.43,89.11,10/16/2022,17:59:16,2.712,0.566
keto,Keto Cauliflower Bake,american,65.77,36.13,180.24,10/16/2022,17:59:23,1.82,0.2
keto,Keto Creme Brulee,french,18.35,20.2,190.42,10/16/2022,17:59:23,0.908,0.106
keto,Keto Chia Pudding,british,34.45,38.45,18.68,10/16/2022,17:59:23,0.896,2.058
keto,Cabbage~Brussel Sprout Slaw,central europe,3.18,23.75,94.74,10/16/2022,17:59:23,0.134,0.251
keto,Keto Condensed Milk,american,3.48,11.42,141.73,10/16/2022,17:59:23,0.305,0.081
keto,Keto hamburger hash,american,159.34,26.84,65.4,10/16/2022,17:59:23,5.937,0.41
keto,Keto Whipped Cream,french,4.88,18.88,88.06,10/16/2022,17:59:23,0.258,0.214
keto,Keto Margaritas recipes,world,0.47,7.08,0.13,10/16/2022,17:59:23,0.066,54.462
keto,Keto Garlic Chicken,american,278.5,37.38,202.14,10/16/2022,17:59:23,7.451,0.185
keto,Keto Nacho Crisps,mexican,40.88,3.16,57.38,10/16/2022,17:59:23,12.937,0.055
keto,Keto Pumpkin Bake,american,43.45,48.79,98.11,10/16/2022,17:59:23,0.891,0.497
keto,Chocolate Truffles,french,97.43,199.83,317.72,10/16/2022,17:59:23,0.488,0.629
keto,Keto bounty balls,american,5.95,71.26,101.43,10/16/2022,17:59:23,0.083,0.703
keto,Keto Deviled Eggs,american,48.84,3.52,60.07,10/16/2022,17:59:23,13.875,0.059
keto,Keto Cheesecake recipes,british,63.55,32.56,264.45,10/16/2022,17:59:29,1.952,0.123
keto,Keto Beef Enchiladas,american,309.41,42.76,360.05,10/16/2022,17:59:29,7.236,0.119
keto,Keto Coconut Shrimp,mediterranean,94.21,63.27,198.81,10/16/2022,17:59:29,1.489,0.318
keto,Keto Lemon Bars,american,43.31,37.35,150.99,10/16/2022,17:59:29,1.16,0.247
keto,Keto Zuppa Toscana,italian,129.91,60.36,288.78,10/16/2022,17:59:29,2.152,0.209
keto,Keto Lava Cake,italian,7.98,10.31,11.61,10/16/2022,17:59:29,0.774,0.888
keto,Keto Chicken Parmesan,american,251.06,28.09,173.88,10/16/2022,17:59:29,8.938,0.162
keto,Keto Deviled Eggs,italian,38.0,8.02,51.08,10/16/2022,17:59:29,4.738,0.157
keto,Keto Noodles Recipe,asian,79.74,13.36,115.28,10/16/2022,17:59:29,5.969,0.116
keto,Cajun Keto Crackers,american,114.88,28.39,160.4,10/16/2022,17:59:29,4.046,0.177
keto,Keto Pumpkin Soup,american,29.99,78.79,135.78,10/16/2022,17:59:29,0.381,0.58
keto,Keto Pizza Crust,italian,63.02,33.96,51.77,10/16/2022,17:59:29,1.856,0.656
keto,Keto Peppermint Mocha,american,2.07,4.72,1.19,10/16/2022,17:59:29,0.439,3.966
keto,Keto Chicken Salad,mexican,56.25,43.55,149.58,10/16/2022,17:59:29,1.292,0.291
keto,Lemonade Chicken,american,373.62,18.7,43.71,10/16/2022,17:59:29,19.98,0.428
keto,Keto Vanilla Pudding,british,15.8,23.68,112.3,10/16/2022,17:59:36,0.667,0.211
keto,Keto Cheesy Eggs,american,43.94,3.04,96.5,10/16/2022,17:59:36,14.454,0.032
keto,Keto Crescent Dogs,american,166.49,34.93,267.99,10/16/2022,17:59:36,4.766,0.13
keto,Keto Egg Salad,american,21.8,2.06,17.74,10/16/2022,17:59:36,10.583,0.116
keto,Keto BLT Bites,american,62.15,43.66,73.72,10/16/2022,17:59:36,1.423,0.592
keto,Keto Cheese Meatballs,american,118.08,6.55,131.91,10/16/2022,17:59:36,18.027,0.05
keto,Keto Avocado Fries,american,93.17,66.17,168.71,10/16/2022,17:59:36,1.408,0.392
keto,Keto Sausage Balls,eastern europe,119.73,14.14,193.29,10/16/2022,17:59:36,8.467,0.073
keto,Keto Pumpkin Bread,american,28.78,31.33,113.55,10/16/2022,17:59:36,0.919,0.276
keto,Keto Sriracha Mayo,south east asian,0.22,3.83,178.0,10/16/2022,17:59:36,0.057,0.022
keto,Keto Avocado Dip,caribbean,11.03,59.95,59.43,10/16/2022,17:59:36,0.184,1.009
keto,Keto Orange Creamsicles,american,4.88,48.22,88.06,10/16/2022,17:59:36,0.101,0.548
keto,Keto Crustless Quiche,french,145.52,23.95,286.14,10/16/2022,17:59:43,6.076,0.084
keto,Coconut Macaroons,french,11.76,75.07,62.84,10/16/2022,17:59:43,0.157,1.195
keto,Keto Stuffed Artichokes,mediterranean,34.57,40.75,114.23,10/16/2022,17:59:43,0.848,0.357
keto,Keto Pie Crust,american,57.68,96.27,155.31,10/16/2022,17:59:43,0.599,0.62
keto,Keto Cabbage Salad,middle eastern,6.05,13.76,25.26,10/16/2022,17:59:43,0.44,0.545
keto,Keto Waffles recipes,mediterranean,34.01,71.95,127.4,10/16/2022,17:59:43,0.473,0.565
keto,Keto Pizza Chicken,italian,312.74,44.29,307.03,10/16/2022,17:59:43,7.061,0.144
keto,Keto Pizza Chicken,italian,300.94,28.82,128.27,10/16/2022,17:59:43,10.442,0.225
keto,Keto Pink Lemonade,caribbean,5.98,51.45,1.69,10/16/2022,17:59:43,0.116,30.444
keto,Keto Shrimp Scampi,south american,133.83,331.82,58.61,10/16/2022,17:59:43,0.403,5.661
keto,Keto Panna Cotta,italian,38.73,121.28,222.83,10/16/2022,17:59:43,0.319,0.544
keto,Keto Chocolate Shake,american,21.1,38.16,195.52,10/16/2022,17:59:43,0.553,0.195
keto,Keto Eggnog recipes,american,39.75,76.44,243.62,10/16/2022,17:59:43,0.52,0.314
keto,Keto Chicken Parmesan,french,78.07,12.2,68.31,10/16/2022,17:59:43,6.399,0.179
keto,Nutty Keto Chcocolate,american,13.45,27.01,180.93,10/16/2022,17:59:43,0.498,0.149
keto,Keto Fried Chicken,american,144.72,30.81,202.39,10/16/2022,17:59:43,4.697,0.152
keto,Keto Fried Chicken,american,89.93,24.98,112.01,10/16/2022,17:59:50,3.6,0.223
keto,Keto Jalapeño Poppers,french,31.03,11.72,96.54,10/16/2022,17:59:50,2.648,0.121
keto,Keto Chocolate Mousse,french,8.77,36.14,99.24,10/16/2022,17:59:50,0.243,0.364
keto,"Keto Chocolate Cashew Cream Bites - Keto, Paleo, Vegan",american,54.58,120.22,210.31,10/16/2022,17:59:50,0.454,0.572
keto,Keto Cauliflower Gratin,french,31.08,31.9,61.99,10/16/2022,17:59:50,0.974,0.515
keto,Keto Pumpkin Pie,american,35.05,55.79,79.23,10/16/2022,17:59:50,0.628,0.704
keto,Keto Parmesan Meatballs,italian,236.97,17.45,244.23,10/16/2022,17:59:50,13.58,0.071
keto,Keto Honey Mustard,american,0.62,3.08,89.16,10/16/2022,17:59:50,0.201,0.035
keto,Keto Antipasto Skewers,italian,165.42,8.11,276.26,10/16/2022,17:59:50,20.397,0.029
keto,Deviled Eggs (Keto),mediterranean,101.59,15.32,104.48,10/16/2022,17:59:50,6.631,0.147
keto,Keto Potato Salad,american,20.46,83.52,62.05,10/16/2022,17:59:50,0.245,1.346
keto,Keto Chocolate Mousse,french,11.18,24.49,91.01,10/16/2022,17:59:50,0.457,0.269
keto,Keto Fat Bombs,french,18.54,384.27,41.57,10/16/2022,17:59:50,0.048,9.244
keto,Keto Mashed Cauliflower,american,32.19,75.85,117.07,10/16/2022,17:59:50,0.424,0.648
keto,Keto Fudge recipes,american,5.36,44.76,233.0,10/16/2022,17:59:56,0.12,0.192
keto,Keto Pizza recipes,italian,87.58,41.23,149.7,10/16/2022,17:59:56,2.124,0.275
keto,Keto almond bread,american,12.67,8.04,30.28,10/16/2022,17:59:56,1.576,0.266
keto,Keto Jalapeno Poppers,mexican,35.31,14.29,125.68,10/16/2022,17:59:56,2.471,0.114
keto,Keto Pot Pie,american,233.05,384.96,231.92,10/16/2022,17:59:56,0.605,1.66
keto,Keto Chicken Cutlets,french,237.83,41.18,181.19,10/16/2022,17:59:56,5.775,0.227
keto,Keto Casserole recipes,italian,207.98,31.56,355.12,10/16/2022,17:59:56,6.59,0.089
keto,Keto Beef Brisket,british,325.11,16.4,431.93,10/16/2022,17:59:56,19.824,0.038
keto,Keto Shrimp Alfredo,italian,161.94,48.16,207.62,10/16/2022,17:59:56,3.363,0.232
keto,Keto Chicken Strips,american,163.47,4.71,176.78,10/16/2022,17:59:56,34.707,0.027
keto,Keto Pumpkin Chili,american,215.81,178.43,129.92,10/16/2022,17:59:56,1.209,1.373
keto,Keto Pizza with Pepperoni,italian,63.06,32.31,79.06,10/16/2022,17:59:56,1.952,0.409
keto,Almond Keto Hummus,mediterranean,36.9,47.5,106.68,10/16/2022,17:59:56,0.777,0.445
keto,Keto Butter Burgers,american,91.8,1.77,121.45,10/16/2022,17:59:56,51.864,0.015
keto,Keto fried fish,south east asian,80.16,14.58,79.57,10/16/2022,17:59:56,5.498,0.183
keto,Fish Nuggets (Keto),mediterranean,121.07,3.12,72.49,10/16/2022,18:00:03,38.804,0.043
keto,Keto Fried Fish,south east asian,110.93,20.28,53.53,10/16/2022,18:00:03,5.47,0.379
keto,Keto Teriyaki Beef,japanese,101.88,5.57,27.28,10/16/2022,18:00:03,18.291,0.204
keto,Keto Taco Salad,mexican,159.84,62.11,241.17,10/16/2022,18:00:03,2.573,0.258
keto,Keto Sushi recipes,japanese,50.73,50.43,80.83,10/16/2022,18:00:03,1.006,0.624
keto,Keto Okonomi Sauce,world,5.59,26.02,9.62,10/16/2022,18:00:03,0.215,2.705
keto,Keto Homemade Mayo,american,5.45,2.27,225.06,10/16/2022,18:00:03,2.401,0.01
keto,Keto taco shells,mexican,21.47,22.41,28.4,10/16/2022,18:00:03,0.958,0.789
keto,Crustless Keto Cheesecake,american,79.51,105.99,423.9,10/16/2022,18:00:03,0.75,0.25
keto,Keto Avocado Dessert,american,5.27,21.55,51.49,10/16/2022,18:00:03,0.245,0.419
keto,Keto Zuppa Toscana,italian,140.0,105.13,341.34,10/16/2022,18:00:10,1.332,0.308
keto,Keto Chicken Taquitos,mexican,95.91,23.38,106.85,10/16/2022,18:00:10,4.102,0.219
keto,Spooky Halloween Spiced Carrot Jellies,american,49.71,27.03,0.59,10/16/2022,18:00:10,1.839,45.814
keto,Keto Chicken Piccata,french,194.27,13.27,160.06,10/16/2022,18:00:10,14.64,0.083
keto,Keto Caesar Salad,american,25.94,15.13,37.12,10/16/2022,18:00:10,1.714,0.408
keto,Keto Rye Bagel,eastern europe,119.08,43.44,167.82,10/16/2022,18:00:10,2.741,0.259
keto,Keto Mug Lasagne,italian,49.11,11.62,73.96,10/16/2022,18:00:10,4.226,0.157
keto,Keto Pizza Dip,italian,70.78,33.6,119.7,10/16/2022,18:00:10,2.107,0.281
keto,EZ Keto Pizza,italian,127.5,25.61,213.62,10/16/2022,18:00:10,4.979,0.12
keto,Tuscan Keto Chicken,italian,271.64,29.01,169.33,10/16/2022,18:00:10,9.364,0.171
keto,Keto Pimento Cheese,south american,69.63,21.08,199.18,10/16/2022,18:00:10,3.303,0.106
keto,Keto Chocolate Cake,american,78.03,256.83,380.19,10/16/2022,18:00:10,0.304,0.676
keto,Keto Butter Chicken,american,157.6,55.84,114.83,10/16/2022,18:00:10,2.822,0.486
keto,Keto Waldorf Salad,american,6.74,27.28,63.62,10/16/2022,18:00:10,0.247,0.429
keto,Keto Cheddar Biscuits,american,68.93,173.85,46.0,10/16/2022,18:00:16,0.396,3.779
keto,Keto Salad recipes,american,47.16,30.61,65.69,10/16/2022,18:00:16,1.541,0.466
keto,Keto Tuna Salad,american,169.41,24.22,90.26,10/16/2022,18:00:16,6.995,0.268
keto,Ultimate Keto Hamburgers,american,60.89,64.68,115.62,10/16/2022,18:00:16,0.941,0.559
keto,Keto Krab Kakes,american,95.15,26.93,93.95,10/16/2022,18:00:16,3.533,0.287
keto,Dublin Coddle | Keto,american,108.42,71.48,203.66,10/16/2022,18:00:16,1.517,0.351
keto,Keto Sausage Balls,american,211.1,620.21,208.52,10/16/2022,18:00:16,0.34,2.974
keto,Greek Keftedes (keto),mediterranean,104.13,27.04,94.8,10/16/2022,18:00:16,3.851,0.285
keto,Keto Tuna Salad,american,85.02,10.29,113.08,10/16/2022,18:00:16,8.262,0.091
keto,Keto Za'atar Buns,mediterranean,43.81,28.82,124.03,10/16/2022,18:00:16,1.52,0.232
keto,Instant Pot Chicken Soup with Mushrooms and Kale,french,271.76,95.75,240.31,10/16/2022,18:00:16,2.838,0.398
keto,Paleo/Keto Pizza,italian,78.8,24.95,119.75,10/16/2022,18:00:16,3.158,0.208
keto,Keto Taco Casserole,italian,141.68,33.58,139.03,10/16/2022,18:00:16,4.219,0.242
keto,Easy Keto Meatballs,american,274.94,18.12,323.69,10/16/2022,18:00:16,15.173,0.056
keto,Low Carb Meatballs alla Parmigiana,italian,184.22,36.65,205.05,10/16/2022,18:00:16,5.026,0.179
keto,Keto Chicken Parmesan,italian,195.76,30.86,148.65,10/16/2022,18:00:23,6.343,0.208
keto,Keto Beef Wellington,british,53.77,11.15,86.13,10/16/2022,18:00:23,4.822,0.129
keto,Keto Pumpkin Soup,american,38.95,116.24,54.05,10/16/2022,18:00:23,0.335,2.151
keto,Keto Salmon Nuggets,nordic,200.55,58.29,132.99,10/16/2022,18:00:23,3.441,0.438
keto,Keto Mozzarella Sticks,italian,75.05,18.11,66.24,10/16/2022,18:00:23,4.144,0.273
keto,Keto Raspberry Fudge,american,28.45,40.64,302.77,10/16/2022,18:00:23,0.7,0.134
keto,Avocado Keto Hummus,mediterranean,19.39,46.51,77.36,10/16/2022,18:00:23,0.417,0.601
keto,Keto Meatloaf Recipe,american,134.58,37.58,265.63,10/16/2022,18:00:23,3.581,0.141
keto,Keto Avocado Salsa,mexican,10.92,50.64,87.58,10/16/2022,18:00:23,0.216,0.578
keto,Keto Zucchini Lasagna,italian,319.91,94.76,360.94,10/16/2022,18:00:23,3.376,0.263
keto,Keto Apple Crisp,american,25.26,64.02,110.89,10/16/2022,18:00:23,0.395,0.577
keto,Keto Blueberry Biscuits,american,89.7,208.07,367.33,10/16/2022,18:00:23,0.431,0.566
keto,Sara Louise's Keto Keto Southern Chicken Fried Steak,american,418.37,46.63,434.84,10/16/2022,18:00:23,8.972,0.107
keto,Keto Chicken Divan,american,248.66,51.4,246.64,10/16/2022,18:00:23,4.838,0.208
keto,Keto Lobster Cakes,american,98.58,9.85,43.58,10/16/2022,18:00:23,10.008,0.226
keto,Keto Steak and Eggs,american,40.01,5.81,47.38,10/16/2022,18:00:23,6.886,0.123
keto,2 Ingredient Keto Pasta,italian,58.83,7.03,68.54,10/16/2022,18:00:30,8.368,0.103
keto,Keto Cauliflower Tabbouleh,middle eastern,17.9,50.93,90.54,10/16/2022,18:00:30,0.351,0.563
keto,Keto Caramel Cake,american,123.47,527.23,258.11,10/16/2022,18:00:30,0.234,2.043
keto,Keto Okonomiyaki recipes,french,21.37,23.35,100.43,10/16/2022,18:00:30,0.915,0.233
keto,Keto Chili recipes,american,156.97,69.74,236.85,10/16/2022,18:00:30,2.251,0.294
keto,Keto NY Cheesecake,american,67.15,42.75,314.17,10/16/2022,18:00:30,1.571,0.136
keto,Keto Stuffed Peppers,american,158.77,60.31,175.56,10/16/2022,18:00:30,2.633,0.344
keto,Creamy Keto Carbonara,italian,45.83,80.89,92.68,10/16/2022,18:00:30,0.567,0.873
keto,Keto Cuban Sandwich,caribbean,143.61,59.18,229.7,10/16/2022,18:00:30,2.427,0.258
keto,Homemade Keto MoonPies,american,67.75,296.29,248.01,10/16/2022,18:00:30,0.229,1.195
keto,Keto Marinated Cheese,american,63.28,24.95,253.05,10/16/2022,18:00:30,2.536,0.099
keto,Zucchini Breadsticks,italian,83.48,19.97,89.71,10/16/2022,18:00:30,4.18,0.223
keto,Keto taco skillet,mexican,249.07,34.5,118.19,10/16/2022,18:00:37,7.219,0.292
keto,Keto Chicken Fritters,american,133.95,21.22,163.38,10/16/2022,18:00:37,6.312,0.13
keto,Keto Italian Grilled Fish | Low-Carb Keto Fish Recipe,italian,201.26,1.92,71.41,10/16/2022,18:00:37,104.823,0.027
keto,Keto Fish Pie,american,136.85,84.33,269.44,10/16/2022,18:00:37,1.623,0.313
keto,Keto Mug Cake,american,19.73,87.96,30.93,10/16/2022,18:00:37,0.224,2.844
keto,Keto Banana Pudding,british,49.05,187.27,345.3,10/16/2022,18:00:37,0.262,0.542
keto,Keto Chicken and Peppers,british,91.62,86.47,117.3,10/16/2022,18:00:37,1.06,0.737
keto,Keto Pizza with Pepperoni,italian,40.27,51.97,48.7,10/16/2022,18:00:37,0.775,1.067
keto,Keto Chocolate-Coconut Mousse,french,15.39,9.46,16.57,10/16/2022,18:00:37,1.627,0.571
keto,Keto Cocoa Mug Cake,american,22.33,17.21,57.84,10/16/2022,18:00:37,1.298,0.298
keto,Keto 90 second bread,french,13.67,10.03,24.27,10/16/2022,18:00:37,1.363,0.413
keto,Blueberry cheesecake Keto,american,93.43,382.29,131.79,10/16/2022,18:00:37,0.244,2.901
keto,Keto Chocolate Mini Cheesecakes,american,42.28,47.39,212.13,10/16/2022,18:00:43,0.892,0.223
keto,Mounds Keto Fat Bomb,american,12.02,45.95,193.48,10/16/2022,18:00:43,0.262,0.237
keto,Keto Pumpkin Spice Martini,american,3.06,3.93,25.23,10/16/2022,18:00:43,0.779,0.156
keto,Keto Bacon Cheeseburger Casserole,american,176.27,11.32,352.91,10/16/2022,18:00:43,15.572,0.032
keto,Keto Fried Coconut Shrimp,mediterranean,32.8,63.57,146.25,10/16/2022,18:00:43,0.516,0.435
keto,Filipino Chicken Adobo,asian,45.84,34.22,50.88,10/16/2022,18:00:43,1.34,0.673
keto,Keto smothered pork chops,american,206.46,49.06,218.8,10/16/2022,18:00:43,4.208,0.224
keto,Easy Keto Zucchini Frittata,italian,51.07,29.01,98.83,10/16/2022,18:00:43,1.76,0.294
keto,Simple Cauliflower Keto Casserole,italian,34.78,18.28,83.0,10/16/2022,18:00:43,1.903,0.22
keto,Brazilian Keto Shrimp Stew,south american,146.23,33.22,107.08,10/16/2022,18:00:43,4.402,0.31
keto,Easy Keto Beef Tacos,mexican,151.48,26.84,216.18,10/16/2022,18:00:43,5.644,0.124
keto,Keto Chicken Taco Shells,mexican,99.9,3.12,61.28,10/16/2022,18:00:43,32.019,0.051
keto,Keto Cauliflower Hash Browns,american,49.86,20.03,61.7,10/16/2022,18:00:43,2.489,0.325
keto,Spooky Halloween Low-Carb Pizza,italian,60.56,213.5,53.45,10/16/2022,18:00:43,0.284,3.994
keto,KETO! Avocodo chocolate pudding,british,8.24,29.86,32.41,10/16/2022,18:00:50,0.276,0.921
keto,Keto Sweetened Condensed Milk,american,9.87,93.1,214.32,10/16/2022,18:00:50,0.106,0.434
keto,Keto Spinach Stuffed Chicken,italian,230.26,4.42,149.39,10/16/2022,18:00:50,52.095,0.03
keto,Keto Egg Drop Soup,chinese,21.31,9.11,60.88,10/16/2022,18:00:50,2.339,0.15
keto,Keto-Friendly Cinnamon Biscuits,american,50.8,32.85,118.02,10/16/2022,18:00:50,1.546,0.278
keto,Keto Brown Butter Pralines,american,25.17,35.37,398.91,10/16/2022,18:00:50,0.712,0.089
keto,Keto Blueberry Lemon Muffins,american,71.25,66.39,258.79,10/16/2022,18:00:50,1.073,0.257
keto,Keto Cabbage Beef Stew,american,350.23,146.21,71.28,10/16/2022,18:00:50,2.395,2.051
keto,Keto Maple Glazed Ham,american,603.05,211.03,312.79,10/16/2022,18:00:50,2.858,0.675
keto,Keto Smothered Chicken Thighs,mediterranean,127.15,15.34,174.88,10/16/2022,18:00:50,8.289,0.088
keto,Keto Smothered Green Beans,american,93.62,38.53,169.33,10/16/2022,18:00:50,2.43,0.228
keto,Keto Chicken Nuggets recipes,american,32.52,3.99,23.14,10/16/2022,18:00:50,8.15,0.172
keto,Keto Pizza Chips recipes,italian,120.21,1.61,211.79,10/16/2022,18:00:50,74.665,0.008
keto,Keto Parmesan Roasted Broccoli,british,36.86,21.07,48.44,10/16/2022,18:00:57,1.749,0.435
keto,Lazy Keto Chicken recipes,american,115.17,7.89,116.85,10/16/2022,18:00:57,14.597,0.068
keto,Keto Chocolate Mousse recipes,french,26.65,90.2,127.47,10/16/2022,18:00:57,0.295,0.708
keto,Keto Chicken Crust Pizza,italian,121.29,8.74,78.52,10/16/2022,18:00:57,13.878,0.111
keto,Keto Zucchini Dip recipes,american,7.53,12.68,120.49,10/16/2022,18:00:57,0.594,0.105
keto,Keto Low Carb Tortillas,mexican,22.27,20.22,35.77,10/16/2022,18:00:57,1.101,0.565
keto,Keto Broccoli Cheddar Soup,italian,84.89,169.9,158.46,10/16/2022,18:00:57,0.5,1.072
keto,Keto Egg Salad recipes,american,52.53,13.15,157.18,10/16/2022,18:00:57,3.995,0.084
keto,Classic Pub Goulash (Keto),american,108.19,55.27,63.37,10/16/2022,18:00:57,1.957,0.872
keto,keto Strawberry fat bombs,french,14.41,21.27,159.68,10/16/2022,18:00:57,0.677,0.133
keto,Mayo-Free Avocado Green Goddess Dressing,caribbean,5.34,22.77,138.31,10/16/2022,18:00:57,0.235,0.165
keto,Keto Bone Broth Latte,american,0.26,1.53,26.54,10/16/2022,18:00:57,0.17,0.058
keto,Keto Strawberry Ice Cream,american,12.68,23.77,220.37,10/16/2022,18:00:57,0.533,0.108
keto,Keto Egg Drop Soup,american,40.17,5.65,56.92,10/16/2022,18:00:57,7.11,0.099
keto,Keto Sausage Egg Casserole,italian,163.99,16.37,220.17,10/16/2022,18:00:57,10.018,0.074
keto,Keto Low Carb Flatbread,american,137.31,25.3,174.15,10/16/2022,18:00:57,5.427,0.145
keto,Keto Nut Pralines recipes,american,48.65,96.64,332.16,10/16/2022,18:00:57,0.503,0.291
keto,Keto Zucchini Fritters Recipe,south east asian,35.11,92.12,76.4,10/16/2022,18:01:03,0.381,1.206
keto,Keto Creamsicle Jello recipes,american,11.21,21.29,133.44,10/16/2022,18:01:03,0.527,0.16
keto,Keto Chocolate Pudding recipes,british,8.25,17.91,24.85,10/16/2022,18:01:03,0.461,0.721
keto,Easy Keto Fried Halloumi,chinese,32.29,9.76,75.29,10/16/2022,18:01:03,3.308,0.13
keto,Keto lemon mug cake,british,11.76,27.03,28.81,10/16/2022,18:01:03,0.435,0.938
keto,Collagen Keto Chocolate Mousse,american,13.73,44.37,30.89,10/16/2022,18:01:03,0.309,1.436
keto,Keto Cinnamon Fat Bombs,indian,4.85,13.46,253.72,10/16/2022,18:01:03,0.36,0.053
keto,Creamy Mushroom Keto Casserole,french,286.77,58.87,341.38,10/16/2022,18:01:03,4.871,0.172
keto,"CinnaBombs (Keto, Paleo, Vegan)",american,17.52,17.89,100.77,10/16/2022,18:01:03,0.979,0.178
keto,Keto Blueberry Ice Cream,american,7.11,18.59,98.01,10/16/2022,18:01:03,0.382,0.19
keto,Walnut Keto Fudge recipes,american,17.41,45.35,166.73,10/16/2022,18:01:03,0.384,0.272
keto,Keto Brussel Sprouts Casserole,italian,62.81,84.39,64.27,10/16/2022,18:01:03,0.744,1.313
keto,Keto Pancake Breakfast Sandwich,american,21.78,3.68,52.63,10/16/2022,18:01:10,5.918,0.07
keto,Keto Buddha Bowl Recipe,british,31.21,73.78,112.43,10/16/2022,18:01:10,0.423,0.656
keto,Keto Parmesan Cauliflower Risotto,italian,22.27,30.04,55.67,10/16/2022,18:01:10,0.741,0.54
keto,Keto Bacon Burger Bombs,american,177.36,13.04,336.54,10/16/2022,18:01:10,13.601,0.039
keto,Cheesy Keto Pizza Crust,italian,34.24,7.21,47.55,10/16/2022,18:01:10,4.749,0.152
keto,Keto Egg Drop Soup,chinese,8.81,6.11,5.21,10/16/2022,18:01:10,1.442,1.173
keto,Keto Chocolate Fat Bombs,french,34.63,60.92,184.27,10/16/2022,18:01:10,0.568,0.331
keto,Keto Guacamole Egg Stacks,american,14.96,15.11,23.24,10/16/2022,18:01:10,0.99,0.65
keto,Keto Bacon Cheeseburger Soup,american,160.71,64.62,240.86,10/16/2022,18:01:10,2.487,0.268
keto,Low Carb Baked Beans with Beef,american,183.68,114.11,166.31,10/16/2022,18:01:10,1.61,0.686
keto,Keto Raspberry Valentines recipes,american,7.55,17.0,139.56,10/16/2022,18:01:10,0.444,0.122
keto,Keto Fried Mozzarella Bites,italian,57.18,39.42,113.75,10/16/2022,18:01:10,1.451,0.347
keto,Keto Chicken-Broccoli Casserole,italian,136.12,26.1,214.11,10/16/2022,18:01:10,5.215,0.122
keto,Keto Chicken Pesto Burgers,american,131.09,14.73,107.32,10/16/2022,18:01:10,8.9,0.137
keto,Keto Breakfast Tacos recipes,mexican,113.6,18.01,170.84,10/16/2022,18:01:10,6.308,0.105
keto,Keto Spinach Pesto Flatbread,italian,92.48,32.8,148.68,10/16/2022,18:01:17,2.82,0.221
keto,Keto Flatbread Pizza Recipe,italian,77.72,59.31,169.34,10/16/2022,18:01:17,1.31,0.35
keto,Garlic Parmesan Keto Croutons,italian,23.3,37.68,44.5,10/16/2022,18:01:17,0.618,0.847
keto,Keto Pizza in a bowl,italian,64.92,1.03,105.03,10/16/2022,18:01:17,63.029,0.01
keto,Keto Pancakes: Cinnamon Delight,american,28.94,36.86,157.86,10/16/2022,18:01:17,0.785,0.233
keto,Keto Jalapeno Popper Bites,french,158.56,49.97,277.41,10/16/2022,18:01:17,3.173,0.18
keto,Keto Cream Cheese Waffles,american,53.57,28.28,94.38,10/16/2022,18:01:17,1.894,0.3
keto,Keto Buffalo Chicken Taquitos,american,101.01,4.97,174.56,10/16/2022,18:01:17,20.324,0.028
keto,Savory Keto Cauliflower Mash,british,19.56,49.45,17.55,10/16/2022,18:01:17,0.396,2.818
keto,Keto Garlic Gnocchi recipes,italian,56.61,8.61,63.76,10/16/2022,18:01:17,6.575,0.135
keto,Keto Neapolitan Chia Pudding,british,19.05,52.65,34.11,10/16/2022,18:01:17,0.362,1.544
keto,Keto Philly Cheesesteak Omelet,american,61.45,8.99,83.91,10/16/2022,18:01:17,6.835,0.107
keto,Quick Keto Chocolate Mousse,american,9.6,13.79,74.63,10/16/2022,18:01:17,0.696,0.185
keto,Keto Chocolate Souffle' recipes,french,50.09,44.97,99.54,10/16/2022,18:01:17,1.114,0.452
keto,Keto Taco Bake Recipe,mexican,139.96,33.93,128.84,10/16/2022,18:01:24,4.125,0.263
keto,Keto Cheddar Bay Biscuits,american,47.64,22.76,109.96,10/16/2022,18:01:24,2.093,0.207
keto,Keto Jalapeño Popper Bread,mexican,63.28,189.3,176.56,10/16/2022,18:01:24,0.334,1.072
keto,Keto Lemon Garlic Shrimp,mediterranean,92.9,10.08,39.16,10/16/2022,18:01:24,9.216,0.257
keto,Keto Pumpkin Carbonara recipes,italian,91.37,253.9,138.47,10/16/2022,18:01:24,0.36,1.834
keto,Rosemary Almond Keto Crackers,french,94.02,65.15,195.65,10/16/2022,18:01:24,1.443,0.333
keto,Keto Spinach-Artichoke Chicken,mediterranean,263.01,36.24,163.05,10/16/2022,18:01:24,7.257,0.222
keto,Keto Peanut Butter Mousse,french,23.49,22.81,115.99,10/16/2022,18:01:24,1.03,0.197
keto,Keto Hazelnut Truffles recipes,american,12.9,55.5,74.01,10/16/2022,18:01:24,0.232,0.75
keto,Keto Pie Crust recipes,american,34.13,79.9,72.89,10/16/2022,18:01:24,0.427,1.096
keto,Keto Paprika Chicken recipes,mediterranean,247.63,28.25,71.03,10/16/2022,18:01:24,8.766,0.398
keto,Keto White Chicken Chili,american,264.33,52.56,469.1,10/16/2022,18:01:24,5.029,0.112
keto,Keto Paleo Fat Bomb,french,24.77,61.79,99.51,10/16/2022,18:01:24,0.401,0.621
keto,Keto Classic Salad Recipe,american,15.98,14.88,13.42,10/16/2022,18:01:30,1.074,1.109
keto,Keto Chocolate Fat Bombs,french,12.21,52.95,129.45,10/16/2022,18:01:30,0.231,0.409
keto,Keto Spaghetti alla Carbonara,italian,187.41,497.15,156.57,10/16/2022,18:01:30,0.377,3.175
keto,Keto Peanut Butter mousse,french,9.16,77.88,82.86,10/16/2022,18:01:30,0.118,0.94
keto,Blueberry Keto Cake recipes,american,52.14,68.4,138.8,10/16/2022,18:01:30,0.762,0.493
keto,Keto Crab Dip Soup,american,156.46,46.93,205.16,10/16/2022,18:01:30,3.334,0.229
keto,Keto Burger Fat Bombs,nordic,91.8,1.77,121.45,10/16/2022,18:01:30,51.864,0.015
keto,Keto Stuffed Pork Chops,american,213.19,14.68,172.91,10/16/2022,18:01:30,14.522,0.085
keto,Easy Keto Berry Pavlova,eastern europe,15.09,32.01,44.72,10/16/2022,18:01:30,0.471,0.716
keto,Keto Chicken Queso Flameado,caribbean,71.25,3.28,58.38,10/16/2022,18:01:30,21.723,0.056
keto,Pork Rind Keto bread,american,144.68,15.62,206.49,10/16/2022,18:01:30,9.262,0.076
keto,Keto Creamed Spinach Recipe,french,12.52,13.59,129.29,10/16/2022,18:01:30,0.921,0.105
keto,Whole30 + Keto Ranch Dressing,american,1.51,5.32,14.23,10/16/2022,18:01:30,0.284,0.374
keto,Keto Pesto Chicken Pasta,italian,93.66,25.74,125.36,10/16/2022,18:01:30,3.639,0.205
keto,Keto chicken parmi bowl,italian,176.23,91.02,205.88,10/16/2022,18:01:37,1.936,0.442
keto,Easy Keto Sesame Broccoli,chinese,18.72,36.85,33.67,10/16/2022,18:01:37,0.508,1.094
keto,Cheesy Keto Pinwheels recipes,american,82.63,342.01,105.41,10/16/2022,18:01:37,0.242,3.245
keto,Easy Baked Keto Goulash,american,230.67,109.89,111.04,10/16/2022,18:01:37,2.099,0.99
keto,Spinach & Watercress Keto Salad,middle eastern,32.9,26.88,103.77,10/16/2022,18:01:37,1.224,0.259
keto,Crunchy Keto Pita Chips,middle eastern,32.99,20.05,52.57,10/16/2022,18:01:37,1.645,0.381
keto,Keto Crab Stuffed Mushrooms,american,77.73,14.88,74.3,10/16/2022,18:01:37,5.224,0.2
keto,Keto Sausage Balls recipes,american,168.99,32.34,270.93,10/16/2022,18:01:37,5.225,0.119
keto,Easy Keto Marinara Chicken,italian,59.28,7.53,26.75,10/16/2022,18:01:37,7.873,0.281
keto,Keto-Pesto-Cauliflower-Casserole,italian,95.72,68.1,207.92,10/16/2022,18:01:37,1.406,0.328
keto,Keto Kentucky Bourbon Balls,american,11.89,205.13,175.95,10/16/2022,18:01:37,0.058,1.166
keto,Keto Fudge Popsicles Recipe,american,11.95,24.17,125.38,10/16/2022,18:01:37,0.494,0.193
keto,Bacon and Mushroom Smothered Pork Chops,american,217.87,39.37,244.39,10/16/2022,18:01:37,5.534,0.161
keto,Keto Cheesy Chicken Fritters,american,103.22,8.42,89.1,10/16/2022,18:01:44,12.259,0.095
keto,Soft Keto Tortilla Recipe,mexican,31.11,39.02,53.09,10/16/2022,18:01:44,0.797,0.735
keto,Keto Chocolate Bundt Cake,central europe,47.43,331.85,192.87,10/16/2022,18:01:44,0.143,1.721
keto,Keto Spinach Pizza Frittata,italian,128.65,15.66,174.49,10/16/2022,18:01:44,8.215,0.09
keto,Keto Eggplant Lasagna Recipe,italian,220.56,91.59,238.69,10/16/2022,18:01:44,2.408,0.384
keto,Keto Parmesan Fish Patties,american,514.29,47.58,134.68,10/16/2022,18:01:44,10.809,0.353
keto,Keto Bacon Cheeseburger Wellington,british,90.93,19.05,150.76,10/16/2022,18:01:44,4.773,0.126
keto,Keto Spicy Fried Chicken,american,285.4,7.74,198.71,10/16/2022,18:01:44,36.873,0.039
keto,Easy Raspberry Keto Cheesecake,american,20.24,34.03,146.91,10/16/2022,18:01:44,0.595,0.232
keto,Keto Cheesecake Stuffed Strawberries,american,18.09,98.65,118.1,10/16/2022,18:01:44,0.183,0.835
keto,Keto Egg Casserole Bake,italian,99.69,17.75,138.94,10/16/2022,18:01:44,5.616,0.128
keto,Keto Chocolate Waffles recipes,mediterranean,38.23,84.39,130.34,10/16/2022,18:01:44,0.453,0.647
keto,Keto Jalapeno Poppers Dip,mexican,74.96,50.23,158.17,10/16/2022,18:01:44,1.492,0.318
keto,Keto Cheesy Shrimp Fritters,south east asian,96.15,13.16,62.85,10/16/2022,18:01:44,7.306,0.209
keto,Keto Cabbage With Bacon recipes,american,16.43,9.6,46.18,10/16/2022,18:01:44,1.711,0.208
keto,Keto Lupin Flour Biscuits,american,105.88,100.07,158.19,10/16/2022,18:01:44,1.058,0.633
keto,Keto Bacon Ranch Dressing,american,24.91,8.19,180.78,10/16/2022,18:01:44,3.042,0.045
keto,Keto Brownie Mug Cake,french,4.23,16.7,19.84,10/16/2022,18:01:44,0.253,0.842
keto,Keto Cauliflower Pepper Soup,american,12.08,23.42,59.09,10/16/2022,18:01:51,0.516,0.396
keto,Keto Spaghetti Squash Carbonara,italian,38.48,33.93,54.81,10/16/2022,18:01:51,1.134,0.619
keto,Vegetarian Keto Club Salad,american,51.38,19.65,83.01,10/16/2022,18:01:51,2.615,0.237
keto,Keto Orange Fat Bombs,mediterranean,8.45,10.49,138.45,10/16/2022,18:01:51,0.806,0.076
keto,Keto Tomato Bisque Soup,french,37.69,95.54,92.09,10/16/2022,18:01:51,0.394,1.037
keto,Keto Ceasar Salad recipes,american,46.87,10.31,144.09,10/16/2022,18:01:51,4.546,0.072
keto,Keto Mocha Mousse recipes,american,22.27,103.4,169.47,10/16/2022,18:01:51,0.215,0.61
keto,Keto Vanilla-Nutmeg “Oatmeal”,american,7.58,16.28,56.01,10/16/2022,18:01:51,0.466,0.291
keto,Low Carb Keto Biscuits,british,66.98,42.21,181.33,10/16/2022,18:01:51,1.587,0.233
keto,No-Crust Keto Pumpkin Pie,british,28.95,57.48,107.78,10/16/2022,18:01:51,0.504,0.533
keto,Cheesy Keto Creamed Spinach,french,37.82,21.6,76.83,10/16/2022,18:01:51,1.751,0.281
keto,Keto Paleo Tzatziki recipes,mediterranean,9.81,23.49,110.44,10/16/2022,18:01:51,0.418,0.213
keto,Keto Tater Tot Casserole,american,151.71,42.19,151.02,10/16/2022,18:01:51,3.596,0.279
keto,Keto Food Journal — Steemit,mediterranean,33.93,22.29,108.8,10/16/2022,18:01:51,1.522,0.205
keto,Keto Mississippi Roast recipes,british,373.37,34.63,185.77,10/16/2022,18:01:51,10.782,0.186
keto,NSNG Keto Salmon Patties,nordic,107.0,18.99,62.94,10/16/2022,18:01:57,5.635,0.302
keto,Keto Zucchini Noodles With Meatballs,asian,101.73,17.72,107.67,10/16/2022,18:01:57,5.741,0.165
keto,Easy Keto Naan Recipe,indian,127.89,45.96,193.52,10/16/2022,18:01:57,2.783,0.237
keto,Keto Southern Style Meatloaf,american,177.5,47.0,196.68,10/16/2022,18:01:57,3.777,0.239
keto,Keto Crispy Pork Cutlets,american,157.36,6.05,227.96,10/16/2022,18:01:57,26.01,0.027
keto,Keto Mock Potato Salad,american,45.67,66.83,110.63,10/16/2022,18:01:57,0.683,0.604
keto,Keto Chili Stuffed Peppers,american,149.48,99.44,213.19,10/16/2022,18:01:57,1.503,0.466
keto,Keto Tuna Fish Salad,american,69.72,31.61,36.04,10/16/2022,18:01:57,2.206,0.877
keto,Keto Chicken Zucchini Meatballs,american,49.88,9.38,29.89,10/16/2022,18:01:57,5.318,0.314
keto,Keto Bacon and Roasted Cabbage,american,25.56,34.74,58.12,10/16/2022,18:01:57,0.736,0.598
keto,Keto Bunless Bacon Cheeseburger,american,128.3,12.66,182.48,10/16/2022,18:01:57,10.134,0.069
keto,Keto Easter Chocolate Nests,french,44.04,118.92,184.6,10/16/2022,18:01:57,0.37,0.644
keto,Keto Philly Cheesesteak Skillet,american,172.49,60.51,188.29,10/16/2022,18:01:57,2.851,0.321
keto,Keto Honey Mustard Dressing,american,4.89,17.01,182.03,10/16/2022,18:01:57,0.287,0.093
keto,Keto Cauliflower Spanish Rice,mediterranean,15.96,56.49,56.98,10/16/2022,18:01:57,0.283,0.991
keto,Keto cheesy broccoli soup,american,83.78,44.26,232.15,10/16/2022,18:01:57,1.893,0.191
keto,Keto Pepperoni Pizza Cups,italian,72.25,19.07,109.24,10/16/2022,18:01:57,3.789,0.175
keto,Keto Eggplant Burgers Recipe,french,44.02,51.68,53.63,10/16/2022,18:01:57,0.852,0.964
keto,Keto egg and cheese bites,american,28.24,2.5,21.47,10/16/2022,18:02:04,11.296,0.116
keto,Loaded Keto Zucchini Skins,british,37.25,24.91,98.63,10/16/2022,18:02:04,1.495,0.253
keto,Simple Keto Zucchini Hash,south american,34.93,19.26,75.51,10/16/2022,18:02:04,1.814,0.255
keto,Keto Pesto Chicken with Mozzarella,italian,99.96,9.57,70.32,10/16/2022,18:02:04,10.445,0.136
keto,Keto Pork Stir Fry,chinese,134.97,41.97,77.18,10/16/2022,18:02:04,3.216,0.544
keto,Keto Chicken Broccoli Casserole,italian,185.08,40.1,277.66,10/16/2022,18:02:04,4.615,0.144
keto,Salty Salsa Keto Crackers,american,51.11,60.83,91.88,10/16/2022,18:02:04,0.84,0.662
keto,Keto Creamy Broccoli Soup,italian,30.6,66.58,8.2,10/16/2022,18:02:04,0.46,8.12
keto,Sherried Chicken Salad,american,248.62,135.04,278.71,10/16/2022,18:02:04,1.841,0.485
keto,Vegetarian Keto “Crab” Cakes,american,31.19,25.1,117.96,10/16/2022,18:02:04,1.243,0.213
keto,Keto Parmesan Crusted Tilapia,mediterranean,162.89,8.05,48.77,10/16/2022,18:02:04,20.235,0.165
keto,Keto Bacon Ranch Dressing,american,24.92,8.75,180.77,10/16/2022,18:02:04,2.848,0.048
keto,Keto Chocolate Espresso Sorbet,american,26.1,294.79,129.39,10/16/2022,18:02:04,0.089,2.278
keto,Paleo Mississippi Roast with Lotus Root recipes,british,163.04,58.41,164.26,10/16/2022,18:02:11,2.791,0.356
keto,Keto Cauliflower Pizza Muffins,italian,80.58,37.67,111.44,10/16/2022,18:02:11,2.139,0.338
keto,"Keto-Friendly ""Candied"" Nuts",american,47.46,65.9,326.97,10/16/2022,18:02:11,0.72,0.202
keto,Keto Chicken Stir-Fry,chinese,260.75,74.86,47.21,10/16/2022,18:02:11,3.483,1.586
keto,Keto Stuffed Pepper Casserole,italian,155.64,87.18,172.22,10/16/2022,18:02:11,1.785,0.506
keto,Keto Dill Pickle Soup,american,28.65,19.08,182.75,10/16/2022,18:02:11,1.502,0.104
keto,Keto Zucchini and Walnut Bread,american,45.08,42.88,126.73,10/16/2022,18:02:11,1.051,0.338
keto,Keto Mexican Chocolate Pudding,british,7.47,68.74,24.82,10/16/2022,18:02:11,0.109,2.77
keto,Keto Chicken Pizza Dip,italian,152.56,28.64,248.55,10/16/2022,18:02:11,5.327,0.115
keto,Keto Sandwich Bread recipes,nordic,136.11,180.33,71.42,10/16/2022,18:02:11,0.755,2.525
keto,Easy Clam Chowder | Keto,american,168.99,80.18,199.3,10/16/2022,18:02:11,2.108,0.402
keto,Keto Zone Green Beans,american,27.59,50.91,100.41,10/16/2022,18:02:11,0.542,0.507
keto,Keto Almond Ricotta Cake,italian,120.78,163.57,298.48,10/16/2022,18:02:11,0.738,0.548
keto,Keto Scampi-Style Chicken,italian,128.84,27.69,112.92,10/16/2022,18:02:11,4.653,0.245
keto,Healthy Keto Avocado Hummus,mediterranean,19.67,44.02,167.91,10/16/2022,18:02:11,0.447,0.262
keto,Keto Mock Crab Salad,american,41.66,6.18,35.3,10/16/2022,18:02:11,6.741,0.175
keto,Keto Bruschetta Stuffed Avocado,italian,23.48,45.71,95.98,10/16/2022,18:02:18,0.514,0.476
keto,Keto Green Bean Casserole,south american,50.28,59.84,137.96,10/16/2022,18:02:18,0.84,0.434
keto,Chicken Roulades (Keto-friendly!),italian,92.87,25.36,124.34,10/16/2022,18:02:18,3.662,0.204
keto,Keto Egg Foo Young,chinese,52.16,31.35,45.33,10/16/2022,18:02:18,1.664,0.692
keto,Keto Tuna Salad recipes,american,47.58,5.3,46.8,10/16/2022,18:02:18,8.977,0.113
keto,Keto Cabbage Soup Recipe,american,240.9,60.16,139.88,10/16/2022,18:02:18,4.004,0.43
keto,Keto Cheesy Spinach Burger,nordic,125.38,38.78,235.01,10/16/2022,18:02:18,3.233,0.165
keto,Keto Coconut Cream Pie,american,73.43,81.16,263.72,10/16/2022,18:02:18,0.905,0.308
keto,Keto Tuscan Garlic Chicken,italian,246.2,29.8,147.47,10/16/2022,18:02:18,8.262,0.202
keto,Easy Tomato Soup (Keto),french,21.21,31.95,78.66,10/16/2022,18:02:18,0.664,0.406
keto,Keto Mediterranean Steak Pinwheels,mediterranean,167.9,26.46,110.15,10/16/2022,18:02:18,6.345,0.24
keto,Keto Avocado Stuffed Chicken,american,292.73,22.82,87.72,10/16/2022,18:02:18,12.828,0.26
keto,Keto Bison Meatballs recipes,american,128.91,27.8,197.3,10/16/2022,18:02:18,4.637,0.141
keto,Keto Strawberry Mini Clafoutis,french,21.13,38.71,67.86,10/16/2022,18:02:18,0.546,0.57
keto,Creamy Keto Cauliflower Risotto,italian,69.2,44.59,135.46,10/16/2022,18:02:18,1.552,0.329
keto,Keto Crab Stuffed Mushrooms,american,64.46,26.34,70.05,10/16/2022,18:02:18,2.447,0.376
keto,Keto Chocolate Orange Macaroons,american,65.05,342.67,341.77,10/16/2022,18:02:24,0.19,1.003
keto,"Chicken Adobo | Keto, Paleo",asian,238.4,34.46,244.29,10/16/2022,18:02:24,6.918,0.141
keto,Keto Lemon Poppyseed Cheesecake,american,116.08,94.11,511.43,10/16/2022,18:02:24,1.233,0.184
keto,Easy Weeknight Keto Pizza,italian,128.57,30.32,213.79,10/16/2022,18:02:24,4.24,0.142
keto,Cinnamon Keto Mug Cake,british,12.05,22.51,29.46,10/16/2022,18:02:24,0.535,0.764
keto,Keto Peanut Butter Cups,american,48.03,84.45,295.72,10/16/2022,18:02:24,0.569,0.286
keto,Keto Korean Fried Chicken,french,188.06,31.45,401.07,10/16/2022,18:02:24,5.98,0.078
keto,Creamy Keto Avocado Soup,american,37.36,91.84,228.56,10/16/2022,18:02:24,0.407,0.402
keto,Roasted Keto Cauliflower Mash,british,19.69,58.39,53.84,10/16/2022,18:02:24,0.337,1.085
keto,Crunchy Keto Salad Toppers,american,24.57,20.64,69.23,10/16/2022,18:02:24,1.19,0.298
keto,Keto Zuppa Toscana Soup,italian,98.45,55.02,234.93,10/16/2022,18:02:24,1.789,0.234
keto,Keto Cauliflower Rice Stuffing,south american,54.3,63.97,69.31,10/16/2022,18:02:24,0.849,0.923
keto,Keto Celeriac Cauli-Mash,french,23.49,45.45,185.07,10/16/2022,18:02:24,0.517,0.246
keto,Keto Butternut Squash Risotto,italian,43.64,48.26,95.41,10/16/2022,18:02:24,0.904,0.506
keto,Keto Cheese Stuffed Meatballs,american,237.8,67.71,323.06,10/16/2022,18:02:24,3.512,0.21
keto,Keto Taco Breakfast Skillet,mexican,198.8,58.6,272.0,10/16/2022,18:02:31,3.392,0.215
keto,Keto Strawberry Cheesecake Jars,american,23.96,80.46,199.52,10/16/2022,18:02:31,0.298,0.403
keto,Keto-Friendly Brownie Cakes,french,17.2,16.5,72.99,10/16/2022,18:02:31,1.042,0.226
keto,Keto BBQ Meatball Skewers,american,158.34,16.49,200.84,10/16/2022,18:02:31,9.602,0.082
keto,Keto Meat Pie recipes,american,190.75,223.91,406.66,10/16/2022,18:02:31,0.852,0.551
keto,Keto Crab Stuffed Avocado,american,34.09,20.33,65.63,10/16/2022,18:02:31,1.677,0.31
keto,Keto Avocado Deviled Eggs,mexican,55.07,24.19,67.89,10/16/2022,18:02:31,2.277,0.356
keto,Keto Easter Cheese Ball,french,100.2,35.88,278.97,10/16/2022,18:02:31,2.793,0.129
keto,Keto Blueberry Mug Cake,british,6.18,12.64,17.23,10/16/2022,18:02:31,0.489,0.734
keto,Keto Chicken and Broccoli Casserole,french,189.85,133.93,465.14,10/16/2022,18:02:31,1.418,0.288
keto,Keto Mashed Cauliflower with Cheese,american,25.67,55.41,42.74,10/16/2022,18:02:31,0.463,1.296
keto,Easy Keto Pound Cake,british,73.42,138.29,206.61,10/16/2022,18:02:31,0.531,0.669
keto,Keto Grilled Steak Rolls,french,65.32,18.74,93.62,10/16/2022,18:02:31,3.486,0.2
keto,Keto Banana Blueberry Muffins,american,89.35,97.24,225.45,10/16/2022,18:02:31,0.919,0.431
keto,Instant Pot Keto Chili,american,101.33,79.12,93.85,10/16/2022,18:02:31,1.281,0.843
keto,Keto Baked Chicken Fajitas,mexican,186.9,51.98,64.46,10/16/2022,18:02:38,3.596,0.806
keto,3 Ingredient Keto Japanese Cheesecake,japanese,48.34,145.03,150.77,10/16/2022,18:02:38,0.333,0.962
keto,Keto English Cottage Pie,american,194.19,53.91,244.83,10/16/2022,18:02:38,3.602,0.22
keto,Keto Chicken and Broccoli Casserole,italian,159.45,35.97,273.25,10/16/2022,18:02:38,4.433,0.132
keto,Keto Berry Mug Cake,british,12.55,24.44,39.27,10/16/2022,18:02:38,0.514,0.622
keto,5 Minute Keto Pesto recipes,italian,47.93,14.09,203.9,10/16/2022,18:02:38,3.402,0.069
keto,Air Fryer Keto Chicken Wings,american,238.79,4.96,188.08,10/16/2022,18:02:38,48.143,0.026
keto,Keto Chicken Pad Thai,south east asian,196.91,209.26,249.58,10/16/2022,18:02:38,0.941,0.838
keto,Keto Cheeseburger Muffins recipes,american,135.85,53.67,181.35,10/16/2022,18:02:38,2.531,0.296
keto,5-layer Keto Dip recipes,mexican,108.3,101.44,381.15,10/16/2022,18:02:38,1.068,0.266
keto,Sara louise's Keto Schnitzel,central europe,336.02,109.23,629.04,10/16/2022,18:02:38,3.076,0.174
keto,Low Carb Lasagna Meatballs Recipe,italian,308.21,32.78,328.73,10/16/2022,18:02:38,9.402,0.1
keto,Sara Louise's Keto Yapchik,american,174.05,130.65,226.62,10/16/2022,18:02:38,1.332,0.577
keto,Keto Chocolate Mousse (Low Carb),french,25.33,45.96,255.26,10/16/2022,18:02:45,0.551,0.18
keto,Keto Paleo Meatloaf recipes,american,143.36,37.65,172.61,10/16/2022,18:02:45,3.808,0.218
keto,KETO Egg and Ham Soup,american,29.54,10.62,19.55,10/16/2022,18:02:45,2.782,0.543
keto,Keto Bacon Cheeseburger Cups,american,185.37,55.26,224.12,10/16/2022,18:02:45,3.355,0.247
keto,Special Dark fat bombs - Keto,american,3.09,7.01,202.54,10/16/2022,18:02:45,0.441,0.035
keto,Low Carb/Keto pizza crust,italian,65.2,23.02,108.07,10/16/2022,18:02:45,2.832,0.213
keto,Keto Pizza Florentine recipes,italian,112.53,258.9,128.67,10/16/2022,18:02:45,0.435,2.012
keto,KETO Shrimp and Asparagus Alfredo,italian,243.63,41.0,432.48,10/16/2022,18:02:45,5.942,0.095
keto,Low-Carb Keto Lasagna,italian,284.21,119.23,401.06,10/16/2022,18:02:45,2.384,0.297
keto,Easy Keto Mozzarella Chicken,italian,162.11,44.11,79.41,10/16/2022,18:02:45,3.675,0.555
keto,Keto Strawberry Ice Cream,american,29.56,52.43,291.93,10/16/2022,18:02:45,0.564,0.18
keto,Pecan Coconut Butter (Keto Diet),american,16.51,35.55,177.99,10/16/2022,18:02:45,0.464,0.2
keto,Keto Matcha Mint Bars,american,52.13,167.75,322.48,10/16/2022,18:02:45,0.311,0.52
keto,Keto Recipes - Baked Parmesan Chips,american,101.35,9.13,73.23,10/16/2022,18:02:45,11.101,0.125
keto,Keto Mediterranean Chicken Skillet,mediterranean,167.51,78.39,150.47,10/16/2022,18:02:51,2.137,0.521
keto,Keto Shrimp Stir-Fry,chinese,99.02,38.73,21.15,10/16/2022,18:02:51,2.557,1.831
keto,Keto Chicken and Rice Casserole,italian,154.43,60.76,219.59,10/16/2022,18:02:51,2.542,0.277
keto,Keto Blueberry Coconut Crumble Recipe,american,15.78,49.78,98.32,10/16/2022,18:02:51,0.317,0.506
keto,Keto Roti John recipes,american,165.21,72.4,275.59,10/16/2022,18:02:51,2.282,0.263
keto,Low-Carb Keto Moscow Mule,world,0.25,36.46,0.06,10/16/2022,18:02:51,0.007,607.667
keto,Quick keto chips and dip,american,5.11,2.04,14.36,10/16/2022,18:02:51,2.505,0.142
keto,5 Minute Keto Pizza recipes,italian,29.07,23.2,33.98,10/16/2022,18:02:51,1.253,0.683
keto,Keto Bacon Cheeseburger Casserole,italian,342.16,63.19,560.81,10/16/2022,18:02:51,5.415,0.113
keto,Keto Cinnamon Donut Holes Recipe,american,33.05,84.74,115.99,10/16/2022,18:02:51,0.39,0.731
keto,Rebekah's Keto Egg Casserole,american,159.45,18.8,249.64,10/16/2022,18:02:51,8.481,0.075
keto,Keto Salmon and Zucchini Noodles,nordic,102.67,29.96,81.16,10/16/2022,18:02:51,3.427,0.369
keto,Vegan Keto Lemon Fat Bombs,american,6.06,24.7,109.39,10/16/2022,18:02:51,0.245,0.226
keto,Keto Jalapeno Popper Chicken Casserole,mexican,291.41,18.1,326.85,10/16/2022,18:02:51,16.1,0.055
keto,Keto Chicken Mushroom Casserole Recipe,american,268.91,35.22,314.52,10/16/2022,18:02:51,7.635,0.112
keto,Steak with Keto Mushroom Stroganoff,eastern europe,28.67,10.15,49.72,10/16/2022,18:02:51,2.825,0.204
keto,Keto Jalapeño Cheese Crisps Recipe,south american,49.55,7.42,42.87,10/16/2022,18:02:51,6.678,0.173
keto,Chocolate-Peanut Butter Keto Cups,american,37.23,43.07,310.17,10/16/2022,18:02:58,0.864,0.139
keto,Keto Quick Asparagus Sauté Recipe,mediterranean,5.72,10.5,41.42,10/16/2022,18:02:58,0.545,0.254
keto,Magic Low-Carb Keto Gnocchi,italian,56.2,7.18,60.85,10/16/2022,18:02:58,7.827,0.118
keto,Creamy Keto Chicken-Poblano Soup,american,145.33,34.3,206.91,10/16/2022,18:02:58,4.237,0.166
keto,"Jambalaya Kabobs | Keto, Paleo",american,199.3,53.04,179.69,10/16/2022,18:02:58,3.758,0.295
keto,Keto Broccoli and Cheese Cauliflower,british,29.75,46.64,113.48,10/16/2022,18:02:58,0.638,0.411
keto,Sara Louise's Keto Matboucha,italian,26.61,124.82,115.33,10/16/2022,18:02:58,0.213,1.082
keto,Keto Low Carb Ice Cream,american,4.86,24.12,77.37,10/16/2022,18:02:58,0.201,0.312
keto,Kat's Keto Turkey Meatballs,american,211.39,16.03,181.52,10/16/2022,18:02:58,13.187,0.088
keto,Keto Beef Goulash Recipe,mediterranean,101.36,22.52,112.77,10/16/2022,18:02:58,4.501,0.2
keto,Keto Brussels Sprouts with Bacon,central europe,74.47,91.38,104.66,10/16/2022,18:02:58,0.815,0.873
keto,Keto Cheeseburger Casserole with Bacon,italian,351.06,56.31,598.18,10/16/2022,18:02:58,6.234,0.094
keto,Keto Chicken Korma Recipe,south east asian,79.81,33.57,157.25,10/16/2022,18:02:58,2.377,0.213
keto,Low-carb keto-friendly pizza,italian,68.94,22.73,85.55,10/16/2022,18:02:58,3.033,0.266
keto,Baked Brie with a Keto Crust,french,187.02,31.84,254.44,10/16/2022,18:02:58,5.874,0.125
keto,Keto Air Fryer Jalapeno Poppers,mexican,35.33,16.34,142.17,10/16/2022,18:02:58,2.162,0.115
keto,Keto Cream Cheese Ranch Dip,american,25.21,49.16,125.24,10/16/2022,18:03:05,0.513,0.393
keto,Keto Spinach Stuffed Chicken recipes,italian,230.26,4.42,149.39,10/16/2022,18:03:05,52.095,0.03
keto,Keto Cauliflower Mac and Cheese,american,64.54,53.42,145.33,10/16/2022,18:03:05,1.208,0.368
keto,Keto Herb and Cheese Spread,american,25.13,13.4,176.96,10/16/2022,18:03:05,1.875,0.076
keto,LCHF CHOCOLATE WALNUT KETO FUDGE,american,22.07,74.13,169.99,10/16/2022,18:03:05,0.298,0.436
keto,Cheesy Broccoli Fritters,japanese,67.87,64.91,170.29,10/16/2022,18:03:05,1.046,0.381
keto,Keto Strawberry Cheesecake Mousse recipes,french,20.47,38.07,174.0,10/16/2022,18:03:05,0.538,0.219
keto,No-Churn Keto Ice Cream,italian,4.9,9.47,88.06,10/16/2022,18:03:05,0.517,0.108
keto,Smoked Keto Armadillo Eggs Recipe,american,104.37,15.8,189.76,10/16/2022,18:03:05,6.606,0.083
keto,Keto Broccoli Cheese Soup,american,131.61,76.43,253.19,10/16/2022,18:03:05,1.722,0.302
keto,Keto Friendly Creamsicle Melts Recipe,american,11.33,34.71,176.13,10/16/2022,18:03:05,0.326,0.197
keto,PERFECT KETO CAULIFLOWER PIZZA CRUST,italian,34.9,46.14,19.99,10/16/2022,18:03:05,0.756,2.308
keto,Keto Chicken Lo Mein,chinese,180.51,300.53,90.16,10/16/2022,18:03:05,0.601,3.333
keto,Keto Shepherd’s Pie recipes,british,175.49,158.54,327.6,10/16/2022,18:03:05,1.107,0.484
keto,Keto Fish Pie recipes,american,239.73,47.73,293.85,10/16/2022,18:03:05,5.023,0.162
keto,Best Low-Carb Keto Meatballs,american,135.58,26.91,162.06,10/16/2022,18:03:05,5.038,0.166
keto,"Keto-Friendly, Low-Carb Bagels",american,193.85,54.39,272.94,10/16/2022,18:03:05,3.564,0.199
keto,Low Carb Keto Tasty Buns,british,37.74,12.79,65.04,10/16/2022,18:03:11,2.951,0.197
keto,Keto creamy chicken bacon chowder,american,94.9,41.56,295.74,10/16/2022,18:03:11,2.283,0.141
keto,"Chicken Alfredo Bake Recipe {Paleo, Clean Eating, Gluten-Free, Dairy-Free, Whole30} recipes",italian,134.66,68.36,106.66,10/16/2022,18:03:11,1.97,0.641
keto,"Low Carb Keto ""Cornbread"" recipes",american,39.46,26.2,99.89,10/16/2022,18:03:11,1.506,0.262
keto,Keto Chocolate Coffee Fat Bombs,french,26.07,49.77,193.61,10/16/2022,18:03:11,0.524,0.257
keto,Keto bomb chocolate coconut mousse,american,18.23,28.04,268.99,10/16/2022,18:03:11,0.65,0.104
keto,Keto Avocado Cheese Dip recipes,american,106.87,66.56,314.87,10/16/2022,18:03:11,1.606,0.211
keto,Keto Parmesan Crusted Pork Chops,mediterranean,225.74,8.9,132.4,10/16/2022,18:03:11,25.364,0.067
keto,Keto Roasted Eggplant Dip Recipe,mediterranean,11.49,52.78,16.39,10/16/2022,18:03:11,0.218,3.22
keto,Keto Bacon Wrapped Chicken Tenders,american,329.65,278.16,424.63,10/16/2022,18:03:11,1.185,0.655
keto,Keto -- Baked Mockaroni and Cheese,american,99.24,71.58,167.66,10/16/2022,18:03:11,1.386,0.427
keto,Keto Air Fryer Breaded Cod,american,495.0,68.41,532.07,10/16/2022,18:03:11,7.236,0.129
keto,Keto Mini Pecan Pies Recipe,american,33.17,97.26,163.76,10/16/2022,18:03:11,0.341,0.594
keto,Keto Lemon Coconut Fat Bombs,french,2.81,11.79,27.11,10/16/2022,18:03:11,0.238,0.435
keto,Chocolate Peanut Butter Keto Cups,american,35.53,70.55,199.04,10/16/2022,18:03:11,0.504,0.354
keto,Salt N Vinegar Keto Crackers,british,59.54,54.14,127.7,10/16/2022,18:03:11,1.1,0.424
keto,Keto Bacon Ranch Stuffed Burger,american,122.45,90.56,196.66,10/16/2022,18:03:11,1.352,0.46
keto,Keto Beef Egg Roll Slaw,chinese,127.9,81.03,203.37,10/16/2022,18:03:18,1.578,0.398
keto,Chocolate Keto Fat Bomb Recipe,french,74.16,115.69,362.29,10/16/2022,18:03:18,0.641,0.319
keto,Mascarpone Cream Mousse Dessert (Keto),american,20.87,62.84,152.53,10/16/2022,18:03:18,0.332,0.412
keto,Keto Peppered Maple Pecan Bacon,american,24.04,19.32,84.41,10/16/2022,18:03:18,1.244,0.229
keto,Keto - friendly Chocolate Mousse recipes,british,13.19,44.96,47.03,10/16/2022,18:03:18,0.293,0.956
keto,Keto Sheet Pan Chicken Dinner,american,107.78,115.14,183.07,10/16/2022,18:03:18,0.936,0.629
keto,Keto Blinis with Smoked Salmon,nordic,61.62,19.13,105.27,10/16/2022,18:03:18,3.221,0.182
keto,Keto Buffalo Blue Cheese Dressing,american,37.37,10.81,166.95,10/16/2022,18:03:18,3.457,0.065
keto,Keto Blueberry Pancake Mug Cake,american,7.93,16.14,10.0,10/16/2022,18:03:18,0.491,1.614
keto,Spicy Jalapeno Keto Chicken Wings,south american,321.4,13.94,240.3,10/16/2022,18:03:18,23.056,0.058
keto,Easy Keto Tortilla Chips Recipe,american,64.23,22.42,94.97,10/16/2022,18:03:18,2.865,0.236
keto,Keto Jalapeno Popper Stuffed Chicken,french,285.85,15.56,110.2,10/16/2022,18:03:18,18.371,0.141
keto,Parmesan Garlic Keto-Friendly Zoodles,italian,18.18,24.5,63.28,10/16/2022,18:03:25,0.742,0.387
keto,Easy Keto Taco Stuffed Avocados,mexican,30.46,25.5,68.29,10/16/2022,18:03:25,1.195,0.373
keto,Keto Greek Meatballs Salad Recipe,mediterranean,77.56,16.24,160.84,10/16/2022,18:03:25,4.776,0.101
keto,Low-Carb Broccoli Cheese Quiche,french,70.98,140.69,143.36,10/16/2022,18:03:25,0.505,0.981
keto,Piña Colada Keto Fat Bombs,french,2.8,11.76,27.12,10/16/2022,18:03:25,0.238,0.434
keto,Megan R keto dinner rolls,american,230.69,115.28,310.3,10/16/2022,18:03:25,2.001,0.372
keto,Keto Parmesan-Breaded Eggplant Pizzas,italian,221.16,147.15,286.38,10/16/2022,18:03:25,1.503,0.514
keto,"Whole30 Pickled Onions (Keto, Paleo)",american,0.82,6.86,13.57,10/16/2022,18:03:25,0.12,0.506
keto,Keto Jalapeno Popper Fat Bomb,french,16.42,6.92,63.74,10/16/2022,18:03:25,2.373,0.109
keto,90-Second Keto Bread in a Mug,british,13.88,7.98,34.26,10/16/2022,18:03:25,1.739,0.233
keto,Keto Spaghetti Squash Lasagna Boats,italian,274.34,196.1,288.84,10/16/2022,18:03:25,1.399,0.679
keto,Keto Chia Pudding with Almond & Cinnamon,british,11.77,19.94,27.13,10/16/2022,18:03:25,0.59,0.735
keto,Keto Stuffed Pork Chops recipes,american,96.92,11.06,53.21,10/16/2022,18:03:25,8.763,0.208
keto,Jaynee's Keto Cinnamon Roll,french,13.05,18.22,80.12,10/16/2022,18:03:32,0.716,0.227
keto,Keto Chicken Thigh Roll-Ups,south east asian,187.56,15.53,305.48,10/16/2022,18:03:32,12.077,0.051
keto,Keto Egg Fast Fettuccini Alfredo,british,17.68,3.61,41.52,10/16/2022,18:03:32,4.898,0.087
keto,Keto Egg Fast Snickerdoodle Crepes,french,41.95,23.76,124.21,10/16/2022,18:03:32,1.766,0.191
keto,Keto Blackberry Cheese Danish Turnovers,nordic,41.74,11.73,72.34,10/16/2022,18:03:32,3.558,0.162
keto,Keto Tortillas with Ground Beef,mexican,78.03,46.62,102.81,10/16/2022,18:03:32,1.674,0.453
keto,Keto Lemon Butter White Fish,french,51.91,5.85,62.58,10/16/2022,18:03:32,8.874,0.093
keto,Best Keto Tuna Salad recipes,american,46.47,3.3,43.75,10/16/2022,18:03:32,14.082,0.075
keto,Keto Oven-Baked Brie Cheese,american,58.49,10.98,125.08,10/16/2022,18:03:32,5.327,0.088
keto,Keto Sausage Balls - Low Carb,british,304.46,54.52,466.5,10/16/2022,18:03:32,5.584,0.117
keto,Easy Cheesy Keto Cabbage Casserole,middle eastern,190.65,9.21,293.37,10/16/2022,18:03:32,20.7,0.031
keto,Keto Coconut Chip Ice Cream,american,38.64,154.5,289.88,10/16/2022,18:03:32,0.25,0.533
keto,Low-carb keto pizza dough,italian,50.46,15.03,72.79,10/16/2022,18:03:32,3.357,0.206
keto,4-Ingredient Keto Chicken Curry Recipe,indian,93.24,29.98,147.63,10/16/2022,18:03:32,3.11,0.203
keto,Easy Keto Sandwich Bread Recipe,american,214.17,74.98,142.91,10/16/2022,18:03:32,2.856,0.525
keto,Keto Sticky Balsamic Pork Belly,chinese,98.0,35.4,555.44,10/16/2022,18:03:39,2.768,0.064
keto,Kale-Coconut Dry Curry {keto},indian,9.04,31.16,20.59,10/16/2022,18:03:39,0.29,1.513
keto,Keto Cream Cheese Egg Cups,american,98.93,29.64,161.75,10/16/2022,18:03:39,3.338,0.183
keto,Keto Bacon Green Beans Recipe,british,28.17,19.94,111.09,10/16/2022,18:03:39,1.413,0.179
keto,Keto Low Carb Cauliflower Pizza,italian,65.08,20.28,43.97,10/16/2022,18:03:39,3.209,0.461
keto,Easy Keto Creamed Spinach recipes,french,23.94,17.19,42.22,10/16/2022,18:03:39,1.393,0.407
keto,Strawberry Shortcake Keto Fat Bombs,british,25.28,47.81,73.61,10/16/2022,18:03:39,0.529,0.65
keto,Crispy Baked Keto Chicken Wings,american,242.23,52.28,156.28,10/16/2022,18:03:39,4.633,0.335
keto,Buffalo Keto Chicken Tenders recipes,american,135.48,91.72,140.91,10/16/2022,18:03:39,1.477,0.651
keto,Keto Shrimp and Grits Recipe,japanese,77.27,41.96,198.3,10/16/2022,18:03:39,1.842,0.212
keto,Keto Apple Pork Chops recipes,american,254.91,15.11,245.28,10/16/2022,18:03:39,16.87,0.062
keto,Keto Friendly Chocolate Mug Cake,american,99.51,26.02,26.45,10/16/2022,18:03:39,3.824,0.984
keto,Keto Saganaki Greek Fried Cheese,mediterranean,31.71,17.88,81.43,10/16/2022,18:03:39,1.773,0.22
keto,Peanut Butter Fat Bombs (Keto),french,29.14,29.87,166.79,10/16/2022,18:03:39,0.976,0.179
keto,Keto-Friendly Grilled Stuffed Chicken,british,306.25,29.48,221.42,10/16/2022,18:03:39,10.388,0.133
keto,Keto Low Carb Microwave Cheesecake,american,10.29,4.86,35.27,10/16/2022,18:03:45,2.117,0.138
keto,Keto Avocado Tuna Melt Bites,american,81.32,28.45,214.0,10/16/2022,18:03:45,2.858,0.133
keto,Beef Back Ribs Keto Style,american,185.8,31.24,316.87,10/16/2022,18:03:45,5.948,0.099
keto,Keto Crockpot Beef Stroganoff Recipe,eastern europe,201.35,45.1,158.06,10/16/2022,18:03:45,4.465,0.285
keto,Keto Grilled Cheese Sandwich recipes,american,29.69,31.72,70.23,10/16/2022,18:03:45,0.936,0.452
keto,Keto Mixed Berry Crumble Pots,american,21.58,89.0,106.92,10/16/2022,18:03:45,0.242,0.832
keto,Chicken Parmesan Casserole - Low Carb &,italian,193.22,72.22,121.77,10/16/2022,18:03:45,2.675,0.593
keto,Easy Keto Dijon Chicken Thighs,french,133.93,16.49,166.39,10/16/2022,18:03:45,8.122,0.099
keto,Keto Creamy Spinach Egg Casserole,italian,32.89,19.54,68.87,10/16/2022,18:03:45,1.683,0.284
keto,Keto Pepperoni Pizza Cauliflower Casserole,italian,60.43,28.29,89.31,10/16/2022,18:03:45,2.136,0.317
keto,low carb keto stuffed eggs,italian,69.15,5.93,102.39,10/16/2022,18:03:45,11.661,0.058
keto,Begedil Keto Potato Patties recipes,eastern europe,20.34,28.74,70.27,10/16/2022,18:03:45,0.708,0.409
keto,Keto Three Cheese Bacon Asparagus,american,43.03,26.12,95.54,10/16/2022,18:03:45,1.647,0.273
keto,Keto Root Beer Float Pops,american,3.66,41.93,66.05,10/16/2022,18:03:52,0.087,0.635
keto,Paleo Breakfast Burger (Whole30 + Keto),nordic,125.93,35.2,153.02,10/16/2022,18:03:52,3.578,0.23
keto,"Avocado Yogurt Dip {Vegetarian, Keto}",american,16.35,34.24,42.04,10/16/2022,18:03:52,0.478,0.814
keto,Chive Horseradish Keto Cauliflower Mash,british,47.24,58.15,79.34,10/16/2022,18:03:52,0.812,0.733
keto,White Chocolate Keto Truffles recipes,american,3.17,203.58,226.54,10/16/2022,18:03:52,0.016,0.899
keto,Keto Cheesy Spinach and Egg Casserole,italian,120.23,23.36,100.03,10/16/2022,18:03:52,5.147,0.234
keto,Coconut Flour Keto Donut Holes,american,12.73,60.53,81.62,10/16/2022,18:03:52,0.21,0.742
keto,Keto Chicken Cauliflower Fried Rice,chinese,77.71,41.36,94.03,10/16/2022,18:03:52,1.879,0.44
keto,Low Carb Snickerdoodles - Keto & Glute,british,51.2,47.26,204.0,10/16/2022,18:03:52,1.083,0.232
keto,"Bacon Wrapped Asparagus, Keto Style",american,40.04,31.92,146.48,10/16/2022,18:03:52,1.254,0.218
keto,Keto White Pizza Frittata recipes,italian,160.92,26.9,194.95,10/16/2022,18:03:52,5.982,0.138
keto,Slow Cooker Keto Barbecue Meatloaf,central europe,261.46,139.57,317.04,10/16/2022,18:03:52,1.873,0.44
keto,"Whole30 Cajun Seasoning (Keto, Paleo)",american,5.7,29.08,2.76,10/16/2022,18:03:52,0.196,10.536
keto,Keto “Apple” Cheesecake Danish recipes,nordic,6.68,26.71,55.25,10/16/2022,18:03:52,0.25,0.483
keto,Keto Pesto-stuffed Chicken Thighs,italian,145.34,20.19,197.97,10/16/2022,18:03:59,7.199,0.102
keto,Keto & Paleo Condensed Milk recipes,american,18.87,93.73,180.8,10/16/2022,18:03:59,0.201,0.518
keto,Hot Melt (keto-approved) Spaghetti,italian,75.0,47.1,158.3,10/16/2022,18:03:59,1.592,0.298
keto,Keto SOUTHERN BACON-FRIED CABBAGE,american,40.66,94.41,70.56,10/16/2022,18:03:59,0.431,1.338
keto,Megan R Buffalo chicken keto,american,181.29,29.17,287.05,10/16/2022,18:03:59,6.215,0.102
keto,Easy Keto Pumpkin Bread recipes,american,67.87,199.54,220.58,10/16/2022,18:03:59,0.34,0.905
keto,Keto Blueberry Cheesecake Squares recipes,american,40.07,56.05,215.87,10/16/2022,18:03:59,0.715,0.26
keto,Keto Rosemary Dill Salmon recipes,nordic,515.92,6.24,160.09,10/16/2022,18:03:59,82.679,0.039
keto,Stuffed portobello Caps Keto style,italian,145.9,45.31,127.07,10/16/2022,18:03:59,3.22,0.357
keto,Keto Lemon Meringue Custard recipes,french,21.21,236.78,141.58,10/16/2022,18:03:59,0.09,1.672
keto,"Korean Ground Beef | Keto, Paleo",french,85.32,11.64,112.27,10/16/2022,18:03:59,7.33,0.104
keto,Fathead Keto Gnocchi - Low Carb,italian,172.39,57.04,341.32,10/16/2022,18:03:59,3.022,0.167
keto,Keto Crockpot Clam Chowder recipes,american,254.11,99.29,343.88,10/16/2022,18:03:59,2.559,0.289
keto,Keto Buffalo Chicken Soup Recipe,american,106.16,49.65,125.53,10/16/2022,18:04:06,2.138,0.396
keto,Creamy Keto Tuscan Soup Recipe,italian,108.42,64.15,279.58,10/16/2022,18:04:06,1.69,0.229
keto,Keto Turkey Meatballs with Pesto,american,96.36,32.12,111.46,10/16/2022,18:04:06,3.0,0.288
keto,Keto Lemon Mug Cake Recipe,american,23.08,38.12,28.75,10/16/2022,18:04:06,0.605,1.326
keto,Keto No-Churn Strawberry Ice Cream,italian,5.24,13.36,88.21,10/16/2022,18:04:06,0.392,0.151
keto,Easy Keto Chicken Verde Enchiladas,mexican,167.63,18.64,93.98,10/16/2022,18:04:06,8.993,0.198
keto,Roast Pumpkin & Feta - Keto Salad,mediterranean,35.51,55.26,94.81,10/16/2022,18:04:06,0.643,0.583
keto,KETO SPICY CHIPOTLE DEVILED EGGS,mexican,38.98,7.45,80.07,10/16/2022,18:04:06,5.232,0.093
keto,Pesto Keto Chicken Stuffed Peppers,italian,146.22,58.28,151.35,10/16/2022,18:04:06,2.509,0.385
keto,Keto Shrimp Cauliflower Fried Rice,chinese,61.29,43.43,75.34,10/16/2022,18:04:06,1.411,0.576
keto,Keto-Friendly Soft Tacos — Steemit,mexican,87.04,24.12,123.81,10/16/2022,18:04:06,3.609,0.195
keto,Keto Italian Chicken Salad recipes,italian,315.23,34.66,147.1,10/16/2022,18:04:06,9.095,0.236
keto,Keto-Approved Ranch Dressing recipes,american,12.98,10.19,207.76,10/16/2022,18:04:12,1.274,0.049
keto,Keto Broccoli Cheese Soup Recipe,american,138.32,59.75,342.99,10/16/2022,18:04:12,2.315,0.174
keto,Philly Cheesesteak Keto Roll recipes,american,46.48,11.73,60.67,10/16/2022,18:04:12,3.962,0.193
keto,Keto Chocolate Almond Fudge Slices,french,120.91,573.8,494.62,10/16/2022,18:04:12,0.211,1.16
keto,Keto turkey egg roll casserole,american,225.51,115.2,60.91,10/16/2022,18:04:12,1.958,1.891
keto,Keto Chocolate Toast Crunch Cereal,french,54.78,110.72,192.3,10/16/2022,18:04:12,0.495,0.576
keto,10 Minute Keto Country Gravy recipes,british,22.82,10.92,139.25,10/16/2022,18:04:12,2.09,0.078
keto,Keto Mini Pepper Pizza Cups,italian,65.96,38.66,73.02,10/16/2022,18:04:12,1.706,0.529
keto,Keto Paleo Tuna Taquitos Recipe,mexican,46.45,79.45,75.1,10/16/2022,18:04:12,0.585,1.058
keto,Best Keto Cabbage Salad Recipe,middle eastern,80.7,32.89,123.75,10/16/2022,18:04:12,2.454,0.266
keto,Air Fryer Keto Pork Chops,mexican,176.8,10.24,92.62,10/16/2022,18:04:12,17.266,0.111
keto,Keto Cilantro Lime Cauliflower Rice,mediterranean,14.02,39.98,29.53,10/16/2022,18:04:12,0.351,1.354
keto,Sara Louise's Keto Roasted Endives,nordic,4.79,22.28,108.66,10/16/2022,18:04:12,0.215,0.205
keto,Keto Instant Pot Pulled Chicken,french,86.97,9.53,110.61,10/16/2022,18:04:12,9.126,0.086
keto,Keto Chicken Thighs with Creamed Spinach,american,273.02,47.05,450.31,10/16/2022,18:04:12,5.803,0.104
keto,Keto Chicken Pesto Cauliflower Casserole,italian,168.26,44.33,138.35,10/16/2022,18:04:19,3.796,0.32
keto,Low Carb Keto Hamburger Buns,american,49.44,135.19,60.36,10/16/2022,18:04:19,0.366,2.24
keto,Keto Neapolitan Ice-Cream recipes,american,30.88,46.4,127.99,10/16/2022,18:04:19,0.666,0.363
keto,"Chunky Guacamole (Paleo, Whole30 + Keto)",mexican,21.59,103.56,118.8,10/16/2022,18:04:19,0.208,0.872
keto,Cheese Wafers {Keto/Low Carb,american,83.66,58.74,285.17,10/16/2022,18:04:19,1.424,0.206
keto,Keto Sheet Pan Steak Fajitas,mexican,155.71,37.09,176.53,10/16/2022,18:04:19,4.198,0.21
keto,Keto Parmesan Crisps with Tomato Slices,american,36.24,5.41,25.98,10/16/2022,18:04:19,6.699,0.208
keto,Keto Diet Sloppy Joe Recipe,french,79.29,120.71,91.06,10/16/2022,18:04:19,0.657,1.326
keto,Keto Crustless Mushroom Spinach Pie,italian,109.02,41.52,108.35,10/16/2022,18:04:19,2.626,0.383
keto,Keto Faux French Onion Dip Recipe,american,2.05,12.68,89.18,10/16/2022,18:04:19,0.162,0.142
keto,Keto Chicken Enchiladas - White Version,central europe,420.57,63.04,240.6,10/16/2022,18:04:19,6.671,0.262
keto,Keto Creamy Chicken and Vegetable Bake,mexican,262.5,116.17,319.91,10/16/2022,18:04:19,2.26,0.363
keto,Crockpot Keto Buffalo Chicken Soup,american,52.28,29.91,124.92,10/16/2022,18:04:19,1.748,0.239
keto,Easy Keto Spinach Cheese Manicotti,italian,199.82,51.36,148.43,10/16/2022,18:04:19,3.891,0.346
keto,Easy Keto Curry Chicken Recipe,south east asian,273.63,62.25,136.67,10/16/2022,18:04:19,4.396,0.455
keto,Keto Chicken Skewers with Rustic Vegetables,mediterranean,132.42,21.87,69.28,10/16/2022,18:04:19,6.055,0.316
keto,5 Minute Keto Raspberry Vinaigrette recipes,french,0.74,9.21,108.4,10/16/2022,18:04:26,0.08,0.085
keto,Keto Chicken Cordon Bleu Recipe,french,266.86,50.52,323.19,10/16/2022,18:04:26,5.282,0.156
keto,Vivica's Keto Roast Chicken recipes,american,224.0,4.69,181.41,10/16/2022,18:04:26,47.761,0.026
keto,Deep Dish Skillet Keto Pizza,italian,85.1,38.27,146.3,10/16/2022,18:04:26,2.224,0.262
keto,Keto-Friendly Low-Carb Bread,american,45.87,32.41,102.19,10/16/2022,18:04:26,1.415,0.317
keto,Ultra Moist Keto Blackberry Muffins,american,82.78,137.32,228.07,10/16/2022,18:04:26,0.603,0.602
keto,Keto Hot Chili Soup recipes,american,106.42,61.05,175.46,10/16/2022,18:04:26,1.743,0.348
keto,Keto Egg Fried Rice recipes,chinese,48.45,52.66,88.21,10/16/2022,18:04:26,0.92,0.597
keto,Keto Mini Pepperoni Guacamole Bites,mexican,50.7,47.63,122.37,10/16/2022,18:04:26,1.064,0.389
keto,Keto Taco Stuffed Mini Peppers,american,64.53,66.96,87.66,10/16/2022,18:04:26,0.964,0.764
keto,KETO BEEF BRISKET Slow Cooker,french,335.26,33.16,444.27,10/16/2022,18:04:26,10.11,0.075
keto,Parmesan-Garlic Keto Chicken Wings,american,492.67,12.78,404.5,10/16/2022,18:04:26,38.55,0.032
keto,Sara Louise's Keto Israeli Salad,middle eastern,7.1,42.83,41.67,10/16/2022,18:04:26,0.166,1.028
keto,Keto Fat Bombs with Cacao and Cashew,italian,90.86,130.47,428.13,10/16/2022,18:04:26,0.696,0.305
keto,Roasted Butternut Squash Apple Soup,american,15.46,144.09,64.19,10/16/2022,18:04:33,0.107,2.245
keto,Strawberry Cheesecake Fat Bombs *Keto*,american,15.29,37.36,97.5,10/16/2022,18:04:33,0.409,0.383
keto,Keto Broccoli Cheddar Biscuits recipes,american,90.25,53.71,192.45,10/16/2022,18:04:33,1.68,0.279
keto,Keto Chicken Cordon Bleu Casserole,french,136.74,18.57,195.65,10/16/2022,18:04:33,7.363,0.095
keto,Crispy Keto Cauliflower Cakes recipes,american,55.65,41.77,99.24,10/16/2022,18:04:33,1.332,0.421
keto,EZ Truckers Chili (Keto Style),american,112.74,71.89,24.19,10/16/2022,18:04:33,1.568,2.972
keto,Keto Cheesy Steak Zucchini Boats,mediterranean,77.03,27.55,85.24,10/16/2022,18:04:33,2.796,0.323
keto,Keto Zucchini Rollatini - Low Carb,italian,190.8,64.39,216.6,10/16/2022,18:04:33,2.963,0.297
keto,Keto Thai Red Curry Paste,south east asian,8.29,44.37,63.96,10/16/2022,18:04:33,0.187,0.694
keto,"Keto Cauliflower, Eggs, and Bacon Salad",american,56.73,63.32,143.25,10/16/2022,18:04:33,0.896,0.442
keto,Tasty and Easy Keto Dinner Rolls,american,251.34,85.55,419.16,10/16/2022,18:04:33,2.938,0.204
keto,Spicy Keto Chicken-and-Cheese Casserole,south american,180.55,33.49,130.18,10/16/2022,18:04:33,5.391,0.257
keto,Keto Meal Prep Breakfast Bombs,french,147.45,52.42,281.67,10/16/2022,18:04:39,2.813,0.186
keto,Keto Mulled Berry Chia Parfaits,french,22.78,76.66,101.11,10/16/2022,18:04:39,0.297,0.758
keto,Texas Style Keto Venison Chili,american,213.89,91.92,69.02,10/16/2022,18:04:39,2.327,1.332
keto,Sara Louise's Keto Asparagus Soup,french,78.66,121.92,79.18,10/16/2022,18:04:39,0.645,1.54
keto,Keto Bacon Cauliflower Mac and Cheese,american,113.43,42.36,361.84,10/16/2022,18:04:39,2.678,0.117
keto,Sara Louise's Keto Falafel Balls,middle eastern,35.71,29.64,53.59,10/16/2022,18:04:39,1.205,0.553
keto,Low Carb Keto Cheese Crisps Recipe,american,80.1,7.19,68.05,10/16/2022,18:04:39,11.14,0.106
keto,Paleo/Keto Greek Cabbage with Bacon,mediterranean,27.58,75.5,36.77,10/16/2022,18:04:39,0.365,2.053
keto,Keto Creamy Asparagus and Shrimp Alfredo,italian,90.79,24.77,128.9,10/16/2022,18:04:39,3.665,0.192
keto,No-Bake Keto Chocolate Roll recipes,american,32.13,102.8,227.02,10/16/2022,18:04:39,0.313,0.453
keto,Keto 5 Minute Caesar Dressing recipes,american,2.77,7.08,134.38,10/16/2022,18:04:39,0.391,0.053
keto,Easy Keto Cordon Bleu recipes,french,177.02,29.23,288.14,10/16/2022,18:04:39,6.056,0.101
keto,Keto Sun-Dried Tomato Chicken,american,144.95,89.92,248.65,10/16/2022,18:04:39,1.612,0.362
keto,One-Pan Keto Shrimp and Asparagus,british,63.54,17.38,50.49,10/16/2022,18:04:39,3.656,0.344
keto,Keto Chicken Curry With Coconut Milk,indian,66.63,14.21,79.56,10/16/2022,18:04:39,4.689,0.179
keto,Keto Gourmet: Bacon Wrapped Lobster!,american,118.42,18.61,262.26,10/16/2022,18:04:39,6.363,0.071
keto,Instant Pot® Keto Hamburger Soup,american,119.3,31.47,294.26,10/16/2022,18:04:39,3.791,0.107
keto,Keto King Ranch Chicken recipes,american,213.09,123.92,306.16,10/16/2022,18:04:39,1.72,0.405
keto,"AIP Italian Burgers Recipe [Paleo, Keto]",nordic,92.56,23.41,58.4,10/16/2022,18:04:39,3.954,0.401
keto,Keto Peanut Butter Fudge Fat Bomb,american,57.66,66.58,351.17,10/16/2022,18:04:46,0.866,0.19
keto,Pork Tenderloin with Roasted Veggies (Keto),british,183.61,57.84,84.55,10/16/2022,18:04:46,3.174,0.684
keto,KETO Chicken with sundried tomato and cream,american,24.41,10.18,53.51,10/16/2022,18:04:46,2.398,0.19
keto,Ham and Cheese Keto Stromboli recipes,italian,129.07,33.43,145.31,10/16/2022,18:04:46,3.861,0.23
keto,Keto Pepperoni Pizza with Fathead Crust,italian,217.33,51.8,278.81,10/16/2022,18:04:46,4.196,0.186
keto,Keto Cauliflower Pizza Casserole recipes,italian,217.65,84.99,388.93,10/16/2022,18:04:46,2.561,0.219
keto,3 Ingredient Keto Chocolate Mug Cake,british,8.17,7.26,6.05,10/16/2022,18:04:46,1.125,1.2
keto,Keto Sesame Zoodles with Roasted Pork,chinese,42.65,13.86,93.35,10/16/2022,18:04:46,3.077,0.148
keto,Keto Chicken Pad Thai recipes,south east asian,220.94,520.75,207.98,10/16/2022,18:04:46,0.424,2.504
keto,Sweet Chili Keto Pork Chops,american,165.77,42.29,88.2,10/16/2022,18:04:46,3.92,0.479
keto,The BEST Keto Broccoli Cheese Soup,american,104.29,77.81,300.87,10/16/2022,18:04:46,1.34,0.259
keto,Easy Keto Pork and Cabbage Casserole,nordic,98.41,24.98,21.26,10/16/2022,18:04:46,3.94,1.175
keto,Keto Stuffed Chicken Breast Recipe,american,84.0,31.5,157.88,10/16/2022,18:04:46,2.667,0.2
keto,Instant Pot® Keto Chicken Curry,indian,71.08,24.35,100.57,10/16/2022,18:04:46,2.919,0.242
keto,Healthy Keto Salmon Paté recipes,nordic,62.34,22.75,145.42,10/16/2022,18:04:53,2.74,0.156
keto,"Keto Sriracha “Spaghetti"" + Meatballs recipes",italian,118.99,74.23,176.92,10/16/2022,18:04:53,1.603,0.42
keto,Keto Pesto Chicken Bake with Haloumi,american,225.01,27.62,283.77,10/16/2022,18:04:53,8.147,0.097
keto,Spinach and Artichoke Keto Egg Bake,mediterranean,94.04,54.02,69.66,10/16/2022,18:04:53,1.741,0.775
keto,Keto Double Chocolate Macaroons recipes,french,38.35,90.62,220.18,10/16/2022,18:04:53,0.423,0.412
keto,Keto Chocolate Silk Pie recipes,american,85.52,262.71,417.14,10/16/2022,18:04:53,0.326,0.63
keto,Thin Keto Pizza Crust recipes,italian,52.74,87.16,112.08,10/16/2022,18:04:53,0.605,0.778
keto,Keto Low Carb Curry recipes,south east asian,83.53,111.03,132.41,10/16/2022,18:04:53,0.752,0.839
keto,Easy Keto Ranch Dressing recipes,american,7.25,14.4,156.6,10/16/2022,18:04:53,0.503,0.092
keto,Keto Mini Pumpkin-Pecan Cheesecakes,american,35.87,36.91,145.82,10/16/2022,18:04:53,0.972,0.253
keto,Keto Overnight Oats with Coconut and Blueberries,french,17.69,18.17,33.66,10/16/2022,18:04:53,0.974,0.54
keto,Raspberry White Chocolate Keto Fat Bombs,american,21.42,68.67,347.44,10/16/2022,18:04:53,0.312,0.198
keto,The Keto Diet for $30 per Week,french,36.67,6.73,34.9,10/16/2022,18:04:53,5.449,0.193
keto,Cheesy Sausage and Egg Keto Casserole,american,128.64,46.61,177.76,10/16/2022,18:04:53,2.76,0.262
keto,The Best Keto Mashed Cauliflower Recipe,american,18.85,46.91,35.38,10/16/2022,18:04:53,0.402,1.326
keto,Keto Paleo Seafood Paella recipes,mediterranean,202.38,73.21,80.26,10/16/2022,18:04:53,2.764,0.912
keto,Pork Meatballs (keto and gluten free),nordic,132.98,16.47,173.98,10/16/2022,18:04:53,8.074,0.095
keto,Instant Pot® Keto Green Beans,french,32.77,37.71,89.68,10/16/2022,18:04:53,0.869,0.42
keto,Creamy Keto Spinach and Celery Soup,american,4.89,11.33,30.9,10/16/2022,18:04:59,0.432,0.367
keto,KETO-LICIOUS SUGAR FREE CHOCOLATE FONDANT,french,36.91,126.07,197.27,10/16/2022,18:04:59,0.293,0.639
keto,Vegan Keto Tangy Coconut Soup,american,135.31,231.2,911.26,10/16/2022,18:04:59,0.585,0.254
keto,Keto Doritos Safe Cheat-oh ~ Dorketos ~,american,26.98,5.03,36.3,10/16/2022,18:04:59,5.364,0.139
keto,Smoked Salmon Keto Mini Quiches,nordic,95.74,15.59,108.51,10/16/2022,18:04:59,6.141,0.144
keto,Sara Louise's Keto Tuna Croquettes,japanese,197.3,27.95,142.2,10/16/2022,18:04:59,7.059,0.197
keto,Keto Spinach Mushroom Bacon Saute Recipe,american,31.06,12.9,70.07,10/16/2022,18:04:59,2.408,0.184
keto,Keto Chicken Cordon Bleu Meatballs,french,177.14,26.54,175.12,10/16/2022,18:04:59,6.674,0.152
keto,"Keto Jalapeno Poppers | Cheesy, Bacon Goodness",french,45.52,14.65,64.04,10/16/2022,18:04:59,3.107,0.229
keto,Keto Omelet with Zucchini and Chanterelle Mushrooms,french,26.34,7.23,36.07,10/16/2022,18:04:59,3.643,0.2
keto,Bacon Cheeseburger Pizza - Keto Recipe,italian,151.43,229.41,179.32,10/16/2022,18:04:59,0.66,1.279
keto,Sara Louise's Keto Cabbage Soup,central europe,320.2,85.31,765.52,10/16/2022,18:04:59,3.753,0.111
keto,Keto BBQ Salad with Shredded Chicken,american,94.91,66.22,138.39,10/16/2022,18:04:59,1.433,0.479
keto,Keto Friendly Lemon Fat Bomb recipes,french,7.26,6.2,139.42,10/16/2022,18:04:59,1.171,0.044
keto,TLC - Easy Keto Avocado Dessert recipes,american,8.91,39.98,74.67,10/16/2022,18:04:59,0.223,0.535
keto,Priya’s #Keto Baked Cauliflower recipes,american,21.55,65.36,14.96,10/16/2022,18:05:06,0.33,4.369
keto,Three Ingredient Keto Pie Crust recipes,american,25.32,49.46,112.54,10/16/2022,18:05:06,0.512,0.439
keto,Sara Louise's Keto Creamed Spinach,italian,29.48,34.96,231.05,10/16/2022,18:05:06,0.843,0.151
keto,Dairy-Free Keto Bacon Wrapped Zucchini,american,38.76,27.35,94.59,10/16/2022,18:05:06,1.417,0.289
keto,Sara Louise's Keto Beef Kebabs,middle eastern,241.19,46.91,300.87,10/16/2022,18:05:06,5.142,0.156
keto,Keto Loco Moco Burger Recipe,french,63.06,31.86,166.3,10/16/2022,18:05:06,1.979,0.192
keto,Keto Baked Spinach-Artichoke Chicken Breasts,mediterranean,431.02,61.48,279.11,10/16/2022,18:05:06,7.011,0.22
keto,Keto Chicken and Vegetables Stir Fry,chinese,68.24,19.76,38.4,10/16/2022,18:05:06,3.453,0.515
keto,Keto Crispy Sesame Beef recipes,chinese,89.63,42.47,128.53,10/16/2022,18:05:06,2.11,0.33
keto,Mexican Rice With Chorizo - Keto Recipe,mexican,67.6,35.57,136.47,10/16/2022,18:05:06,1.9,0.261
keto,Mini Cheesecakes Recipe {low carb / keto},british,37.71,19.79,163.49,10/16/2022,18:05:06,1.906,0.121
keto,Sara Louise's Keto Stuffed Mushrooms,american,105.8,109.7,81.26,10/16/2022,18:05:06,0.964,1.35
keto,Keto Chocolate Fudge Haystacks - No Bake,american,23.7,43.78,214.12,10/16/2022,18:05:06,0.541,0.204
keto,Keto Carb Free Whipped Cream recipes,french,9.76,51.84,176.13,10/16/2022,18:05:06,0.188,0.294
keto,Keto Italian Cheese Stuffed Mushrooms,italian,84.77,53.03,158.48,10/16/2022,18:05:06,1.599,0.335
keto,Keto Deviled Green Eggs and Ham,eastern europe,132.31,26.16,181.38,10/16/2022,18:05:06,5.058,0.144
keto,Sara Louise's Keto Pepper Steak,american,191.85,70.7,172.74,10/16/2022,18:05:06,2.714,0.409
keto,Keto Fat Head Dough Pizza Recipe,italian,124.29,29.7,168.16,10/16/2022,18:05:13,4.185,0.177
keto,Sara Louise's Keto Stuffed Peppers,italian,65.89,89.94,142.27,10/16/2022,18:05:13,0.733,0.632
keto,5-Minute Creamy Keto Cucumber Salad,american,2.18,13.72,22.67,10/16/2022,18:05:13,0.159,0.605
keto,Keto Chicken and Bacon Lettuce Wraps,american,124.23,8.24,177.52,10/16/2022,18:05:13,15.076,0.046
keto,"Glazed Ham | Keto, No Added Sugar",american,570.28,162.39,297.48,10/16/2022,18:05:13,3.512,0.546
keto,40 Minute Fresh Keto Chili recipes,american,172.37,55.88,201.08,10/16/2022,18:05:13,3.085,0.278
keto,Keto Chicken a la King Recipe,american,210.23,44.42,276.8,10/16/2022,18:05:13,4.733,0.16
keto,Keto Mini Chocolate Donuts recipes,american,50.79,121.09,239.93,10/16/2022,18:05:13,0.419,0.505
keto,No Churn Keto Chocolate Ice Cream,italian,43.03,160.97,245.96,10/16/2022,18:05:13,0.267,0.654
keto,Crispy Keto Fried Chicken recipes,american,115.83,20.78,209.13,10/16/2022,18:05:13,5.574,0.099
keto,LCHF Keto Coconut lemon vanilla custard,american,24.56,67.07,93.94,10/16/2022,18:05:13,0.366,0.714
keto,Keto Friendly Chocolate Fat Bombs recipes,french,7.93,7.57,139.89,10/16/2022,18:05:13,1.048,0.054
keto,Easy Keto Taco Salad Bowl for 2,mexican,47.46,31.33,100.33,10/16/2022,18:05:13,1.515,0.312
keto,Keto Open-Faced Chicken Cordon Bleu,french,188.45,29.82,194.79,10/16/2022,18:05:13,6.32,0.153
keto,Keto Beef and Broccoli Stir Fry,chinese,49.94,15.93,40.33,10/16/2022,18:05:13,3.135,0.395
keto,Mad Creations Keto Creamy Cauliflower Dauphinoise,mediterranean,52.59,41.65,251.4,10/16/2022,18:05:13,1.263,0.166
keto,Keto Fathead Pizza with Chorizo and Salsa,italian,153.39,40.88,214.66,10/16/2022,18:05:13,3.752,0.19
keto,Easy Keto Lasagna Stuffed Portobellos - Lo,italian,162.32,55.35,243.42,10/16/2022,18:05:13,2.933,0.227
keto,Keto Sweet Pecan Tuna Salad recipes,american,131.66,30.76,202.26,10/16/2022,18:05:20,4.28,0.152
keto,Egg-Free Gluten-Free Keto Wraps,american,4.17,126.79,18.82,10/16/2022,18:05:20,0.033,6.737
keto,Low-Carb Keto Salmon Curry Recipe,nordic,119.66,57.89,242.72,10/16/2022,18:05:20,2.067,0.239
keto,Spicy Seasoned Keto Zucchini Fries Recipe,south american,31.24,114.41,19.94,10/16/2022,18:05:20,0.273,5.738
keto,Keto Mozzarella and Tomato Broiled Shrimp,italian,99.78,20.24,87.74,10/16/2022,18:05:20,4.93,0.231
keto,Keto Mexican Rice with Chorizo recipes,mexican,79.12,65.39,138.15,10/16/2022,18:05:20,1.21,0.473
keto,Sara Louise's Keto Zucchini Soup,mediterranean,12.25,32.96,14.57,10/16/2022,18:05:20,0.372,2.262
keto,Healthy Keto No-Cook Bento Lunchbox,british,66.03,16.08,50.21,10/16/2022,18:05:20,4.106,0.32
keto,Keto Steak and Mushroom Soup Recipe,american,128.51,104.27,25.43,10/16/2022,18:05:20,1.232,4.1
keto,Keto Bacon Wrapped Chicken Tenders recipes,american,68.83,5.53,98.26,10/16/2022,18:05:20,12.447,0.056
keto,Lamb Meatballs with Mint Gremolata - Keto,nordic,175.9,21.94,276.35,10/16/2022,18:05:20,8.017,0.079
keto,Keto Taco Cups with Avocado Salsa,mexican,140.76,46.68,196.07,10/16/2022,18:05:20,3.015,0.238
keto,"Roasted Radishes (Paleo, Low Carb, Keto)",american,5.05,25.46,27.73,10/16/2022,18:05:20,0.198,0.918
keto,Keto Pulled Pork for the Slow Cooker,french,285.67,73.91,181.25,10/16/2022,18:05:20,3.865,0.408
keto,"Keto Cauliflower Casserole, The Perfect Sidedish",italian,110.12,44.45,220.02,10/16/2022,18:05:26,2.477,0.202
keto,Keto Green Bean Skillet Pizza recipes,italian,227.07,34.74,269.1,10/16/2022,18:05:26,6.536,0.129
keto,Low Carb Keto Coconut Cauliflower Rice,british,17.45,42.51,77.14,10/16/2022,18:05:26,0.41,0.551
keto,"Sausage, Zucchini, and Cauli Keto Risotto",italian,82.19,47.82,150.11,10/16/2022,18:05:26,1.719,0.319
keto,Keto 3 Bean Salad - Low Carb,american,24.31,39.47,49.81,10/16/2022,18:05:26,0.616,0.792
keto,Vegan Keto-Friendly Thai Yellow Curry,south east asian,72.13,329.13,173.05,10/16/2022,18:05:26,0.219,1.902
keto,Keto Chicken Thighs with Charred Lemon,italian,131.04,20.47,154.99,10/16/2022,18:05:26,6.402,0.132
keto,Keto Low Carb Beef and Broccoli,mediterranean,55.94,29.11,42.98,10/16/2022,18:05:26,1.922,0.677
keto,Coconut Flour Chocolate Keto Mug Cake,british,17.36,31.7,36.4,10/16/2022,18:05:26,0.548,0.871
keto,Sara Louise's Keto Chicken Saltimbocca,italian,250.23,41.75,93.5,10/16/2022,18:05:26,5.994,0.447
keto,Keto No Bake Orange Creamsicle Cheesecake,american,106.71,112.87,498.58,10/16/2022,18:05:26,0.945,0.226
keto,Keto Salmon in Foil Packets with Pesto,nordic,98.78,20.26,109.87,10/16/2022,18:05:26,4.876,0.184
keto,Vegan Keto Shortbread Pie Crust recipes,american,16.55,53.02,125.8,10/16/2022,18:05:26,0.312,0.421
keto,Almond Flour Fried Chicken (Keto-Friendly),american,128.8,116.32,307.62,10/16/2022,18:05:33,1.107,0.378
keto,New Recipe: Peanut Butter Keto Cups,american,46.36,88.44,296.04,10/16/2022,18:05:33,0.524,0.299
keto,Keto Raspberry No-Bake Cheesecake recipes,american,31.97,63.83,198.52,10/16/2022,18:05:33,0.501,0.322
keto,Keto Chicken Salad Stuffed Avocados recipes,mediterranean,41.52,92.24,171.62,10/16/2022,18:05:33,0.45,0.537
keto,Keto Beef and Broccoli Lo Mein,chinese,132.13,277.41,62.27,10/16/2022,18:05:33,0.476,4.455
keto,"Keto Roasted Eggplant, Lemon, and Caper Salad",mediterranean,8.39,48.51,55.71,10/16/2022,18:05:33,0.173,0.871
keto,Keto Salisbury Steak with Mushroom Gravy,british,226.77,46.16,146.65,10/16/2022,18:05:33,4.913,0.315
keto,Keto Spicy Mango Mojitos - Low Carb,world,1.81,28.3,0.81,10/16/2022,18:05:33,0.064,34.938
keto,Keto Chocolate Cake in a Mug recipes,british,12.53,14.74,36.95,10/16/2022,18:05:33,0.85,0.399
keto,Portobello Pizza Keto Stuffed Mushrooms Recipe,italian,59.73,32.92,71.87,10/16/2022,18:05:33,1.814,0.458
keto,Keto Strawberry Coconut Chia Seed Pudding,british,6.51,18.23,25.06,10/16/2022,18:05:33,0.357,0.727
keto,Keto Slow Cooker Mexican Chicken Thighs,mexican,118.81,13.06,116.16,10/16/2022,18:05:33,9.097,0.112
keto,No Eggs! Keto Mini Pizzas recipes,italian,32.18,37.9,17.21,10/16/2022,18:05:33,0.849,2.202
keto,Sara Louise's Keto Beef and Broccoli,british,112.87,62.46,50.88,10/16/2022,18:05:33,1.807,1.228
keto,Keto Pesto Shrimp Skewers - Low Carb,italian,19.66,19.02,50.1,10/16/2022,18:05:33,1.034,0.38
keto,Keto Garlic Parm Buffalo Chicken Dip,american,102.57,17.28,179.68,10/16/2022,18:05:33,5.936,0.096
keto,Keto Mushroom and Bok Choy Stir-Fry,chinese,19.48,29.85,55.78,10/16/2022,18:05:33,0.653,0.535
keto,"Loaded Cauliflower (low carb, keto) recipes",british,49.5,30.1,109.97,10/16/2022,18:05:40,1.645,0.274
keto,Savory Keto Pie Crust recipes,british,60.68,38.08,99.19,10/16/2022,18:05:40,1.593,0.384
keto,Air Fryer Keto Garlic Cheese 'Bread',american,75.96,9.1,78.4,10/16/2022,18:05:40,8.347,0.116
keto,Keto Kebab Salad with Tahini Sauce,mediterranean,110.29,85.73,194.24,10/16/2022,18:05:40,1.286,0.441
keto,Keto Mushroom Wild Rice Pilaf recipes,mediterranean,69.75,79.3,121.41,10/16/2022,18:05:40,0.88,0.653
keto,Keto Pizza – Turkey Crust Meatza recipes,italian,184.18,12.71,98.31,10/16/2022,18:05:40,14.491,0.129
keto,Keto Coconut Flour Sausage Balls recipes,american,161.85,79.83,276.87,10/16/2022,18:05:40,2.027,0.288
keto,Keto Mac and Cheese with Pulled Pork,american,163.68,38.99,177.36,10/16/2022,18:05:40,4.198,0.22
keto,Keto Pork Rind Puppy Chow recipes,american,51.9,75.76,181.53,10/16/2022,18:05:40,0.685,0.417
keto,"Southwest Turkey Meatballs (Paleo, Whole30 + Keto)",american,185.17,29.6,71.86,10/16/2022,18:05:40,6.256,0.412
keto,Air Fryer Keto Onion Rings Recipe,american,40.48,32.67,34.71,10/16/2022,18:05:40,1.239,0.941
keto,St. Louis Ribs - Keto Style! recipes,american,478.31,27.99,717.47,10/16/2022,18:05:40,17.089,0.039
keto,Keto Chicken and Cauliflower Rice Soup,american,324.98,105.18,323.29,10/16/2022,18:05:40,3.09,0.325
keto,Keto Twice Baked Cauliflower Casserole recipes,italian,93.63,61.71,187.39,10/16/2022,18:05:40,1.517,0.329
keto,Sara Louise's Keto Speed Chili,american,172.88,76.16,257.67,10/16/2022,18:05:40,2.27,0.296
keto,Ultimate Keto Burger | The Bacon Smash Burger,american,82.93,10.5,176.6,10/16/2022,18:05:40,7.898,0.059
keto,Keto Spaghetti Squash Puttanesca - Low Carb,italian,8.13,44.53,62.07,10/16/2022,18:05:40,0.183,0.717
keto,Low Carb Keto Mexican Pizza #ketolicious,italian,104.0,144.34,186.68,10/16/2022,18:05:46,0.721,0.773
keto,"Mustard Sardines Salad Recipe [Paleo, Keto]",american,32.18,3.95,14.99,10/16/2022,18:05:46,8.147,0.264
keto,Keto Cottage Cheese and Dill Popovers,american,97.91,79.24,187.06,10/16/2022,18:05:46,1.236,0.424
keto,Creamy Keto Taco Soup with Ground Beef,mexican,114.4,72.09,218.99,10/16/2022,18:05:46,1.587,0.329
keto,"Simple Roasted Radishes (Paleo, Whole30 + Keto)",american,6.61,32.74,26.67,10/16/2022,18:05:46,0.202,1.228
keto,Keto Low-Carb Roasted Garlic Gnocchi,italian,59.87,8.27,115.24,10/16/2022,18:05:46,7.239,0.072
keto,"Crustless Spinach, Mushroom, and Tomato Quiche (Keto)",french,54.28,32.5,151.42,10/16/2022,18:05:46,1.67,0.215
keto,Megan R keto lemon fat bombs,british,20.43,70.24,205.65,10/16/2022,18:05:46,0.291,0.342
keto,Crispy Keto Corned Beef & Radish Hash,south american,93.65,8.96,64.49,10/16/2022,18:05:46,10.452,0.139
keto,Keto Butter Rum Blondies - Low Carb,american,63.39,138.63,234.16,10/16/2022,18:05:46,0.457,0.592
keto,Easy Keto Korean Beef with Cauli Rice,south east asian,89.67,32.44,105.26,10/16/2022,18:05:46,2.764,0.308
keto,Keto Mushroom Spinach Stuffed Pork Loin,american,325.28,30.37,153.51,10/16/2022,18:05:46,10.711,0.198
keto,Instant Pot Keto Crack Chicken Recipe,french,315.49,8.65,311.39,10/16/2022,18:05:46,36.473,0.028
keto,Low Carb Biscuits Recipe (Keto Friendly),british,65.22,42.11,180.0,10/16/2022,18:05:46,1.549,0.234
keto,Sara Louise's Keto Cream Of ”Risotto”,italian,18.06,40.33,103.34,10/16/2022,18:05:46,0.448,0.39
keto,Keto Apple Dijon Pork Chops Recipe,british,51.28,6.13,99.19,10/16/2022,18:05:46,8.365,0.062
keto,Keto Chocolate Peanut Butter Fatbombs recipes,italian,5.91,75.3,169.73,10/16/2022,18:05:53,0.078,0.444
keto,Sara Louise's Keto Beef Stew,american,320.1,116.95,136.22,10/16/2022,18:05:53,2.737,0.859
keto,"Peach Pulled Pork (Whole30, Paleo, Keto)",american,276.4,58.43,230.98,10/16/2022,18:05:53,4.73,0.253
keto,"Raspberry Almond Chia Pudding | Keto, Vegan",british,34.91,37.2,21.84,10/16/2022,18:05:53,0.938,1.703
keto,Keto Low Carb Rosemary-garlic Croutons,american,45.96,61.58,160.76,10/16/2022,18:05:53,0.746,0.383
keto,"Chicken and Waffles | Keto, Gluten Free",mediterranean,281.57,261.91,512.6,10/16/2022,18:05:53,1.075,0.511
keto,Keto Single Serve Chocolate Lava Cake,american,12.25,54.31,30.22,10/16/2022,18:05:53,0.226,1.797
keto,Keto Pumpkin Pie Spice Latte recipes,american,6.91,16.88,83.05,10/16/2022,18:05:53,0.409,0.203
keto,Sara Louise's Keto Almond Lemon Macaroons,french,58.66,192.51,118.08,10/16/2022,18:05:53,0.305,1.63
keto,Keto Shredded Chicken - Mexican White Chilli,mexican,197.46,46.5,116.63,10/16/2022,18:05:53,4.246,0.399
keto,Keto Slow Cooker Braised Oxtails recipes,american,185.39,26.71,227.55,10/16/2022,18:05:53,6.941,0.117
keto,"Tuna Omelette - Low Carb, Keto, GF",french,54.44,10.68,46.53,10/16/2022,18:05:53,5.097,0.23
keto,Keto Mini Vanilla Cloud Cakes recipes,american,69.99,144.48,236.68,10/16/2022,18:05:53,0.484,0.61
keto,Keto Spaghetti Squash Primavera - Low Carb,italian,33.92,34.2,67.44,10/16/2022,18:05:53,0.992,0.507
keto,Keto Dutch Baby with Chocolate and Macadamia,central europe,36.97,39.12,87.22,10/16/2022,18:05:53,0.945,0.449
keto,Easy Four Cheese Pesto Zoodles - Keto,italian,139.89,240.56,195.19,10/16/2022,18:05:53,0.582,1.232
keto,One Minute Keto Chocolate Mug Cake,american,13.57,39.67,43.91,10/16/2022,18:06:00,0.342,0.903
keto,Pork & Egg Pie (Quiche) recipes,french,158.17,141.1,294.22,10/16/2022,18:06:00,1.121,0.48
keto,Keto Sushi Smoked Salmon Roll-Ups,nordic,51.57,14.8,64.0,10/16/2022,18:06:00,3.484,0.231
keto,Keto Chocolate Bacon Toffee Ice Cream,british,57.47,377.19,328.13,10/16/2022,18:06:00,0.152,1.15
keto,Keto Philly Cheese Steak Skillet Dinner,american,170.91,26.06,235.09,10/16/2022,18:06:00,6.558,0.111
keto,KETO BEEF SHIN WITH CREAMED BRUSSELS SPROU,south american,108.95,2.93,32.08,10/16/2022,18:06:00,37.184,0.091
keto,Homemade Queso Dip {keto / low carb},caribbean,113.94,18.23,217.03,10/16/2022,18:06:00,6.25,0.084
keto,Keto Sheet Pan Curried Chicken - SCKC,american,137.45,27.93,167.71,10/16/2022,18:06:00,4.921,0.167
keto,Keto Salted Chocolate Olive Oil Mousse,french,36.81,110.46,154.97,10/16/2022,18:06:00,0.333,0.713
keto,Italian Meatball Casserole {Keto/Low Carb},italian,288.53,80.47,314.77,10/16/2022,18:06:00,3.586,0.256
keto,"Keto Creamy Spinach, Mushroom, and Tomato Risotto",italian,11.46,27.52,84.72,10/16/2022,18:06:00,0.416,0.325
keto,Asian Inspired Keto Pork Chops recipes,chinese,150.08,16.64,65.35,10/16/2022,18:06:00,9.019,0.255
keto,Keto Strawberry Jello Salad - Low Carb,french,53.12,73.19,213.66,10/16/2022,18:06:00,0.726,0.343
keto,Keto Crock Pot Chocolate Cake recipes,american,67.87,92.06,253.91,10/16/2022,18:06:00,0.737,0.363
keto,90 SECOND KETO BREAD WITHOUT EGGY TASTE,american,19.7,7.74,38.36,10/16/2022,18:06:00,2.545,0.202
keto,5 Minute Keto Egg Drop Soup recipes,chinese,22.16,14.92,26.79,10/16/2022,18:06:00,1.485,0.557
keto,Keto FatHead Rolls (Almond Flour Free),south east asian,136.14,88.31,173.2,10/16/2022,18:06:07,1.542,0.51
keto,Keto Pork and Veggie Cauliflower Fried Rice,chinese,133.39,42.64,74.11,10/16/2022,18:06:07,3.128,0.575
keto,Keto Matcha Crème Brûlée recipes,french,23.96,29.75,198.68,10/16/2022,18:06:07,0.805,0.15
keto,5-Ingredient Keto and Vegan Chocolate Almond Balls,american,49.36,85.59,132.62,10/16/2022,18:06:07,0.577,0.645
keto,Easy Keto Grilled Pork Chops Marinade,french,314.0,21.42,281.38,10/16/2022,18:06:07,14.659,0.076
keto,Keto Grilled Radish Skewers with Herb Butter,mediterranean,2.02,7.45,46.27,10/16/2022,18:06:07,0.271,0.161
keto,Keto Chipotle Red Pepper Cheese Dip,south american,13.12,43.43,45.06,10/16/2022,18:06:07,0.302,0.964
keto,Moroccan Ketchup - Keto Spicy Tomato Dip,middle eastern,13.1,70.58,1.78,10/16/2022,18:06:07,0.186,39.652
keto,Tzatziki: Indian Style {Low Carb and Keto},mediterranean,29.68,29.92,10.49,10/16/2022,18:06:07,0.992,2.852
keto,Spicy Keto Deviled Eggs without Mayo,south american,53.93,28.2,92.82,10/16/2022,18:06:07,1.912,0.304
keto,Low Carb Keto Green Bean Casserole,french,47.32,67.02,110.74,10/16/2022,18:06:07,0.706,0.605
keto,Keto Instant Pot Broccoli Cheese Soup,french,106.32,105.68,180.41,10/16/2022,18:06:07,1.006,0.586
keto,Keto Brown Butter Pecan Ice Cream,american,38.35,93.45,389.26,10/16/2022,18:06:07,0.41,0.24
keto,Keto Peanut Butter and Jelly Sandwiches recipes,french,18.51,9.35,32.54,10/16/2022,18:06:07,1.98,0.287
keto,Keto Grilled Lobster Tails with Creole Butter,american,114.36,5.29,97.18,10/16/2022,18:06:13,21.618,0.054
keto,Keto Asian Chicken Meatballs (Nut Free),south east asian,172.75,18.9,82.14,10/16/2022,18:06:13,9.14,0.23
keto,Keto Chili Cheese Dog Casserole recipes,american,243.39,72.42,346.65,10/16/2022,18:06:13,3.361,0.209
keto,Keto Cheesy Beef taco skillet with Cauliflower,mexican,162.87,41.5,91.85,10/16/2022,18:06:13,3.925,0.452
keto,Sara Louise's Keto Roasted Red Peppers,italian,13.56,82.23,30.98,10/16/2022,18:06:13,0.165,2.654
keto,Keto Stuffed Artichokes in the Instant Pot,mediterranean,74.08,94.95,145.35,10/16/2022,18:06:13,0.78,0.653
keto,Shamrock Cheesecake Bars,american,53.94,167.33,224.97,10/16/2022,18:06:13,0.322,0.744
keto,Low Carb Keto Chicken Parmesan Recipe,italian,306.99,25.95,216.65,10/16/2022,18:06:13,11.83,0.12
keto,No-Carb Keto Chocolate Fudge - Ketogenic Dessert,french,12.44,36.18,143.93,10/16/2022,18:06:13,0.344,0.251
keto,"Instant Pot Meatloaf (Keto, Low Carb)",french,117.72,21.45,114.73,10/16/2022,18:06:13,5.488,0.187
keto,Mexican Mocha Chia Seed Pudding (Keto),british,35.62,90.72,63.23,10/16/2022,18:06:13,0.393,1.435
keto,Keto Key Lime Pie Fat Bombs,american,24.03,87.75,262.5,10/16/2022,18:06:13,0.274,0.334
keto,Baked Keto Chicken Wings - Sweet & Spicy,south american,241.71,22.98,252.73,10/16/2022,18:06:13,10.518,0.091
keto,Easy Keto Ham and Cheese Rolls Recipe,french,119.77,16.59,120.99,10/16/2022,18:06:20,7.219,0.137
keto,SUGAR FREE KETO ALMOND CHOCOLATE FUDGE (Ma,italian,7.55,1.49,126.42,10/16/2022,18:06:20,5.067,0.012
keto,Keto Broccoli & Cheese Soup {low carb},french,184.47,79.17,335.24,10/16/2022,18:06:20,2.33,0.236
keto,Delicious Bacon and Chive Keto Deviled Eggs,eastern europe,39.39,4.88,69.2,10/16/2022,18:06:20,8.072,0.071
keto,Keto Teriyaki Turkey Rice Bowl Recipe,japanese,100.37,52.69,64.77,10/16/2022,18:06:20,1.905,0.813
keto,Bacon Cups with Keema Beef {KETO FRIENDLY},british,151.07,19.05,293.68,10/16/2022,18:06:20,7.93,0.065
keto,Keto Lamb Shanks in the Instant Pot,middle eastern,173.98,21.25,169.66,10/16/2022,18:06:20,8.187,0.125
keto,Instant Pot Keto Mississippi Pot Roast,british,197.35,68.73,287.83,10/16/2022,18:06:20,2.871,0.239
keto,3 Ingredient Keto Peanut Butter Mug Cake,british,15.19,10.34,25.3,10/16/2022,18:06:20,1.469,0.409
keto,Sugar and dairy free keto Easter eggs,french,17.85,111.24,298.01,10/16/2022,18:06:20,0.16,0.373
keto,Keto Almond-Crusted Bacon and Tomato Quiche,french,150.09,58.33,420.32,10/16/2022,18:06:20,2.573,0.139
keto,Keto Jalapeno Popper Frittata – Low Carb,french,88.72,17.21,196.03,10/16/2022,18:06:20,5.155,0.088
keto,Buttered Brussels Sprouts recipes,american,125.95,93.59,266.94,10/16/2022,18:06:20,1.346,0.351
keto,The BEST Creamy Keto Skillet Eggs Recipe,american,70.86,7.98,100.93,10/16/2022,18:06:20,8.88,0.079
keto,Sara Louise’s Keto First Spanish Omelette,mediterranean,39.65,18.22,49.19,10/16/2022,18:06:20,2.176,0.37
keto,Easy Peanut Chicken Keto Stir Fry,chinese,156.27,56.12,210.47,10/16/2022,18:06:20,2.785,0.267
keto,Keto Mini Chicken Pot Pies recipes,american,329.1,126.32,581.0,10/16/2022,18:06:20,2.605,0.217
keto,"KETO FRIENDLY Cauilflower, bacon and pumpkin soup",american,35.14,46.36,97.42,10/16/2022,18:06:20,0.758,0.476
keto,Easy Bacon Cheeseburger Soup (Keto Friendl,italian,129.5,33.88,262.29,10/16/2022,18:06:20,3.822,0.129
keto,One-Pot Keto Jambalaya with Cauliflower Rice,american,232.61,80.3,234.1,10/16/2022,18:06:27,2.897,0.343
keto,Okra In Spiced Yogurt {Keto Low Carb},indian,53.04,55.6,60.83,10/16/2022,18:06:27,0.954,0.914
keto,Easy Keto Turkey Fried Rice Recipe,american,111.17,53.31,72.95,10/16/2022,18:06:27,2.085,0.731
keto,Keto Au Gratin Brussels Sprouts recipes,french,40.86,29.51,112.5,10/16/2022,18:06:27,1.385,0.262
keto,Low Carb Chicken and Broccoli (Keto-Friendly),british,86.82,112.26,153.23,10/16/2022,18:06:27,0.773,0.733
keto,Keto and Low Carb Hamburger Casserole Recipe,american,115.63,60.1,161.99,10/16/2022,18:06:27,1.924,0.371
keto,Sara Louise's Keto Smoked Holiday Turkey,american,1092.0,49.28,313.81,10/16/2022,18:06:27,22.159,0.157
keto,Pressure-Cooked Keto Butternut Squash Soup,american,25.81,234.3,77.69,10/16/2022,18:06:27,0.11,3.016
keto,Instant Pot Keto Smothered Pork Chops,french,128.37,11.05,161.84,10/16/2022,18:06:27,11.617,0.068
keto,Bacon Wrapped Cheese Sticks {keto/low carb},american,58.64,6.42,162.47,10/16/2022,18:06:27,9.134,0.04
keto,Keto satay chicken bowl with zoodle salad,south east asian,93.75,80.88,189.76,10/16/2022,18:06:27,1.159,0.426
keto,Keto Peppermint Coffee Flavor Shots (Fat Bombs),british,0.24,0.95,386.46,10/16/2022,18:06:27,0.253,0.002
keto,"Crispy Chicken Thighs | Keto, Paleo, Whole 30",italian,164.03,17.95,176.27,10/16/2022,18:06:27,9.138,0.102
keto,Tuna Egg Salad with Sour Cream (Keto),american,98.33,6.68,74.47,10/16/2022,18:06:27,14.72,0.09
keto,Easy Low-Carb Keto Broccoli Cheddar Soup,american,102.64,36.71,230.98,10/16/2022,18:06:27,2.796,0.159
keto,Keto Spicy Prawn Hand Rolls recipes,british,51.15,29.26,116.43,10/16/2022,18:06:27,1.748,0.251
keto,"Keto Buffalo Cauliflower Chorizo ""Mac""-N-Cheese",american,110.33,45.42,209.09,10/16/2022,18:06:34,2.429,0.217
keto,Instant Pot® Keto Chicken and Kale Stew,french,85.08,34.62,48.18,10/16/2022,18:06:34,2.458,0.719
keto,Keto Vanilla Pudding ( egg and starch free),british,24.38,19.47,96.01,10/16/2022,18:06:34,1.252,0.203
keto,Keto Jalapeño Popper Deviled Eggs recipes,mexican,37.05,3.73,63.0,10/16/2022,18:06:34,9.933,0.059
keto,Easy Instant Pot® Keto Crack Chicken,american,251.8,14.6,235.28,10/16/2022,18:06:34,17.247,0.062
keto,Sara Louise's Keto Cheesy Squash Casserole,italian,67.87,165.33,251.08,10/16/2022,18:06:34,0.411,0.658
keto,Easy Keto Lava Cake-Singe Serve,american,10.18,25.42,29.31,10/16/2022,18:06:34,0.4,0.867
keto,Tex Mex Chicken Salad,mexican,82.05,57.0,85.93,10/16/2022,18:06:34,1.439,0.663
keto,KETO Mexican Melty Chicken Queso Casserole,american,341.59,41.72,253.56,10/16/2022,18:06:34,8.188,0.165
keto,Keto Spaghetti Squash with Bacon and Blue Cheese,italian,28.81,31.47,81.97,10/16/2022,18:06:34,0.915,0.384
keto,Sara Louise's Keto Instant Chicken Soup,french,455.0,72.21,444.33,10/16/2022,18:06:34,6.301,0.163
keto,ULTIMATE KETO LOW CARB BACON CHEESE BURGER,american,23.41,10.49,70.25,10/16/2022,18:06:34,2.232,0.149
keto,Sara Louise's Keto Grilled Chicken Fantastics,american,115.87,29.67,154.88,10/16/2022,18:06:34,3.905,0.192
keto,"Air Fryer Cauliflower {Whole30, Paleo, Vegan, Keto}",american,8.73,29.85,5.77,10/16/2022,18:06:34,0.292,5.173
keto,Bacon Cabbage Chuck Roast Stew - Keto Makeover,american,338.74,43.32,399.95,10/16/2022,18:06:34,7.819,0.108
keto,Easy Keto Chicken Shawarma - Low Carb,middle eastern,197.21,22.43,169.76,10/16/2022,18:06:34,8.792,0.132
keto,Instant Pot Keto Spinach Artichoke Dip Recipe,mediterranean,124.2,51.8,296.81,10/16/2022,18:06:34,2.398,0.175
keto,Keto Diet: Cost Breakdowns of Popular Recipes,american,227.31,27.27,430.02,10/16/2022,18:06:34,8.336,0.063
keto,Crispy Keto Fried Chicken in the Air Fryer,chinese,166.09,124.39,158.29,10/16/2022,18:06:34,1.335,0.786
keto,"Spaghetti Squash Chow Mein | Keto, Paleo",italian,239.49,58.31,65.29,10/16/2022,18:06:40,4.107,0.893
keto,BEST KETO ITALIAN RAGÚ aka BOLOGNES,italian,113.22,28.98,68.25,10/16/2022,18:06:40,3.907,0.425
keto,Sara Louise's Keto Chicken Crack Slaw,american,136.49,53.8,144.39,10/16/2022,18:06:40,2.537,0.373
keto,Pull-Apart Keto Pizza Bread recipes,italian,128.97,82.16,146.26,10/16/2022,18:06:40,1.57,0.562
keto,Vegetable beef soup keto friendly recipe,french,152.27,71.6,62.25,10/16/2022,18:06:40,2.127,1.15
keto,SUGAR FREE KETO NEW YORK BAKED CHEESECAKE,american,22.21,13.73,42.8,10/16/2022,18:06:40,1.618,0.321
keto,"Chicken Drumsticks - Keto, paleo and under an hour",american,291.07,17.53,148.15,10/16/2022,18:06:40,16.604,0.118
keto,Keto sausage egg casserole recipe (no heavy cream),american,109.7,11.65,134.41,10/16/2022,18:06:40,9.416,0.087
keto,Sara Louise's Keto Baked Cauliflower Florets,mediterranean,81.75,98.68,140.13,10/16/2022,18:06:40,0.828,0.704
keto,"Tres Leches Cake | Keto, Gluten Free",south american,76.73,44.47,268.12,10/16/2022,18:06:40,1.725,0.166
keto,Keto Malaysian Curry Puffs / Karipap recipes,indian,269.32,88.03,278.36,10/16/2022,18:06:40,3.059,0.316
keto,Keto Coconut Curry Chicken Tenders recipes,south east asian,138.13,32.21,210.53,10/16/2022,18:06:40,4.288,0.153
keto,Keto Chicken Pot Pie - Low Carb,american,184.43,58.62,207.79,10/16/2022,18:06:40,3.146,0.282
keto,Keto Slow Cooker Brisket Chili Recipe,american,148.04,60.43,212.34,10/16/2022,18:06:40,2.45,0.285
keto,Keto Egg Recipe: Asiago Cheese Cloud Eggs,american,55.71,4.86,41.04,10/16/2022,18:06:40,11.463,0.118
keto,Keto Stuffed Peppers With Cauliflower Rice Recipe,mediterranean,88.5,49.93,106.59,10/16/2022,18:06:40,1.772,0.468
keto,Keto pork chops recipe for busy family,american,133.19,33.45,192.7,10/16/2022,18:06:40,3.982,0.174
keto,Sara Louise's Keto Lemon Zucchini Bread,american,35.96,137.03,60.51,10/16/2022,18:06:47,0.262,2.265
keto,Keto Tex-Mex Ground Beef Casserole,mexican,190.56,57.05,239.65,10/16/2022,18:06:47,3.34,0.238
keto,Keto Thai Chicken Flatbread Pizza recipes,south east asian,255.67,97.13,359.99,10/16/2022,18:06:47,2.632,0.27
keto,Keto No Bake Noatmeal Fudge Bars recipes,american,145.02,207.35,507.65,10/16/2022,18:06:47,0.699,0.408
keto,Keto Eggplant Burgers Recipe (Chinese Qiezi He),chinese,55.52,40.04,53.65,10/16/2022,18:06:47,1.387,0.746
keto,Low Carb & Keto-friendly Baked Onion Rings,american,55.31,46.35,45.23,10/16/2022,18:06:47,1.193,1.025
keto,Pork chops keto recipe with asparagus and mushrooms,american,111.27,39.74,87.27,10/16/2022,18:06:47,2.8,0.455
keto,"Creamy Roasted Sesame Dressing (Paleo, Whole30, Keto)",mediterranean,3.3,13.24,57.69,10/16/2022,18:06:47,0.249,0.23
keto,Keto Cheesy Shrimp Soup Recipe LCHF recipes,american,224.31,46.31,271.65,10/16/2022,18:06:47,4.844,0.17
keto,"Keto Beef Tips with Mushrooms, Onions, and Gravy",french,96.76,19.16,63.61,10/16/2022,18:06:47,5.05,0.301
keto,Sara Louise's Keto Turkey Zucchini Burgers,american,101.03,19.67,95.98,10/16/2022,18:06:47,5.136,0.205
keto,Keto No Bake Pumpkin Pie Cheesecake recipes,american,41.06,49.82,206.62,10/16/2022,18:06:47,0.824,0.241
keto,Keto Strawberry Mousse Cake - Low Carb,french,160.15,189.37,612.58,10/16/2022,18:06:47,0.846,0.309
keto,Why Salmon The Best For Keto Diet — Steemit,nordic,53.17,5.94,34.58,10/16/2022,18:06:47,8.951,0.172
keto,Sara Louise's Keto Tunisian Spicy Tuna,south american,261.41,43.76,114.79,10/16/2022,18:06:47,5.974,0.381
keto,Creamy Keto Cucumber Salad [5-Min Recipe],american,1.58,10.39,22.57,10/16/2022,18:06:47,0.152,0.46
keto,"Keto Salmon Curry Recipe [Paleo, Low-Carb]",nordic,100.2,30.96,104.15,10/16/2022,18:06:54,3.236,0.297
keto,"Carrot Cake Cheesecake | Keto, Instant Pot",american,59.9,122.72,232.24,10/16/2022,18:06:54,0.488,0.528
keto,Keto Vegan Roasted Garlic Smashed Cauliflower | Blog,american,12.97,33.4,44.15,10/16/2022,18:06:54,0.388,0.757
keto,Sara Louise's Keto Chicken Fried “Rice”,chinese,134.49,45.94,83.48,10/16/2022,18:06:54,2.928,0.55
keto,"Sausage Stuffed Portobello Mushrooms (Paleo, Whole30 + Keto)",italian,157.17,63.84,229.46,10/16/2022,18:06:54,2.462,0.278
keto,Roasted Leeks with Eggs (Paleo and Keto-Friendly),french,24.25,58.84,242.0,10/16/2022,18:06:54,0.412,0.243
keto,Keto Adobo Air Fried Chicken Thighs Recipe,mediterranean,160.26,8.18,174.45,10/16/2022,18:06:54,19.592,0.047
keto,Easy Keto Thai Skillet Chicken recipes,south east asian,118.1,70.22,178.22,10/16/2022,18:06:54,1.682,0.394
keto,Keto Sausage and Wild Cauliflower Rice Casserole,american,127.3,106.15,219.08,10/16/2022,18:06:54,1.199,0.485
keto,Keto French Fries - Low Carb Jicama Fries,american,4.9,48.95,55.11,10/16/2022,18:06:54,0.1,0.888
keto,Sara Louise's Keto Louisiana Chicken Gumbo,american,189.01,102.88,274.89,10/16/2022,18:06:54,1.837,0.374
keto,Keto Lemon-Garlic Chicken Thighs in the Air Fryer,mediterranean,128.65,11.21,155.67,10/16/2022,18:06:54,11.476,0.072
keto,Broccoli Cauliflower Soup,central europe,50.26,100.93,27.18,10/16/2022,18:06:54,0.498,3.713
keto,Instant Pot® Keto Pumpkin Soup with Sausage,american,60.47,72.4,107.03,10/16/2022,18:06:54,0.835,0.676
keto,Raw Vegan Keto Strawberry Crumble (sweetener-free),american,14.11,52.65,56.69,10/16/2022,18:06:54,0.268,0.929
keto,Sara Louise's Keto Vegetable Meat Loaf,american,253.14,86.4,94.61,10/16/2022,18:06:54,2.93,0.913
keto,Giant Stuffed 3 Cheese Meatballs | Keto recipes,american,180.13,12.63,134.44,10/16/2022,18:07:03,14.262,0.094
keto,Jalapeno And Cheddar Cauliflower Muffins - Keto Recipe,british,125.8,41.11,157.48,10/16/2022,18:07:03,3.06,0.261
keto,Dark Chocolate Espresso Paleo and Keto Mug Cake,french,16.95,58.01,70.58,10/16/2022,18:07:03,0.292,0.822
keto,"Whole30 + Paleo Frittata {Dairy-Free, GF, Keto}",italian,52.67,21.36,49.83,10/16/2022,18:07:03,2.466,0.429
keto,Brown Butter Pecan Keto Ice Cream recipes,american,10.94,16.48,169.72,10/16/2022,18:07:03,0.664,0.097
keto,Easy Keto Low Carb Taco Soup Recipe,mexican,88.18,55.1,173.29,10/16/2022,18:07:03,1.6,0.318
keto,Sara Louise's Keto Beef Zucchini Lasagna,italian,203.78,144.66,305.14,10/16/2022,18:07:03,1.409,0.474
keto,Low Carb Lemon Bar Recipe - Keto & Glu,american,52.28,59.98,273.09,10/16/2022,18:07:03,0.872,0.22
keto,Low Carb Keto Asiago Alfredo Brussels Sprouts,italian,95.67,97.25,191.06,10/16/2022,18:07:03,0.984,0.509
keto,Easy Low Carb Keto Creamed Spinach Recipe,french,18.56,23.32,118.65,10/16/2022,18:07:03,0.796,0.197
keto,Keto Teriyaki Beef on a Stick - Low Carb,japanese,101.88,5.57,27.28,10/16/2022,18:07:03,18.291,0.204
keto,Keto Egg Roll in a Bowl [Recipe] recipes,italian,96.71,72.16,111.75,10/16/2022,18:07:03,1.34,0.646
keto,Keto Coconut Flour Tortillas/ from primaledgehealth.com,mexican,15.17,7.84,36.47,10/16/2022,18:07:03,1.935,0.215
keto,Keto Carrot Cake with Cream Cheese Frosting,american,76.43,155.74,250.22,10/16/2022,18:07:03,0.491,0.622
keto,Keto Gluten-Free Almond Carrot Cake recipes,british,49.48,46.71,202.89,10/16/2022,18:07:03,1.059,0.23
keto,Keto Salmon and Creamy Turmeric Veggies recipes,nordic,156.7,68.03,160.89,10/16/2022,18:07:03,2.303,0.423
keto,[DRESSING INGREDIENTS MISSING] Keto Mediterranean Broccoli Salad,mediterranean,27.66,71.18,25.82,10/16/2022,18:07:03,0.389,2.757
keto,"Chinese Chicken and Broccoli | Keto, Low Calorie",chinese,232.64,63.01,46.03,10/16/2022,18:07:03,3.692,1.369
keto,Instant Pot Bacon Cheddar Egg Bites (KETO),french,93.03,10.26,162.68,10/16/2022,18:07:10,9.067,0.063
keto,Sara Louise's Keto Fat Bomb Lettuce Wraps,french,29.45,22.69,158.24,10/16/2022,18:07:10,1.298,0.143
keto,"Chinese Bamboo Salad Recipe [Paleo, AIP, Keto]",chinese,3.94,7.38,14.61,10/16/2022,18:07:10,0.534,0.505
keto,"Mini Bacon Wrapped Meatloaf (Paleo, Whole30, Keto)",american,108.19,19.83,220.57,10/16/2022,18:07:10,5.456,0.09
keto,Loaded Keto Potato Dip (Low Carb Friendly),british,12.8,10.69,82.27,10/16/2022,18:07:10,1.197,0.13
keto,Cajun Butter Steak Bites,american,134.33,16.43,171.92,10/16/2022,18:07:10,8.176,0.096
keto,The Best Keto Beef Stew Crockpot Recipe,south american,229.55,90.35,76.82,10/16/2022,18:07:10,2.541,1.176
keto,Keto Chicken Broccoli Casserole with Cream Cheese,american,202.77,62.82,227.46,10/16/2022,18:07:10,3.228,0.276
keto,Cabbage Soup Recipe [Keto & Low Carb] recipes,middle eastern,176.06,97.47,184.35,10/16/2022,18:07:10,1.806,0.529
keto,"Whole30 Ground Beef Taco Meat (Keto, Paleo)",mexican,89.43,47.16,106.19,10/16/2022,18:07:10,1.896,0.444
keto,"Leftover Turkey Stir-fry (Paleo, Whole30 + Keto)",american,131.1,36.31,31.61,10/16/2022,18:07:10,3.611,1.149
keto,Keto Waffles Stuffed with Cream Cheese [Recipe] recipes,american,28.41,3.95,81.41,10/16/2022,18:07:10,7.192,0.049
keto,Keto Pumpkin Cheesecake with Almond Pecan Crust,american,114.22,141.2,294.77,10/16/2022,18:07:10,0.809,0.479
keto,"Mayo Free Deviled Eggs (Paleo, Whole30 + Keto)",italian,766.99,41.29,287.59,10/16/2022,18:07:10,18.576,0.144
keto,Keto Chocolate Peanut Butter Mug Cake recipes,american,13.48,34.39,44.04,10/16/2022,18:07:10,0.392,0.781
keto,Pressure Cooker Keto Creamy Shrimp Scampi recipes,chinese,156.32,179.87,64.86,10/16/2022,18:07:10,0.869,2.773
keto,"Crispy Turnip Fries {Whole30, Paleo, Vegan, Keto}",american,2.93,26.02,29.02,10/16/2022,18:07:10,0.113,0.897
keto,"Creamy Asparagus Mash Recipe [Paleo, Keto, AIP]",mediterranean,5.21,12.02,13.93,10/16/2022,18:07:10,0.433,0.863
keto,Low Carb Sugar Free Keto Blueberry Muffins,american,92.13,110.8,264.5,10/16/2022,18:07:16,0.831,0.419
keto,Keto Broccoli Cottage cheese balls (Low carb),american,57.88,40.87,72.68,10/16/2022,18:07:16,1.416,0.562
keto,Keto Fried Chicken {Asiago & Parmesan Breading} recipes,american,295.13,8.26,159.48,10/16/2022,18:07:16,35.73,0.052
keto,Keto Air Fryer Salmon Cakes with Sriracha Mayo,nordic,106.95,10.4,128.73,10/16/2022,18:07:16,10.284,0.081
keto,Vegan Keto Spaghetti Squash (Happy Thanksgiving!) recipes,american,4.32,40.55,30.4,10/16/2022,18:07:16,0.107,1.334
keto,"Paleo Chicken Noodle Soup Recipe [AIP, Keto]",asian,57.43,33.95,53.48,10/16/2022,18:07:16,1.692,0.635
keto,Southern Green Beans {Keto Friendly/Low Carb},american,19.77,76.72,45.05,10/16/2022,18:07:16,0.258,1.703
keto,"Keto Short Rib Ragu - Instant Pot, SCKC",french,219.27,47.01,566.84,10/16/2022,18:07:16,4.664,0.083
keto,"Low-Carb, Keto Cheeseburger Stuffed Peppers Recipe",american,106.98,76.95,106.47,10/16/2022,18:07:16,1.39,0.723
keto,"Flourless Pumpkin Mug Cake (Keto, Low Carb)",american,13.43,30.38,29.87,10/16/2022,18:07:16,0.442,1.017
keto,Keto Instant Pot® Soup (Low Carb),american,116.4,108.63,148.25,10/16/2022,18:07:16,1.072,0.733
keto,Low/Carb - Keto Friendly Cauliflower Crust Pizza,italian,219.29,29.05,302.26,10/16/2022,18:07:16,7.549,0.096
keto,Simple Keto BBQ Pulled Chicken recipes,american,439.53,51.04,372.3,10/16/2022,18:07:16,8.611,0.137
keto,"Lemon Garlic Baked Shrimp Recipe [Paleo, Keto]",mediterranean,99.82,31.72,29.53,10/16/2022,18:07:16,3.147,1.074
keto,One-Pan Keto Chicken Breast with Vegetable Ragout,american,137.9,46.56,80.18,10/16/2022,18:07:16,2.962,0.581
keto,"Easy Low-Carb, Keto Spinach Dip Recipe",american,84.62,30.05,163.5,10/16/2022,18:07:23,2.816,0.184
keto,Easy Creamy Garlic Parmesan Keto Pork Chops,american,188.74,22.87,217.86,10/16/2022,18:07:23,8.253,0.105
keto,Mad Creations Keto Greek Garlic Lemon Marinade,mediterranean,2.66,19.09,109.09,10/16/2022,18:07:23,0.139,0.175
keto,"Low-Carb Almond Coconut Sandies (Keto, Gluten-Free)",american,33.79,44.65,183.53,10/16/2022,18:07:23,0.757,0.243
keto,Keto Chilli Chicken | Andhra Style Chicken Recipe,french,297.22,50.45,301.39,10/16/2022,18:07:23,5.891,0.167
keto,"Raspberry Arugula Salad Recipe [Paleo, Keto, AIP]",mediterranean,5.06,21.21,19.52,10/16/2022,18:07:23,0.239,1.087
keto,Aunt Rocky’s Crustless Quiche Lorraine (LCHF/Keto),french,71.79,35.12,138.53,10/16/2022,18:07:23,2.044,0.254
keto,Dairy-Free Keto and Vegan Chocolate Fat Bombs,american,34.63,48.42,184.27,10/16/2022,18:07:23,0.715,0.263
keto,Sara Louise's Keto Lemon Basil Roasted Chicken,mediterranean,348.25,20.35,322.36,10/16/2022,18:07:23,17.113,0.063
keto,"Homemade Ketchup Recipe | Sugar Free, Keto, and Paleo",american,8.27,42.17,1.08,10/16/2022,18:07:23,0.196,39.046
keto,Keto Turkey Meatballs with Sour Cream-Horseradish Dip,american,139.58,32.11,136.32,10/16/2022,18:07:23,4.347,0.236
keto,Sara Louise's Keto Lime Cilantro Grilled Chicken,mediterranean,113.65,12.88,221.16,10/16/2022,18:07:23,8.824,0.058
keto,White Chocolate Nut-Free Keto and Vegan Fat Bombs,american,0.0,0.45,218.0,10/16/2022,18:07:23,0.0,0.002
keto,Keto Diet Recipe - Bacon Wrapped Asparagus with Eggs,american,40.95,12.42,74.19,10/16/2022,18:07:23,3.297,0.167
keto,Low-Carb Keto Chicken “Noodle” Soup recipes,asian,171.31,285.58,77.14,10/16/2022,18:07:30,0.6,3.702
keto,"Chicken Alfredo Spaghetti Squash Low-Carb, Keto",italian,96.92,47.95,231.94,10/16/2022,18:07:30,2.021,0.207
keto,"Sesame Ginger Fish Cakes (Paleo, Whole30 + Keto)",south east asian,99.21,50.6,44.65,10/16/2022,18:07:30,1.961,1.133
keto,Sara Louise's Keto Overnight Marinated Rosemary Chicken,american,142.56,10.1,171.38,10/16/2022,18:07:30,14.115,0.059
keto,"Paleo Kimchi Beef Stir-Fry (Whole30, Keto)",american,66.68,45.64,31.42,10/16/2022,18:07:30,1.461,1.453
keto,Keto Pumpkin Spice Haystack Cookies - Low Carb,american,21.43,49.02,245.96,10/16/2022,18:07:30,0.437,0.199
keto,Easiest Keto Meatza You’ll Ever Make! recipes,american,149.54,21.9,110.64,10/16/2022,18:07:30,6.828,0.198
keto,Green Buttered Eggs - Keto and Low Carb recipes,american,23.48,6.11,53.51,10/16/2022,18:07:30,3.843,0.114
keto,Easy Keto Shrimp Scampi - Low Carb & G,chinese,127.05,39.09,61.23,10/16/2022,18:07:30,3.25,0.638
keto,"Keto Shrimp Fried Rice [Grain-free, Paleo]",chinese,55.56,22.35,61.89,10/16/2022,18:07:30,2.486,0.361
keto,Instant Pot® Keto Crustless Spinach and Gouda Quiche,french,65.94,23.16,110.41,10/16/2022,18:07:30,2.847,0.21
keto,Keto Faux Sous Vide Egg Bites recipes,french,143.67,18.13,200.66,10/16/2022,18:07:30,7.924,0.09
keto,"Crockpot Chicken Enchilada Bowls (Paleo, Whole30 + Keto)",south american,139.86,76.81,135.28,10/16/2022,18:07:30,1.821,0.568
keto,Keto Pecan-Crusted Pork Chops in the Air Fryer,american,184.97,22.69,183.99,10/16/2022,18:07:30,8.152,0.123
keto,"Caesar Turkey Burger Bowls (Paleo, Whole30 + Keto)",american,169.12,30.04,230.99,10/16/2022,18:07:30,5.63,0.13
keto,Aunt Rocky’s Keto Pumpkin Spice Latte (Sugar-Free),world,1.13,41.1,11.31,10/16/2022,18:07:37,0.027,3.634
keto,Quick and Easy Keto Sweet and Sour Sesame Chicken,chinese,77.35,14.08,103.7,10/16/2022,18:07:37,5.494,0.136
keto,Slow Cooker Keto Chicken Tikka Masala recipes,indian,204.39,59.2,354.32,10/16/2022,18:07:37,3.453,0.167
keto,"Crispy Cauliflower Salad | Paleo, Keto, Low-carb",french,35.07,72.95,78.1,10/16/2022,18:07:37,0.481,0.934
keto,"Bacon Sausage and Zucchini Casserole (Paleo, Whole30 + Keto)",italian,153.22,37.26,235.3,10/16/2022,18:07:37,4.112,0.158
keto,Air Fried Asparagus with Garlic and Parmesan | Keto Friendly,american,3.75,1.26,6.93,10/16/2022,18:07:37,2.976,0.182
keto,Keto Instant Pot Red Wine Pork Stew,french,109.86,35.36,164.8,10/16/2022,18:07:37,3.107,0.215
keto,"5-Min Prosciutto Avocado Fat Bomb Recipe [Paleo, Keto]",italian,50.36,24.7,43.33,10/16/2022,18:07:37,2.039,0.57
keto,"Turkey Meatballs (Low-carb, Keto, Gluten-free)",american,231.23,17.2,298.63,10/16/2022,18:07:37,13.444,0.058
keto,Priya’s #Keto Chocolate and Peanut Butter Fingers recipes,american,28.94,131.03,133.98,10/16/2022,18:07:37,0.221,0.978
keto,Priya's Yummy Keto Yogurt Soup - Vegetarian Recipe,american,5.66,13.22,17.28,10/16/2022,18:07:37,0.428,0.765
keto,Keto Lo Mein - Low Carb & Gluten Free,chinese,74.91,92.07,55.57,10/16/2022,18:07:37,0.814,1.657
keto,"Low Carb Salmon Cakes (Keto, Grain Free)",nordic,656.95,13.25,501.19,10/16/2022,18:07:37,49.581,0.026
keto,Easy Keto Broccoli Slaw Recipe (Low Carb a,american,11.34,29.01,75.19,10/16/2022,18:07:37,0.391,0.386
keto,Sara louise's Keto Sweet Chicken And Jalapeno Slices,american,285.5,115.26,126.23,10/16/2022,18:07:37,2.477,0.913
keto,"Easy Keto Tuna Salad - Low Carb, Paleo, Wh",american,122.72,1.61,39.47,10/16/2022,18:07:37,76.224,0.041
keto,Keto Pork Chops al Pastor - Low Carb,italian,108.02,12.96,151.9,10/16/2022,18:07:44,8.335,0.085
keto,Keto Grain-free Bacon and Shrimp Risotto recipes,italian,34.81,20.43,18.95,10/16/2022,18:07:44,1.704,1.078
keto,"Roasted Radish Hash (AIP, Paleo, Keto, Low-FODMAP)",american,4.02,19.88,20.85,10/16/2022,18:07:44,0.202,0.953
keto,"Moo Goo Gai Pan | Keto, Gluten Free",chinese,242.32,149.7,68.24,10/16/2022,18:07:44,1.619,2.194
keto,Keto Low-Carb Creamy Garlic Shrimp Alfredo,italian,114.37,32.89,177.04,10/16/2022,18:07:44,3.477,0.186
keto,Crock-Pot Beef Stew {Keto/Low Carb},american,159.54,77.39,69.35,10/16/2022,18:07:44,2.062,1.116
keto,Keto Nutty Chocolate Cups - Delicious Low Carb Snack,american,62.39,153.83,158.72,10/16/2022,18:07:44,0.406,0.969
keto,"Gluten Free, Keto Friendly, Low Carb, Pie crust",british,43.48,102.28,134.1,10/16/2022,18:07:44,0.425,0.763
keto,"Fish and Leek Saute Recipe [Paleo, AIP, Keto]",mediterranean,49.88,13.97,18.07,10/16/2022,18:07:44,3.571,0.773
keto,"Greek Chicken Burgers (Paleo, Whole30, Keto, AIP)",mediterranean,95.51,45.45,74.93,10/16/2022,18:07:44,2.101,0.607
keto,KETO LOW CARB GREEN THAI CHICKEN CURRY,south east asian,211.52,246.0,397.35,10/16/2022,18:07:44,0.86,0.619
keto,"Paleo Egg Frittata Muffins Recipe [Keto, Dairy-Free]",american,48.87,17.02,57.69,10/16/2022,18:07:44,2.871,0.295
keto,Low Carb and Keto Chicken Alfredo Pasta Re,italian,141.3,117.92,276.21,10/16/2022,18:07:44,1.198,0.427
keto,Sara Louise's Keto Korean Beef Zo Mein,italian,220.23,57.19,115.84,10/16/2022,18:07:50,3.851,0.494
keto,Keto Smoky Chicken and Vegetable Sheet Pan Dinner,british,211.65,96.02,237.49,10/16/2022,18:07:50,2.204,0.404
keto,Instant pot or Foodi Keto Steak Rolls and Asparagus,french,194.45,33.01,170.3,10/16/2022,18:07:50,5.891,0.194
keto,"Crispy Air Fryer Pork Chops | Keto, Gluten Free",nordic,167.82,12.79,85.36,10/16/2022,18:07:50,13.121,0.15
keto,"Paleo Passion Fruit Side Salad Recipe [Keto, AIP]",italian,2.05,7.75,11.34,10/16/2022,18:07:50,0.265,0.683
keto,Keto Low Carb Baked Crack Chicken Cups Recipe,american,313.07,12.35,114.87,10/16/2022,18:07:50,25.35,0.108
keto,"Strawberry Matcha Chia Pudding Recipe [Paleo, Keto, Vegan]",british,6.4,13.74,40.33,10/16/2022,18:07:50,0.466,0.341
keto,"Turkey and Summer Vegetable Soup (Paleo, Whole30 + Keto)",american,242.35,156.35,111.04,10/16/2022,18:07:50,1.55,1.408
keto,Keto low carb vanilla and Chocolate Fudgesicle #ketolicious,american,16.18,35.57,187.88,10/16/2022,18:07:50,0.455,0.189
keto,Sausage Cheese Balls – Low Carb / Keto Friendly Recipe,american,108.39,291.76,97.26,10/16/2022,18:07:50,0.372,3.0
keto,Sara Louise's Keto Thai Coconut Curry Soup,south east asian,31.54,151.04,285.54,10/16/2022,18:07:50,0.209,0.529
keto,"Keto Cauliflower Hash Browns (Grain Free, Low Carb)",french,45.28,19.44,29.66,10/16/2022,18:07:50,2.329,0.655
keto,Keto Lime Pork Chops {Crock Pot Meals} recipes,american,342.17,18.79,96.14,10/16/2022,18:07:50,18.21,0.195
keto,Air Fryer Keto Low Carb Fried Chicken Recipe,american,235.37,21.22,126.31,10/16/2022,18:07:50,11.092,0.168
keto,The Best Keto Low Carb Vegetable Soup Recipe,american,77.09,187.62,56.07,10/16/2022,18:07:50,0.411,3.346
keto,Keto Fathead Pizza and Pigs in a Blanket (GAPS too!),italian,125.05,28.72,160.02,10/16/2022,18:07:57,4.354,0.179
keto,"Raw Italian Cauliflower Salad Recipe [Paleo, Keto, AIP]",italian,4.57,13.59,29.47,10/16/2022,18:07:57,0.336,0.461
keto,"Gluten Free, Keto Friendly, Low Carb, Pound Cake",french,120.27,368.37,341.92,10/16/2022,18:07:57,0.326,1.077
keto,"keto broccoli salad - Low Carb, Gluten-Free, Ketogenic",american,57.87,29.67,284.12,10/16/2022,18:07:57,1.95,0.104
keto,"Air Fryer Keto Fried Chicken | Paleo, Gluten Free",american,286.43,23.91,262.67,10/16/2022,18:07:57,11.98,0.091
keto,"Keto Cauliflower Pizza Crust | Thin, Crispy, Dairy Free",italian,33.04,54.69,37.79,10/16/2022,18:07:57,0.604,1.447
keto,Keto Mongolian Beef | Instant Pot or Slow Cooker,asian,209.09,30.18,107.41,10/16/2022,18:07:57,6.928,0.281
keto,Keto BBQ Chicken Pizza (Dairy Free Crust) recipes,italian,118.21,93.01,118.82,10/16/2022,18:07:57,1.271,0.783
keto,Shan's Wilted Spinach Salad (Keto/Low carb friendly),american,13.16,17.92,12.79,10/16/2022,18:07:57,0.734,1.401
keto,Keto Eggs Benedict Casserole with Easy Hollandaise Sauce,french,216.64,76.64,396.84,10/16/2022,18:07:57,2.827,0.193
keto,Keto Collard Greens with Burst Cherry Tomatoes [Recipe] recipes,south american,25.79,30.46,36.65,10/16/2022,18:07:57,0.847,0.831
keto,"Keto Beef Barley Soup - Instant Pot, Whole 30",american,345.68,67.33,154.08,10/16/2022,18:07:57,5.134,0.437
keto,Cheese spinach stuffed chicken breast (keto / low carb),british,216.17,7.21,76.41,10/16/2022,18:07:57,29.982,0.094
keto,Herb-loaded keto pork meatballs with zucchini noodles,asian,309.63,1047.29,161.25,10/16/2022,18:07:57,0.296,6.495
keto,keto Low Carb Hot Tuscan Chicken casserole #ketolicious,italian,111.85,23.42,244.27,10/16/2022,18:08:04,4.776,0.096
keto,"Easy Keto Basil Pesto Recipe [Dairy-Free, No Cheese]",italian,9.5,11.52,12.53,10/16/2022,18:08:04,0.825,0.919
keto,Keto Chicken Breast Pot Pie with Cauliflower Crust,british,104.27,73.24,126.48,10/16/2022,18:08:04,1.424,0.579
keto,Aunt Rocky’s Strawberry Crème Fraîche Instant Keto Dessert,french,0.94,10.41,11.08,10/16/2022,18:08:04,0.09,0.94
keto,"Cauliflower Tabouli (Tabbouleh) Salad Recipe [Paleo, Keto, AIP]",middle eastern,3.13,12.46,14.1,10/16/2022,18:08:04,0.251,0.884
keto,Oven-Baked Keto Chicken Thighs with Creamed Spinach and Mushrooms,american,363.53,90.5,491.97,10/16/2022,18:08:04,4.017,0.184
keto,Paleo Beef with Broccoli (Whole30/Keto friendly) recipes,italian,105.64,79.35,132.76,10/16/2022,18:08:04,1.331,0.598
keto,Sara Louise's Keto Creamy Lemon Fillet Of Fish,american,196.46,33.36,214.78,10/16/2022,18:08:04,5.889,0.155
keto,"Keto Chicken Sausage Salad with Bacon, Cheese, and Avocado",american,48.16,47.76,150.23,10/16/2022,18:08:04,1.008,0.318
keto,Keto Cheddar Biscuits with Coconut Flour and Sesame Flour,american,277.07,53.8,262.18,10/16/2022,18:08:04,5.15,0.205
keto,"Crunchy Salad Toppers (Whole30, Paleo, GF, Keto, Vegan)",american,34.27,20.99,72.53,10/16/2022,18:08:04,1.633,0.289
keto,Ketogenic Til Laddoo or Sesame Sweet | Indian Keto Dessert,indian,21.12,31.11,100.74,10/16/2022,18:08:04,0.679,0.309
keto,"Low Carb Onion Rings - Gluten-Free, Keto recipes",american,115.23,51.5,183.16,10/16/2022,18:08:04,2.237,0.281
keto,"Keto Chicken Cabbage Casserole (Low Carb, Primal, GAPS)",middle eastern,194.51,44.51,159.21,10/16/2022,18:08:04,4.37,0.28
keto,Thai Chicken Wings - Peak Gai Yang - Keto - LCHF,south east asian,11.64,26.01,19.29,10/16/2022,18:08:04,0.448,1.348
keto,"Avocado Cucumber Ginger Salad Recipe [Paleo, Keto, AIP]",american,3.69,19.07,24.77,10/16/2022,18:08:04,0.193,0.77
keto,Keto Lemon Chicken with Asparagus | Easy Low Carb Recipe,british,143.31,31.76,152.31,10/16/2022,18:08:10,4.512,0.209
keto,"Low-Carb, Keto Tarts With Berries And Mascarpone Cream",american,69.25,93.92,271.34,10/16/2022,18:08:10,0.737,0.346
keto,Keto Beef Rags – Low Carb & Diabetic Friendly recipes,british,262.54,21.82,293.64,10/16/2022,18:08:10,12.032,0.074
keto,"Parmesan Chicken Nuggets Recipe – Low Carb, Keto Diet recipes",american,120.19,5.53,119.48,10/16/2022,18:08:10,21.734,0.046
keto,Keto Roasted Raan | Delicious Low-Carb Lamb Recipe,british,266.77,74.77,375.73,10/16/2022,18:08:10,3.568,0.199
keto,Sara Louise's Keto Smoked Salmon and Feta Cheese Quiche,nordic,140.39,13.64,119.4,10/16/2022,18:08:10,10.293,0.114
keto,"Marinated Mushrooms Recipe – {Vegan, Keto, Paleo, Gluten-Free}",american,25.12,77.07,436.57,10/16/2022,18:08:10,0.326,0.177
keto,Keto Protein Desserts: Made With your Favourite Protien Powder,american,28.08,9.29,18.37,10/16/2022,18:08:10,3.023,0.506
keto,"Garlic Oregano Olive Tapenade Recipe [Paleo, AIP, Keto]",mediterranean,50.64,21.61,63.52,10/16/2022,18:08:10,2.343,0.34
keto,"Mushroom, Spinach and Bacon Egg Muffins (Paleo, Whole30 + Keto)",american,106.32,58.7,215.74,10/16/2022,18:08:10,1.811,0.272
keto,Keto Instant Pot or Slow Cooker Chili Queso Dip,american,42.21,8.19,84.89,10/16/2022,18:08:10,5.154,0.096
keto,"Keto Lemon Cake With Blueberries {Low-Carb, Gluten-Free}",american,59.87,46.37,100.58,10/16/2022,18:08:10,1.291,0.461
keto,Keto Low Carb Pot Roast Slow Cooker Recipe,american,398.82,45.74,127.03,10/16/2022,18:08:10,8.719,0.36
keto,"Slow Cooker Zuppa Toscana (low carb, keto friendly)",italian,151.15,101.29,398.5,10/16/2022,18:08:10,1.492,0.254
keto,"Low Carb Hamburger Soup Recipe (Whole30, Keto, Paleo)",american,173.6,73.82,208.8,10/16/2022,18:08:10,2.352,0.354
keto,Keto Low Carb Pizza Casserole Recipe (Easy) - 5 Ingredients,italian,147.72,89.22,188.27,10/16/2022,18:08:10,1.656,0.474
keto,"No Churn Mint Chip Ice Cream | Keto, Sugar Free",american,12.69,171.37,212.24,10/16/2022,18:08:10,0.074,0.807
keto,"Orange and Five-Spice Roasted Chicken Legs | Keto, Paleo",mediterranean,677.22,41.71,686.9,10/16/2022,18:08:10,16.236,0.061
keto,"Cream Cheese Spinach Stuffed Chicken (Low-carb, Keto)",american,112.64,15.78,98.81,10/16/2022,18:08:17,7.138,0.16
keto,"Easy Crockpot Chicken Stew (Low Carb, Keto) recipes",american,149.85,46.0,182.67,10/16/2022,18:08:17,3.258,0.252
keto,"Chocolate Coconut Coffee Creamer {Paleo, Dairy-Free, Keto, Vegan}",american,2.21,14.72,28.6,10/16/2022,18:08:17,0.15,0.515
keto,Broccoli Cheddar Soup (Keto-3.7 net carbs per serving),american,116.23,192.1,347.33,10/16/2022,18:08:17,0.605,0.553
keto,"Super Sloppy Joe Stuffed Peppers (keto, low carb)",american,130.71,44.36,163.82,10/16/2022,18:08:17,2.947,0.271
keto,Easy Keto Low Carb Meatballs Recipe - Italian Style,italian,104.51,28.37,114.97,10/16/2022,18:08:17,3.684,0.247
keto,"Taco Salad - Low Carb, Keto, Gluten-Free recipes",mexican,57.77,33.73,80.7,10/16/2022,18:08:17,1.713,0.418
keto,Low Carb Keto Sausage Balls Recipe With Cream Cheese,american,197.31,65.09,391.43,10/16/2022,18:08:17,3.031,0.166
keto,"Chicken Skillet with Bacon Brussels Sprouts (Paleo, Whole30 + Keto)",italian,284.3,60.25,99.57,10/16/2022,18:08:17,4.719,0.605
keto,Easy Keto Shrimp Scampi - Low Carb & Gluten Free,south east asian,127.05,39.09,61.23,10/16/2022,18:08:17,3.25,0.638
keto,Chicken Parmigiana (Keto/Gluten-free/Low-carb) recipes,italian,248.2,64.35,171.14,10/16/2022,18:08:17,3.857,0.376
keto,The Best Low Carb Keto Psyllium-Flax Bread recipes,american,107.72,187.02,171.45,10/16/2022,18:08:17,0.576,1.091
keto,Chicken Pot Pie Soup | Keto | Low carb recipe,american,59.87,20.07,102.26,10/16/2022,18:08:17,2.983,0.196
keto,"Mini Zucchini Avocado Burgers Recipe [Paleo, Keto, AIP]",american,44.44,15.24,93.04,10/16/2022,18:08:17,2.916,0.164
keto,"Coconut Oil Baked Spaghetti Squash Recipe [Paleo, AIP, Keto]",italian,2.59,27.92,16.12,10/16/2022,18:08:17,0.093,1.732
keto,"Paleo Caesar Dressing Recipe (2 Methods) [Keto, Dairy-Free]",american,12.28,5.99,227.86,10/16/2022,18:08:17,2.05,0.026
keto,Low carb and Keto Chocolate Candy Kisses (Baci) recipes,american,16.84,37.21,139.49,10/16/2022,18:08:17,0.453,0.267
keto,Low Carb Keto Soy Wrapped Spicy Salmon Sushi Roll,nordic,88.9,8.65,91.63,10/16/2022,18:08:24,10.277,0.094
keto,"Keto Chicken Cauliflower Casserole Recipe [Dairy-Free, Paleo]",italian,114.07,102.01,147.95,10/16/2022,18:08:24,1.118,0.689
keto,Instant Pot Broccoli Cheese Soup--HUGE Batch KETO,american,186.92,148.87,801.84,10/16/2022,18:08:24,1.256,0.186
keto,"Low Carb Mexican Pizza - Keto, Gluten Free recipes",italian,138.46,38.44,208.23,10/16/2022,18:08:24,3.602,0.185
keto,"Baked Tuna Melt Jalapeño Poppers (Keto, Gluten-Free)",mexican,294.53,187.42,280.9,10/16/2022,18:08:24,1.571,0.667
keto,Keto Pizza Cauliflower Casserole (low carb and gluten free),italian,270.18,78.05,406.22,10/16/2022,18:08:24,3.462,0.192
keto,Sara Louise's Keto Hungarian Chicken Paprikash (Instant Pot),central europe,243.48,67.79,230.33,10/16/2022,18:08:24,3.592,0.294
keto,"Paleo Passion Fruit Coconut Yogurt Parfait Recipe [AIP, Keto]",french,1.69,507.23,3.13,10/16/2022,18:08:24,0.003,162.054
keto,Wednesday Keto Diet Plan | Veg and Non-Vegetarian Recipes,american,187.76,47.75,276.05,10/16/2022,18:08:24,3.932,0.173
keto,"Almond Butter Freezer Fudge (Keto, Vegan, Gluten-free, Paleo)",american,55.06,75.09,200.22,10/16/2022,18:08:24,0.733,0.375
keto,Keto Rocket Fuel Cafe Mocha with Chia Seeds recipes,american,4.5,9.77,27.72,10/16/2022,18:08:24,0.461,0.352
keto,Priya's Keto Avocado Garlic Chutney - Step by Step Recipe,indian,7.46,32.94,32.35,10/16/2022,18:08:31,0.226,1.018
keto,Broccoli Kale Pizza Crust Recipe | Crispy Keto Pizza Crust,italian,47.53,71.41,39.84,10/16/2022,18:08:31,0.666,1.792
keto,"BLTA Stuffed Tomatoes - Low Carb, Paleo, Keto, GF recipes",italian,26.2,35.95,110.12,10/16/2022,18:08:31,0.729,0.326
keto,Sara Louise's Keto Herbed Mustard Cod With Cauliflower Rice,mediterranean,126.08,15.35,51.93,10/16/2022,18:08:31,8.214,0.296
keto,4-Ingredient THM Chocolate Coconut Candy (easy keto fat bombs!),french,4.22,13.09,220.95,10/16/2022,18:08:31,0.322,0.059
keto,Instant Pot® Keto Thai Chicken Soup (Tom Kha Gai),south east asian,175.18,57.38,209.5,10/16/2022,18:08:31,3.053,0.274
keto,"Chocolate Keto Brownies (Low Carb, Sugar-free, Grain-Free)",french,34.4,32.72,123.11,10/16/2022,18:08:31,1.051,0.266
keto,"Dry Rubbed Ribs - Low Carb, Keto, Gluten-Free recipes",american,210.22,23.49,180.76,10/16/2022,18:08:31,8.949,0.13
keto,Coconut Curry Chicken: A Keto Low Carb Curry Recipe,indian,109.96,48.36,141.36,10/16/2022,18:08:31,2.274,0.342
keto,"Keto Chicken Jalapeno Poppers Recipe [Dairy-Free, Low Carb, Paleo]",american,58.62,4.96,85.31,10/16/2022,18:08:31,11.819,0.058
keto,"Pumpkin Spice Vegan Keto Doughnuts (paleo, nut free) recipes",american,8.88,36.52,37.88,10/16/2022,18:08:31,0.243,0.964
keto,Sheet Pan Keto Chicken Sausage with Roasted Brussels Sprouts and Tomatoes,mediterranean,27.5,27.64,76.82,10/16/2022,18:08:31,0.995,0.36
keto,Ultimate Keto Fathead Cauliflower Pizza Crust in the Known Universe,italian,53.33,34.03,79.24,10/16/2022,18:08:31,1.567,0.429
keto,"Creamy Avocado Zoodles with Bacon {Keto, Low Carb, Paleo} — Steemit",american,22.38,35.8,75.69,10/16/2022,18:08:31,0.625,0.473
keto,"Creamy Paleo Cauliflower Mash Recipe [Dairy-Free, Keto, AIP]",american,6.39,15.09,38.84,10/16/2022,18:08:31,0.423,0.389
keto,"Dijon Chicken Drummies - Low Carb, Gluten-Free, Keto recipes",french,42.48,41.15,69.99,10/16/2022,18:08:31,1.032,0.588
keto,Making Low Carb Keto Ice Cream For The First Time recipes,american,14.34,22.86,120.23,10/16/2022,18:08:31,0.627,0.19
keto,Meat Lover's Scramble Keto Egg Bake (Low Carb Friendly),american,136.56,16.11,216.83,10/16/2022,18:08:38,8.477,0.074
keto,"Gluten Free, Keto Friendly, Low Carb, Buffalo Chicken Casserole",american,130.95,51.54,216.56,10/16/2022,18:08:38,2.541,0.238
keto,"Keto Cauliflower Fried Rice Recipe, Low Calorie, Low Carb",chinese,32.67,58.26,39.18,10/16/2022,18:08:38,0.561,1.487
keto,Creamy Blue Cheese Dressing – Low Carb Keto Nom! recipes,american,14.56,5.83,64.8,10/16/2022,18:08:38,2.497,0.09
keto,Sara Louise's Keto Four Cheese Zucchini And Cauliflower Gratin,french,194.27,92.43,382.12,10/16/2022,18:08:38,2.102,0.242
keto,"Keto Samoa Bars {THM:S, Low Carb, Ketogenic, Sugar-Free}",american,11.3,63.57,163.0,10/16/2022,18:08:38,0.178,0.39
keto,Easy Low Carb Egg Salad and Day One Back on Keto,american,32.7,3.07,46.98,10/16/2022,18:08:38,10.651,0.065
keto,Easy Fresh Salsa – Low Carb Keto | Sugar Free recipes,mexican,8.54,45.23,29.4,10/16/2022,18:08:38,0.189,1.538
keto,"No-Cook Refreshing Mint Avocado Chilled Soup [Paleo, Keto, AIP]",american,8.96,25.55,78.44,10/16/2022,18:08:38,0.351,0.326
keto,Zesty keto chicken broth with broccoli rice and leafy greens,american,138.71,89.43,122.45,10/16/2022,18:08:38,1.551,0.73
keto,Instant Pot® Keto Chicken Thighs in Lemon-Garlic Cream Sauce,american,137.9,29.16,225.61,10/16/2022,18:08:38,4.729,0.129
keto,Easy Keto Broccoli Slaw Recipe (Low Carb and Gluten Free),american,11.34,29.01,75.19,10/16/2022,18:08:38,0.391,0.386
keto,Keto Broccoli Cheddar Muffins (Gluten-free/Low Carb) recipes,italian,107.72,67.4,185.7,10/16/2022,18:08:38,1.598,0.363
keto,"Keto Strip Steak Lettuce Wraps (Low Carb, Grain Free)",american,180.65,51.49,165.55,10/16/2022,18:08:44,3.508,0.311
keto,"Best Keto & Paleo Tortillas, Taco Shells & Nachos recipes",mexican,57.32,98.71,161.51,10/16/2022,18:08:44,0.581,0.611
keto,"Oven Roasted Garlic Parmesan Cabbage Steaks (Keto, GAPS, Low-Carb)",american,17.59,21.55,44.56,10/16/2022,18:08:44,0.816,0.484
keto,Interested in the keto diet? Try this noodle bowl | CBC News,asian,37.81,86.64,22.39,10/16/2022,18:08:44,0.436,3.87
keto,"Broccoli & Chicken Stir Fry Recipe – Low Carb, Keto & Paleo recipes",chinese,104.47,48.84,99.09,10/16/2022,18:08:44,2.139,0.493
keto,Fat Bomb Chive Cream Cheese Dip | Keto Fat Bomb Recipe,american,15.82,13.9,133.7,10/16/2022,18:08:44,1.138,0.104
keto,"Fresh Chive and Bacon Fat Roasted Black Radishes (AIP/Paleo, Keto)",french,3.48,15.94,51.88,10/16/2022,18:08:44,0.218,0.307
keto,"AIP Lime Pickled Radishes [Paleo, Keto] – An Easy Side Dish Recipe",american,0.4,4.35,0.09,10/16/2022,18:08:44,0.092,48.333
keto,"Low Carb Crispy Walnut Shrimp - Gluten-Free, Keto, LCHF recipes",american,100.18,10.03,103.53,10/16/2022,18:08:44,9.988,0.097
keto,Bombay Sloppy Joe on Low-Carb Buns recipes,american,109.33,71.68,135.26,10/16/2022,18:08:44,1.525,0.53
keto,"Crispy Fried Onions {Gluten-Free Fried Onions} - Whole30, Paleo, Keto",french,29.05,107.97,99.77,10/16/2022,18:08:44,0.269,1.082
keto,Low-Carb Chocolate Hazelnut Spread aka Keto Nutella recipes,american,67.45,177.68,352.47,10/16/2022,18:08:44,0.38,0.504
keto,Have A Very Keto Christmas With These 4-Ingredient Chocolate Orange Fat Bombs,italian,6.29,16.14,204.76,10/16/2022,18:08:44,0.39,0.079
keto,"Easy Baked Jicama Fries | Low-Carb, Keto, GF + Vegan",american,5.83,53.49,69.01,10/16/2022,18:08:44,0.109,0.775
keto,Keto Dinner rolls - egg and dairy free! (none of that fathead here),american,61.44,25.9,50.74,10/16/2022,18:08:51,2.372,0.51
keto,"Strawberry Oregano Turkey Burgers (Whole30, Paleo, Keto, Nut Free) recipes",american,198.47,49.07,120.95,10/16/2022,18:08:51,4.045,0.406
keto,"Low Carb Chicken and Cheese Quesadillas {Gluten-free, Keto-friendly} recipes",mexican,105.69,24.26,73.94,10/16/2022,18:08:51,4.357,0.328
keto,Pork Curry over Cauliflower Rice | Low Carb | Keto | Gluten Free,south east asian,105.75,38.83,45.28,10/16/2022,18:08:51,2.723,0.858
keto,"Low Carb Chocolate Peanut Butter Cups {Gluten Free, Keto-Friendly} recipes",american,25.59,44.3,268.92,10/16/2022,18:08:51,0.578,0.165
keto,"Aunt Rocky’s Chorizo and Spaghetti Squash Casserole (Low Carb, Keto)",italian,126.73,77.95,197.8,10/16/2022,18:08:51,1.626,0.394
keto,Keto Chicken Pad Thai - Low Carb Stir Fried Noodles Recipe,south east asian,161.6,409.17,151.65,10/16/2022,18:08:51,0.395,2.698
keto,"Easy Tomato Feta Soup Recipe - Low Calorie, Low Carb, Keto",mediterranean,28.7,68.45,82.08,10/16/2022,18:08:51,0.419,0.834
keto,4 Ingredient Mushroom Soup Recipe – Dairy Free + Low Carb + Keto Diet recipes,american,16.16,21.95,93.82,10/16/2022,18:08:51,0.736,0.234
keto,"Baked Low Carb Zucchini Fries (Paleo, AIP, Keto, Dairy Free)",french,25.33,57.48,97.11,10/16/2022,18:08:51,0.441,0.592
keto,"Keto Asian Meatballs Recipe with Dipping Sauce [Paleo, Dairy-Free]",italian,93.72,34.87,119.12,10/16/2022,18:08:51,2.688,0.293
keto,"Low Carb Vegan Ranch Dressing (dairy free, soy-free, keto) recipes",american,37.85,41.23,80.91,10/16/2022,18:08:51,0.918,0.51
keto,Keto Lamb Shanks Recipe Pressure Cooker [or Slow] - Falls Off The Bone,middle eastern,221.08,32.92,208.59,10/16/2022,18:08:51,6.716,0.158
keto,"Aunt Rocky’s Keto Hot Cocoa Mix (Sugar Free, Dairy Free, Low Carb)",american,37.91,165.84,34.48,10/16/2022,18:08:58,0.229,4.81
keto,"The Best Keto Pizza - Gluten-Free, Low Carb and Protein-Packed! recipes",italian,139.68,44.42,177.88,10/16/2022,18:08:58,3.145,0.25
keto,"Vietnamese Pho-Inspired Tomato Beef Soup (Paleo, Whole30, Keto) recipes",south east asian,100.9,39.23,73.2,10/16/2022,18:08:58,2.572,0.536
keto,"Low Carb Beef and Cheddar Cauliflower Bake, THM S meal, Keto too",british,710.81,112.56,1154.61,10/16/2022,18:08:58,6.315,0.097
keto,"Vegan Keto Buffalo Jackfruit Dip (soy-free, dairy-free, coconut-free)",american,26.97,171.28,102.15,10/16/2022,18:08:58,0.157,1.677
keto,Easy keto and Low Carb Chicken Broccoli Casserole (Paleo and Gluten Free),italian,137.72,43.49,113.95,10/16/2022,18:08:58,3.167,0.382
keto,Creamy Chicken Alfredo Zoodles with Mushrooms – Low Carb Keto Ease! recipes,french,42.13,22.91,59.02,10/16/2022,18:08:58,1.839,0.388
keto,Keto-Friendly Watergate Salad (aka Pistachio Cheesecake Mousse with Pineapple and Cherries),american,17.99,47.38,120.16,10/16/2022,18:08:58,0.38,0.394
keto,"No Bake Pumpkin Keto Cheesecake Bars (Low Carb, Sugar Free, Gluten Free)",american,35.57,37.07,168.33,10/16/2022,18:08:58,0.96,0.22
keto,Large Family Keto Instant Pot Beef Stew (Low Carb/THM S),french,268.97,68.02,57.98,10/16/2022,18:08:58,3.954,1.173
keto,Sara Louise's Keto Salmon Burgers With Homemade Thai Sweet Chilli Sauce,south east asian,237.19,43.08,207.35,10/16/2022,18:08:58,5.506,0.208
keto,Pumpkin in Browned Butter – aka Refried Pumpkin | Keto Allergy KISS Day 2 recipes,american,10.58,24.24,40.3,10/16/2022,18:08:58,0.436,0.601
keto,"Low Carb Blueberry Cheesecake Ice Cream (Keto, Sugar Free, Gluten Free)",american,20.32,21.36,115.31,10/16/2022,18:08:58,0.951,0.185
keto,"Kung Pao Cauliflower Chicken - Low Carb, Keto, Paleo and Gluten-Free! recipes",eastern europe,264.42,103.62,53.3,10/16/2022,18:08:58,2.552,1.944
keto,"Wedge Salad with Homemade Blue Cheese Dressing - Low Carb, Keto, GF recipes",american,79.65,51.24,369.24,10/16/2022,18:08:58,1.554,0.139
keto,"Low Carb Taco Soup for the Instant Pot or Slow Cooker, Keto, THM too",french,581.42,102.78,677.8,10/16/2022,18:08:58,5.657,0.152
keto,Never Fail Hollandaise – Low Carb Keto | Gluten Free | Egg Fast Magic recipes,french,7.63,4.35,114.38,10/16/2022,18:08:58,1.754,0.038
keto,"Peanut Butter Chocolate Chip Mason Jar Ice Cream (Keto, L/C, S/F)",american,13.33,58.46,111.04,10/16/2022,18:09:05,0.228,0.526
keto,This super-greens keto omelette with prawn and avocado is your new weeknight saviour,japanese,77.64,90.8,154.27,10/16/2022,18:09:05,0.855,0.589
keto,"Healthy Homemade Keto Ice Cream in a Jar | Low Carb, Trim Healthy Mama S, too",american,18.98,51.67,194.03,10/16/2022,18:09:05,0.367,0.266
keto,"Paleo Chocolate Mousse Cake (dairy Free, Raw Dessert, Keto, Paleo, Gluten Free) recipes",american,48.81,278.15,264.65,10/16/2022,18:09:05,0.175,1.051
keto,Dinners don't get easier than this maple-glazed keto salmon and greens recipe,american,111.38,79.04,86.58,10/16/2022,18:09:05,1.409,0.913
keto,"Pork rind tortillas: A keto-friendly recipe that replicates our go-to shells for tacos, fajitas and more",mexican,56.65,1.08,61.73,10/16/2022,18:09:05,52.454,0.017
keto,"No-Beans Hummus from The Keto Diet (reprinted with permission, ©Leanne Vogel, Victory, 2017) recipes",mediterranean,23.05,49.3,119.18,10/16/2022,18:09:05,0.468,0.414
keto,Egg Fast Recipe – Tex Mex White Egg Pizza a Low Carb Keto Pizza Bonanza! recipes,italian,25.66,8.52,60.58,10/16/2022,18:09:05,3.012,0.141
keto,"Thai Coconut Red Curry Chicken Thighs with Bok Choy - Paleo, Gluten-Free, Keto, Low Carb recipes",south east asian,280.52,59.34,454.58,10/16/2022,18:09:05,4.727,0.131
keto,Fried cabbage and sausage,middle eastern,29.91,60.68,98.6,10/16/2022,18:09:05,0.493,0.615
keto,"Low Carb ""Breading""",american,57.11,6.27,40.34,10/16/2022,18:09:05,9.108,0.155
keto,Banana chia pudding,british,8.59,22.53,55.6,10/16/2022,18:09:05,0.381,0.405
keto,Aunt Rocky’s Spam Scramble,american,64.52,11.65,77.07,10/16/2022,18:09:05,5.538,0.151
keto,Orange cream jello cups,mediterranean,6.45,23.85,44.03,10/16/2022,18:09:05,0.27,0.542
keto,Aunt Rocky’s Garlic Butter Shrimp with Asparagus,french,50.72,12.14,70.62,10/16/2022,18:09:05,4.178,0.172
keto,Egg and mozzarella pizza crust (1/2 pie),italian,137.39,14.28,147.09,10/16/2022,18:09:05,9.621,0.097
keto,Aunt Rocky’s Chicken & Avocado Wraps Filling,american,12.29,6.47,38.41,10/16/2022,18:09:05,1.9,0.168
keto,Orange Dream,british,16.27,90.19,133.44,10/16/2022,18:09:12,0.18,0.676
keto,Adam's Vanilla Chia Pudding,british,19.78,51.14,76.19,10/16/2022,18:09:12,0.387,0.671
keto,"Aunt Rocky’s Quick Protein Eggnog (Sugar Free, Low Carb)",world,7.09,40.72,16.1,10/16/2022,18:09:12,0.174,2.529
keto,Sausage and Cheese Balls,american,217.14,13.59,335.53,10/16/2022,18:09:12,15.978,0.041
keto,Macadamia Crusted Mahi Mahi,mediterranean,80.72,9.01,59.89,10/16/2022,18:09:12,8.959,0.15
keto,Fully loaded pan fried radishes,british,25.59,8.78,25.2,10/16/2022,18:09:12,2.915,0.348
keto,Fathead pizza crust,italian,83.43,479.9,34.44,10/16/2022,18:09:12,0.174,13.934
keto,Tuscan Pork Tenderloin,italian,375.92,8.09,64.63,10/16/2022,18:09:12,46.467,0.125
keto,Aunt Rocky’s Almond Butter Fat Bomb,american,26.23,64.01,110.21,10/16/2022,18:09:12,0.41,0.581
keto,"Aunt Rocky’s Sausage & Cheddar Biscuit Snacks (Gluten-Free, Low Carb)",american,142.12,37.8,245.26,10/16/2022,18:09:12,3.76,0.154
keto,Aunt Rocky’s Spaghetti Squash Carbonara,italian,107.46,42.39,203.11,10/16/2022,18:09:12,2.535,0.209
keto,Chocolate mug cake,british,9.72,12.63,19.06,10/16/2022,18:09:12,0.77,0.663
keto,Chicken appetizer,british,167.65,124.1,306.51,10/16/2022,18:09:12,1.351,0.405
keto,Beef Crust for Pizza,italian,75.92,4.27,121.14,10/16/2022,18:09:12,17.78,0.035
keto,Strawberry chocolate chip cheesecake,american,22.66,70.33,197.06,10/16/2022,18:09:18,0.322,0.357
keto,Spinach feta fritatta,mediterranean,21.91,3.42,33.67,10/16/2022,18:09:18,6.406,0.102
keto,Bacon Wrapped Meatloaf,american,232.88,6.28,215.88,10/16/2022,18:09:18,37.083,0.029
keto,Chocolate Almond Coconut Fat Bombs,french,24.61,45.84,351.68,10/16/2022,18:09:18,0.537,0.13
keto,Stuffed Pork Chops,american,188.32,5.75,133.89,10/16/2022,18:09:18,32.751,0.043
keto,Mascarpone Mousse,american,18.61,20.85,166.17,10/16/2022,18:09:18,0.893,0.125
keto,Mushroom Base,french,19.67,32.14,132.2,10/16/2022,18:09:18,0.612,0.243
keto,Aunt Rocky’s Colored Sprinkles (Sugar Free),american,0.0,12.0,0.0,10/16/2022,18:09:18,0.0,
keto,Ham and egg salad,american,70.04,10.85,128.41,10/16/2022,18:09:18,6.455,0.084
keto,Succulent Sous Vide Chicken Thighs,american,255.23,4.89,275.25,10/16/2022,18:09:18,52.194,0.018
keto,Cream of Mushrooms,american,10.45,20.25,75.25,10/16/2022,18:09:18,0.516,0.269
keto,Macadamia Fat Bread,french,53.77,79.92,266.07,10/16/2022,18:09:18,0.673,0.3
keto,"Beef, cream cheese & shredded cheese",american,169.13,7.26,239.23,10/16/2022,18:09:18,23.296,0.03
keto,No Carb (No Cauliflower) Pizza Crust,italian,225.2,10.55,94.58,10/16/2022,18:09:18,21.346,0.112
keto,Indian Coconut Curry Salmon,nordic,62.59,39.71,65.81,10/16/2022,18:09:18,1.576,0.603
keto,Eggnog,french,11.78,30.36,140.04,10/16/2022,18:09:18,0.388,0.217
keto,Strawberry chocolate chip cheesecake,american,22.66,70.33,197.06,10/16/2022,18:09:25,0.322,0.357
keto,Spinach feta fritatta,mediterranean,21.91,3.42,33.67,10/16/2022,18:09:25,6.406,0.102
keto,Bacon Wrapped Meatloaf,american,232.88,6.28,215.88,10/16/2022,18:09:25,37.083,0.029
keto,Chocolate Almond Coconut Fat Bombs,french,24.61,45.84,351.68,10/16/2022,18:09:25,0.537,0.13
keto,Stuffed Pork Chops,american,188.32,5.75,133.89,10/16/2022,18:09:25,32.751,0.043
keto,Mascarpone Mousse,american,18.61,20.85,166.17,10/16/2022,18:09:25,0.893,0.125
keto,Mushroom Base,french,19.67,32.14,132.2,10/16/2022,18:09:25,0.612,0.243
keto,Aunt Rocky’s Colored Sprinkles (Sugar Free),american,0.0,12.0,0.0,10/16/2022,18:09:25,0.0,
keto,Ham and egg salad,american,70.04,10.85,128.41,10/16/2022,18:09:25,6.455,0.084
keto,Succulent Sous Vide Chicken Thighs,american,255.23,4.89,275.25,10/16/2022,18:09:25,52.194,0.018
keto,Cream of Mushrooms,american,10.45,20.25,75.25,10/16/2022,18:09:25,0.516,0.269
keto,Macadamia Fat Bread,french,53.77,79.92,266.07,10/16/2022,18:09:25,0.673,0.3
keto,"Beef, cream cheese & shredded cheese",american,169.13,7.26,239.23,10/16/2022,18:09:25,23.296,0.03
keto,No Carb (No Cauliflower) Pizza Crust,italian,225.2,10.55,94.58,10/16/2022,18:09:25,21.346,0.112
keto,Indian Coconut Curry Salmon,nordic,62.59,39.71,65.81,10/16/2022,18:09:25,1.576,0.603
keto,Eggnog,french,11.78,30.36,140.04,10/16/2022,18:09:25,0.388,0.217
mediterranean,Mediterranean Cucumber Tonic,mediterranean,0.25,12.01,0.33,10/16/2022,16:43:14,0.021,36.394
mediterranean,Loup de Mer (Mediterranean Seabass),mediterranean,306.14,43.1,26.55,10/16/2022,16:43:14,7.103,1.623
mediterranean,"Mediterranean Baked Trout with Olives, Fennel & Tomatoes recipes",mediterranean,187.14,42.31,87.94,10/16/2022,16:43:14,4.423,0.481
mediterranean,Mediterranean Salmon Risotto recipes,nordic,395.5,287.1,291.04,10/16/2022,16:43:14,1.378,0.986
mediterranean,Mediterranean Pita Melts,mediterranean,46.57,139.71,37.7,10/16/2022,16:43:14,0.333,3.706
mediterranean,Mediterranean Salmon Stuffed Shells,nordic,333.01,414.66,230.05,10/16/2022,16:43:14,0.803,1.802
mediterranean,Easy Stuffed Peppers,italian,76.64,429.13,58.98,10/16/2022,16:43:14,0.179,7.276
mediterranean,Mediterranean Spiced Cucumber Medallions,mediterranean,29.67,23.24,28.44,10/16/2022,16:43:14,1.277,0.817
mediterranean,Marinated Mediterranean Olives,mediterranean,4.76,34.08,50.12,10/16/2022,16:43:14,0.14,0.68
mediterranean,Loup De Mer (Mediterranean Seabass),mediterranean,306.68,45.78,26.54,10/16/2022,16:43:14,6.699,1.725
mediterranean,Mediterranean Chicken,mediterranean,281.25,78.76,167.28,10/16/2022,16:43:14,3.571,0.471
mediterranean,Grilled Tofu with a Mediterranean Chopped Salad,asian,33.62,16.2,30.37,10/16/2022,16:43:14,2.075,0.533
mediterranean,Mediterranean Rub,mediterranean,1.09,4.56,0.18,10/16/2022,16:43:14,0.239,25.333
mediterranean,Mediterranean Chicken Lettuce Wrap Tacos recipes,mediterranean,96.62,37.84,74.64,10/16/2022,16:43:14,2.553,0.507
mediterranean,Mediterranean Lasagna,italian,218.34,271.22,268.81,10/16/2022,16:43:14,0.805,1.009
mediterranean,Mediterranean Olive Hummus,mediterranean,25.97,78.69,57.46,10/16/2022,16:43:14,0.33,1.369
mediterranean,Mediterranean Chicken,mediterranean,99.66,116.78,118.14,10/16/2022,16:43:14,0.853,0.988
mediterranean,Flatbread Pizza With Prosciutto & Gorgonzola,italian,216.49,528.48,215.02,10/16/2022,16:43:14,0.41,2.458
mediterranean,Mediterranean Mix,mediterranean,8.11,9.59,14.64,10/16/2022,16:43:14,0.846,0.655
mediterranean,Mediterranean Wrap,mediterranean,135.85,31.94,40.02,10/16/2022,16:43:14,4.253,0.798
mediterranean,Mediterranean Marinade,mediterranean,1.5,12.79,68.75,10/16/2022,16:43:20,0.117,0.186
mediterranean,Mediterranean Wrap,mediterranean,14.19,36.47,40.3,10/16/2022,16:43:20,0.389,0.905
mediterranean,Mediterranean Spatchcock Chicken,mediterranean,159.58,10.45,168.86,10/16/2022,16:43:20,15.271,0.062
mediterranean,"Crab, Scallion And Tomato Quiche",french,108.21,136.89,138.56,10/16/2022,16:43:20,0.79,0.988
mediterranean,Mediterranean Chicken,mediterranean,156.48,26.53,88.33,10/16/2022,16:43:20,5.898,0.3
mediterranean,Mediterranean Appetizer Board,mediterranean,88.77,305.3,112.14,10/16/2022,16:43:20,0.291,2.722
mediterranean,Mediterranean Chicken,mediterranean,327.56,57.06,146.5,10/16/2022,16:43:20,5.741,0.389
mediterranean,Homemade Labneh,mexican,25.18,12.46,59.23,10/16/2022,16:43:20,2.021,0.21
mediterranean,Mediterranean Slices,mediterranean,64.35,201.3,192.7,10/16/2022,16:43:20,0.32,1.045
mediterranean,Tapenade,mediterranean,8.08,22.69,56.26,10/16/2022,16:43:20,0.356,0.403
mediterranean,Mediterranean Marinade,mediterranean,1.5,12.79,68.75,10/16/2022,16:43:20,0.117,0.186
mediterranean,Mediterranean Tuna,mediterranean,69.04,28.09,42.29,10/16/2022,16:43:20,2.458,0.664
mediterranean,Mediterranean Couscous,mediterranean,47.95,284.92,8.88,10/16/2022,16:43:20,0.168,32.086
mediterranean,Mediterranean Pasta,mediterranean,77.45,363.81,112.54,10/16/2022,16:43:20,0.213,3.233
mediterranean,Mediterranean Pizza,italian,62.07,192.5,41.81,10/16/2022,16:43:20,0.322,4.604
mediterranean,Mediterranean Pizza,italian,64.24,213.66,49.41,10/16/2022,16:43:20,0.301,4.324
mediterranean,Mediterranean Herb Rub,mediterranean,1.69,5.68,14.25,10/16/2022,16:43:20,0.298,0.399
mediterranean,Herby Mediterranean Fish with Wilted Greens & Mushrooms,mediterranean,68.27,41.25,50.83,10/16/2022,16:43:20,1.655,0.812
mediterranean,Mediterranean Guacamole,mediterranean,10.34,47.1,66.56,10/16/2022,16:43:20,0.22,0.708
mediterranean,Mediterranean Crostini,mediterranean,44.88,166.3,100.32,10/16/2022,16:43:20,0.27,1.658
mediterranean,Mediterranean scones,mediterranean,68.48,300.62,96.8,10/16/2022,16:43:27,0.228,3.106
mediterranean,Mediterranean Guacamole,mediterranean,18.05,80.87,119.28,10/16/2022,16:43:27,0.223,0.678
mediterranean,Mediterranean Brisket,mediterranean,206.85,29.03,258.03,10/16/2022,16:43:27,7.125,0.113
mediterranean,Mediterranean Succotash,american,55.63,217.06,33.77,10/16/2022,16:43:27,0.256,6.428
mediterranean,Mediterranean Pizza,italian,74.32,394.77,69.24,10/16/2022,16:43:27,0.188,5.701
mediterranean,Mediterranean Tuna Melt,mediterranean,140.01,68.39,108.71,10/16/2022,16:43:27,2.047,0.629
mediterranean,Mediterranean Chicken,mediterranean,345.61,150.24,392.03,10/16/2022,16:43:27,2.3,0.383
mediterranean,Mediterranean Chicken,mediterranean,119.31,240.48,89.59,10/16/2022,16:43:27,0.496,2.684
mediterranean,Mediterranean Ratatouille,french,28.88,150.49,59.84,10/16/2022,16:43:27,0.192,2.515
mediterranean,Mediterranean Bruschetta,mediterranean,90.59,253.26,127.67,10/16/2022,16:43:27,0.358,1.984
mediterranean,Chicken Souvlaki Kebabs with Mediterranean Couscous,mediterranean,132.49,123.37,61.32,10/16/2022,16:43:27,1.074,2.012
mediterranean,Mediterranean Chicken,mediterranean,197.86,48.16,84.59,10/16/2022,16:43:27,4.108,0.569
mediterranean,Easy Mediterranean Spice,mediterranean,0.74,3.93,0.16,10/16/2022,16:43:27,0.188,24.562
mediterranean,Mediterranean Cod,mediterranean,88.36,39.99,25.91,10/16/2022,16:43:27,2.21,1.543
mediterranean,Mediterranean Potato Salad,mediterranean,35.22,172.83,72.64,10/16/2022,16:43:27,0.204,2.379
mediterranean,Mediterranean Bruschetta,mediterranean,100.86,254.0,124.95,10/16/2022,16:43:27,0.397,2.033
mediterranean,Mediterranean Risotto,italian,83.82,325.59,120.42,10/16/2022,16:43:27,0.257,2.704
mediterranean,Mediterranean Marinade,mediterranean,4.06,22.62,163.26,10/16/2022,16:43:27,0.179,0.139
mediterranean,Middle Eastern Salad Bowls with Farro & Chicken,italian,131.92,106.72,28.87,10/16/2022,16:43:27,1.236,3.697
mediterranean,Mediterranean Flounder,mediterranean,72.24,32.18,21.62,10/16/2022,16:43:27,2.245,1.488
mediterranean,Mediterranean Toast,mediterranean,9.99,21.92,8.78,10/16/2022,16:43:34,0.456,2.497
mediterranean,Mediterranean Chicken,mediterranean,206.03,90.4,74.48,10/16/2022,16:43:34,2.279,1.214
mediterranean,Mediterranean Salad,mediterranean,86.43,430.82,121.02,10/16/2022,16:43:34,0.201,3.56
mediterranean,Mediterranean Salad,mediterranean,46.13,82.86,166.28,10/16/2022,16:43:34,0.557,0.498
mediterranean,Mediterranean Veggie Sandwiches,mediterranean,39.85,109.52,42.36,10/16/2022,16:43:34,0.364,2.585
mediterranean,Mediterranean Chicken,mediterranean,94.96,46.31,85.96,10/16/2022,16:43:34,2.051,0.539
mediterranean,Mediterranean Eggs,mediterranean,72.83,50.7,62.3,10/16/2022,16:43:34,1.436,0.814
mediterranean,Mediterranean Focaccia,italian,112.38,549.98,90.39,10/16/2022,16:43:34,0.204,6.085
mediterranean,Mediterranean Pizza,italian,274.45,491.11,321.61,10/16/2022,16:43:34,0.559,1.527
mediterranean,Mediterranean Brisket,mediterranean,256.51,70.19,312.08,10/16/2022,16:43:34,3.655,0.225
mediterranean,Mediterranean Shrimp,mediterranean,162.9,260.05,110.64,10/16/2022,16:43:34,0.626,2.35
mediterranean,Mediterranean Tabbouleh,middle eastern,27.05,120.15,46.85,10/16/2022,16:43:34,0.225,2.565
mediterranean,Orecchiette with Mixed Greens and Goat Cheese,italian,24.37,84.92,9.07,10/16/2022,16:43:34,0.287,9.363
mediterranean,Mediterranean Burgers,nordic,60.55,277.05,57.72,10/16/2022,16:43:34,0.219,4.8
mediterranean,Mediterranean Herb Mix,mediterranean,1.89,13.86,2.01,10/16/2022,16:43:34,0.136,6.896
mediterranean,Mediterranean Pork Chops,mediterranean,93.07,3.7,59.04,10/16/2022,16:43:34,25.154,0.063
mediterranean,Chopped Mediterranean Salad,mediterranean,7.71,12.57,12.37,10/16/2022,16:43:34,0.613,1.016
mediterranean,Mediterranean-Stuffed Chicken,mediterranean,251.23,12.72,54.64,10/16/2022,16:43:34,19.751,0.233
mediterranean,Mediterranean Bento Lunch,mediterranean,39.83,92.83,19.93,10/16/2022,16:43:34,0.429,4.658
mediterranean,Mediterranean Picnic Snack,mediterranean,7.17,20.8,5.87,10/16/2022,16:43:34,0.345,3.543
mediterranean,Mediterranean Omelet recipes,mediterranean,17.88,6.39,21.62,10/16/2022,16:43:41,2.798,0.296
mediterranean,Mediterranean Fish Fillets,mediterranean,45.03,18.04,8.17,10/16/2022,16:43:41,2.496,2.208
mediterranean,Mediterranean Orzo Salad,mediterranean,52.08,191.86,79.51,10/16/2022,16:43:41,0.271,2.413
mediterranean,Grilled Mediterranean Snapper,mediterranean,145.7,35.22,41.89,10/16/2022,16:43:41,4.137,0.841
mediterranean,Mediterranean Salmon Skewers,nordic,94.73,17.42,69.99,10/16/2022,16:43:41,5.438,0.249
mediterranean,Mediterranean Herb Rub,mediterranean,6.62,24.47,7.57,10/16/2022,16:43:41,0.271,3.232
mediterranean,Mediterranean Zucchini Hash,mediterranean,14.73,76.43,12.57,10/16/2022,16:43:41,0.193,6.08
mediterranean,Mediterranean Pressed Sandwich,italian,119.01,180.49,96.61,10/16/2022,16:43:41,0.659,1.868
mediterranean,Mediterranean Lentil Salad,mediterranean,81.66,138.32,99.65,10/16/2022,16:43:41,0.59,1.388
mediterranean,Mediterranean Pasta Salad,mediterranean,31.63,47.39,23.33,10/16/2022,16:43:41,0.667,2.031
mediterranean,Mediterranean Chicken recipes,mediterranean,146.34,20.28,109.94,10/16/2022,16:43:41,7.216,0.184
mediterranean,Mediterranean Creamsicle Floats,american,9.24,189.03,29.04,10/16/2022,16:43:41,0.049,6.509
mediterranean,Mediterranean Rice Noodles,asian,33.97,395.16,41.01,10/16/2022,16:43:41,0.086,9.636
mediterranean,Mediterranean Pasta Salad,mediterranean,27.21,140.11,44.56,10/16/2022,16:43:41,0.194,3.144
mediterranean,MEDITERRANEAN CORN SALAD,mediterranean,136.26,391.03,123.88,10/16/2022,16:43:41,0.348,3.157
mediterranean,Mediterranean Baked Cod,mediterranean,167.34,14.3,6.9,10/16/2022,16:43:41,11.702,2.072
mediterranean,Mediterranean Crunch Salad,mediterranean,37.09,129.25,13.45,10/16/2022,16:43:41,0.287,9.61
mediterranean,Mediterranean Quinoa Bowl,mediterranean,65.37,233.41,74.62,10/16/2022,16:43:41,0.28,3.128
mediterranean,Mediterranean prawn salad,mediterranean,32.23,36.16,56.83,10/16/2022,16:43:41,0.891,0.636
mediterranean,Mediterranean Vegetable Hash,mediterranean,14.73,76.5,1.77,10/16/2022,16:43:41,0.193,43.22
mediterranean,Speedy Mediterranean gnocchi,mediterranean,26.53,151.27,14.91,10/16/2022,16:43:47,0.175,10.146
mediterranean,Mediterranean Grain Salad,mediterranean,14.02,48.13,16.24,10/16/2022,16:43:47,0.291,2.964
mediterranean,Mediterranean Beef Pitas,mediterranean,111.97,137.91,140.62,10/16/2022,16:43:47,0.812,0.981
mediterranean,Mediterranean Cauliflower Pizza,italian,83.4,75.67,97.28,10/16/2022,16:43:47,1.102,0.778
mediterranean,Mediterranean Grain Salad,mediterranean,14.02,48.13,16.24,10/16/2022,16:43:47,0.291,2.964
mediterranean,Mediterranean sardine salad,mediterranean,51.52,5.77,40.72,10/16/2022,16:43:47,8.929,0.142
mediterranean,Mediterranean stuffed peppers,mediterranean,23.98,86.02,30.6,10/16/2022,16:43:47,0.279,2.811
mediterranean,Mediterranean Slaw Dogs,mediterranean,13.54,16.4,72.72,10/16/2022,16:43:47,0.826,0.226
mediterranean,Mediterranean Mackerel Salad,mediterranean,57.9,10.27,59.68,10/16/2022,16:43:47,5.638,0.172
mediterranean,Mediterranean Lamb Chops,mediterranean,134.07,41.94,245.28,10/16/2022,16:43:47,3.197,0.171
mediterranean,Mediterranean Tuna Salad,mediterranean,70.36,23.76,19.48,10/16/2022,16:43:47,2.961,1.22
mediterranean,Mediterranean Fish Parcels,mediterranean,69.49,52.45,11.42,10/16/2022,16:43:47,1.325,4.593
mediterranean,Mediterranean Fish Stew,mediterranean,115.25,167.93,32.56,10/16/2022,16:43:47,0.686,5.158
mediterranean,Mediterranean Shrimp Caesar,mediterranean,9.52,6.4,82.52,10/16/2022,16:43:47,1.487,0.078
mediterranean,Mediterranean potato salad,mediterranean,33.04,183.28,22.2,10/16/2022,16:43:47,0.18,8.256
mediterranean,Mediterranean Tuna Wrap,mediterranean,115.43,130.82,40.33,10/16/2022,16:43:47,0.882,3.244
mediterranean,Mediterranean Quesadillas recipes,mexican,35.9,36.23,36.47,10/16/2022,16:43:47,0.991,0.993
mediterranean,Mediterranean Tuna Sandwiches,mediterranean,45.57,66.57,20.23,10/16/2022,16:43:47,0.685,3.291
mediterranean,Mediterranean Marinated Vegetables,mediterranean,34.59,147.52,142.69,10/16/2022,16:43:47,0.234,1.034
mediterranean,Mediterranean Tuna Salad,mediterranean,164.46,115.51,125.52,10/16/2022,16:43:47,1.424,0.92
mediterranean,Mediterranean potato salad,mediterranean,9.92,75.91,17.29,10/16/2022,16:43:54,0.131,4.39
mediterranean,Mediterranean Pasta Shells,mediterranean,38.58,168.61,42.05,10/16/2022,16:43:54,0.229,4.01
mediterranean,Mediterranean Quinoa Salad,mediterranean,84.71,273.79,171.33,10/16/2022,16:43:54,0.309,1.598
mediterranean,Mediterranean Chicken Meatballs,mediterranean,131.67,60.02,68.43,10/16/2022,16:43:54,2.194,0.877
mediterranean,Mediterranean Chicken Couscous,mediterranean,171.8,202.28,75.79,10/16/2022,16:43:54,0.849,2.669
mediterranean,Mediterranean Fish Stew,mediterranean,130.32,52.35,38.71,10/16/2022,16:43:54,2.489,1.352
mediterranean,Romaine Hearts Mediterranean,mediterranean,20.78,69.35,76.67,10/16/2022,16:43:54,0.3,0.905
mediterranean,Mediterranean Chicken Stew,mediterranean,90.89,185.11,22.93,10/16/2022,16:43:54,0.491,8.073
mediterranean,Mediterranean Shrimp Wraps,mediterranean,37.18,159.12,37.76,10/16/2022,16:43:54,0.234,4.214
mediterranean,Mediterranean Lima Beans,mediterranean,25.08,106.65,31.38,10/16/2022,16:43:54,0.235,3.399
mediterranean,Mediterranean Chicken Stew,mediterranean,236.11,198.49,272.65,10/16/2022,16:43:54,1.19,0.728
mediterranean,Mediterranean Salsa Couscous,mediterranean,43.46,157.3,54.19,10/16/2022,16:43:54,0.276,2.903
mediterranean,Mediterranean Olive Bread,mediterranean,52.1,227.41,82.75,10/16/2022,16:43:54,0.229,2.748
mediterranean,Roasted Mediterranean Chicken,mediterranean,166.33,154.45,133.42,10/16/2022,16:43:54,1.077,1.158
mediterranean,Mediterranean Deviled Eggs,mediterranean,18.06,4.74,18.24,10/16/2022,16:43:54,3.81,0.26
mediterranean,Mediterranean Olive Relish,mediterranean,3.88,23.5,65.63,10/16/2022,16:43:54,0.165,0.358
mediterranean,Mediterranean Potato Topper,mediterranean,16.57,93.13,28.15,10/16/2022,16:43:54,0.178,3.308
mediterranean,Mediterranean Style Linguini,italian,92.57,283.83,44.19,10/16/2022,16:43:54,0.326,6.423
mediterranean,Mediterranean Spiced Burgers,mediterranean,103.26,124.01,106.03,10/16/2022,16:43:54,0.833,1.17
mediterranean,Warm Mediterranean Olives,mediterranean,5.16,63.53,100.92,10/16/2022,16:44:03,0.081,0.63
mediterranean,Mediterranean Chopped Salad,mediterranean,54.74,145.83,77.87,10/16/2022,16:44:03,0.375,1.873
mediterranean,Mediterranean Eggs (Shakshuka),mediterranean,46.56,120.71,99.2,10/16/2022,16:44:03,0.386,1.217
mediterranean,Mediterranean Chickpea Salad,mediterranean,74.82,139.48,108.53,10/16/2022,16:44:03,0.536,1.285
mediterranean,Mediterranean Chicken Soup,mediterranean,291.3,388.61,204.18,10/16/2022,16:44:03,0.75,1.903
mediterranean,Mediterranean Tuna Melt,mediterranean,202.42,228.61,64.46,10/16/2022,16:44:03,0.885,3.547
mediterranean,Mediterranean Chicken recipes,mediterranean,201.51,56.78,217.33,10/16/2022,16:44:03,3.549,0.261
mediterranean,Mediterranean Chopped Salad,mediterranean,4.17,19.13,31.41,10/16/2022,16:44:03,0.218,0.609
mediterranean,Mediterranean Mixed Grill,mediterranean,254.79,121.16,217.51,10/16/2022,16:44:03,2.103,0.557
mediterranean,Mediterranean Garbanzo Salad,mediterranean,19.9,103.46,8.1,10/16/2022,16:44:03,0.192,12.773
mediterranean,Eggplant Mediterranean Style,mediterranean,7.39,38.84,29.79,10/16/2022,16:44:03,0.19,1.304
mediterranean,Mediterranean Chuck Roast,mediterranean,193.16,58.12,46.71,10/16/2022,16:44:03,3.323,1.244
mediterranean,Mediterranean Marinated Shrimp,mediterranean,197.38,37.84,129.9,10/16/2022,16:44:03,5.216,0.291
mediterranean,Mediterranean Tofu Salad,asian,79.91,31.75,68.77,10/16/2022,16:44:03,2.517,0.462
mediterranean,Mediterranean Catfish Spaghetti,mediterranean,342.11,1796.28,42.97,10/16/2022,16:44:03,0.19,41.803
mediterranean,Mediterranean-Style Tuna,mediterranean,107.1,28.0,51.06,10/16/2022,16:44:03,3.825,0.548
mediterranean,Mediterranean Pepper Soup,mediterranean,108.38,99.73,120.17,10/16/2022,16:44:03,1.087,0.83
mediterranean,Mini Mediterranean Pizzas,italian,31.3,117.03,38.37,10/16/2022,16:44:03,0.267,3.05
mediterranean,Mediterranean Deviled Eggs,mediterranean,77.75,15.51,91.47,10/16/2022,16:44:03,5.013,0.17
mediterranean,Mediterranean Orzo Salad,mediterranean,57.29,204.87,200.13,10/16/2022,16:44:03,0.28,1.024
mediterranean,Chopped Mediterranean Salad,mediterranean,46.21,149.64,49.47,10/16/2022,16:44:10,0.309,3.025
mediterranean,Mediterranean Breakfast Sandwiches,mediterranean,50.25,111.92,52.68,10/16/2022,16:44:10,0.449,2.125
mediterranean,Mediterranean Beef Ragout,mediterranean,215.1,87.94,80.07,10/16/2022,16:44:10,2.446,1.098
mediterranean,Mediterranean Chicken Pizza,italian,132.19,188.73,117.34,10/16/2022,16:44:10,0.7,1.608
mediterranean,Mediterranean Hummus Trifle,mediterranean,158.51,400.73,182.47,10/16/2022,16:44:10,0.396,2.196
mediterranean,Mediterranean Tuna Wrap,mediterranean,48.73,54.13,13.12,10/16/2022,16:44:10,0.9,4.126
mediterranean,Mediterranean Bean Salad,mediterranean,51.53,121.44,71.63,10/16/2022,16:44:10,0.424,1.695
mediterranean,Mediterranean Shrimp Salad,mediterranean,122.76,142.57,38.35,10/16/2022,16:44:10,0.861,3.718
mediterranean,Mediterranean Steak Salad,mediterranean,82.5,46.84,121.42,10/16/2022,16:44:10,1.761,0.386
mediterranean,Mediterranean Tuna Panini,italian,161.8,120.49,36.58,10/16/2022,16:44:10,1.343,3.294
mediterranean,Mediterranean Chickpea Salad,mediterranean,34.42,122.29,21.7,10/16/2022,16:44:10,0.281,5.635
mediterranean,Mediterranean Salad-Wraps,mediterranean,39.99,123.57,30.42,10/16/2022,16:44:10,0.324,4.062
mediterranean,Mediterranean Salmon Spread,nordic,42.54,28.04,12.41,10/16/2022,16:44:10,1.517,2.259
mediterranean,Mediterranean Portobello Burger,mediterranean,50.92,214.43,46.68,10/16/2022,16:44:10,0.237,4.594
mediterranean,Mediterranean Deviled Eggs,mediterranean,77.75,15.51,91.47,10/16/2022,16:44:10,5.013,0.17
mediterranean,Spicy Mediterranean Vinaigrette,mediterranean,3.6,35.43,55.33,10/16/2022,16:44:10,0.102,0.64
mediterranean,Mediterranean Salad Tarts,mediterranean,62.33,231.79,162.89,10/16/2022,16:44:10,0.269,1.423
mediterranean,Mediterranean Artichoke Dip,mediterranean,199.98,127.87,391.13,10/16/2022,16:44:10,1.564,0.327
mediterranean,Mediterranean Tuna Salad,mediterranean,115.89,185.04,90.82,10/16/2022,16:44:10,0.626,2.037
mediterranean,Mediterranean Chopped Salad,mediterranean,137.13,149.69,36.17,10/16/2022,16:44:10,0.916,4.139
mediterranean,Mediterranean Beef Stew,mediterranean,98.1,168.47,129.44,10/16/2022,16:44:16,0.582,1.302
mediterranean,Mediterranean Chickpea Salad,mediterranean,75.79,228.21,155.77,10/16/2022,16:44:16,0.332,1.465
mediterranean,Mediterranean snack wrap,mediterranean,12.48,17.54,35.05,10/16/2022,16:44:16,0.712,0.5
mediterranean,Mediterranean Chickpea Burgers,mediterranean,116.19,238.09,58.18,10/16/2022,16:44:16,0.488,4.092
mediterranean,Mediterranean Fish Tacos,mediterranean,246.13,356.22,122.85,10/16/2022,16:44:16,0.691,2.9
mediterranean,Mediterranean Orzo Salad,mediterranean,115.71,449.14,160.0,10/16/2022,16:44:16,0.258,2.807
mediterranean,Mediterranean Orzo Salad,mediterranean,66.87,264.16,108.36,10/16/2022,16:44:16,0.253,2.438
mediterranean,Mediterranean Grilled Eggplant,mediterranean,34.38,112.75,162.01,10/16/2022,16:44:16,0.305,0.696
mediterranean,Mediterranean Tuna Melts,mediterranean,157.43,142.85,80.43,10/16/2022,16:44:16,1.102,1.776
mediterranean,Mediterranean Bison Sliders,american,304.97,668.16,248.16,10/16/2022,16:44:16,0.456,2.692
mediterranean,Mediterranean Pasta Salad,mediterranean,73.89,371.77,176.18,10/16/2022,16:44:16,0.199,2.11
mediterranean,Mediterranean Baked Penne,mediterranean,186.1,469.49,137.13,10/16/2022,16:44:16,0.396,3.424
mediterranean,Mediterranean Turkey Burgers,american,104.48,26.48,135.66,10/16/2022,16:44:16,3.946,0.195
mediterranean,Mediterranean Roast Turkey,american,369.58,69.97,124.59,10/16/2022,16:44:16,5.282,0.562
mediterranean,Mediterranean Vegetables recipes,mediterranean,16.19,88.02,29.36,10/16/2022,16:44:16,0.184,2.998
mediterranean,Mediterranean Tuna Wrap,mediterranean,85.78,114.06,62.98,10/16/2022,16:44:16,0.752,1.811
mediterranean,Mediterranean Orzo Pilaf,mediterranean,39.38,194.4,53.3,10/16/2022,16:44:16,0.203,3.647
mediterranean,Mediterranean-Style Frittata,italian,58.32,28.12,39.16,10/16/2022,16:44:16,2.074,0.718
mediterranean,Roasted Mediterranean Vegetables,mediterranean,26.17,162.14,73.21,10/16/2022,16:44:16,0.161,2.215
mediterranean,Mediterranean Chicken Salad,mediterranean,126.39,137.7,59.16,10/16/2022,16:44:16,0.918,2.328
mediterranean,Mediterranean fish gratins,french,276.13,118.02,84.93,10/16/2022,16:44:23,2.34,1.39
mediterranean,Mediterranean Turkey Burgers,american,148.73,79.54,113.29,10/16/2022,16:44:23,1.87,0.702
mediterranean,Mediterranean Vegetable Salad,mediterranean,28.89,120.63,97.89,10/16/2022,16:44:23,0.239,1.232
mediterranean,Mediterranean Summer Salad,mediterranean,55.89,205.66,72.34,10/16/2022,16:44:23,0.272,2.843
mediterranean,Mediterranean Cornish Hens,indian,201.99,305.31,155.22,10/16/2022,16:44:23,0.662,1.967
mediterranean,Mediterranean Lamb Salad,mediterranean,127.34,143.93,91.39,10/16/2022,16:44:23,0.885,1.575
mediterranean,Mediterranean Farro Salad,mediterranean,85.01,216.9,97.87,10/16/2022,16:44:23,0.392,2.216
mediterranean,Mediterranean mac and cheese,american,92.93,346.28,85.18,10/16/2022,16:44:23,0.268,4.065
mediterranean,Tapas Night Shrimp,mediterranean,63.46,12.11,207.31,10/16/2022,16:44:23,5.24,0.058
mediterranean,Stuffed Mediterranean Baked Potato,mediterranean,38.87,199.05,9.32,10/16/2022,16:44:23,0.195,21.357
mediterranean,Mediterranean Fish Stew,mediterranean,157.38,149.14,33.65,10/16/2022,16:44:23,1.055,4.432
mediterranean,Mediterranean Lettuce Wraps,mediterranean,83.08,245.78,128.92,10/16/2022,16:44:23,0.338,1.906
mediterranean,Mediterranean Deviled Eggs,mediterranean,63.16,15.43,92.25,10/16/2022,16:44:23,4.093,0.167
mediterranean,Mediterranean Pasta Salad,mediterranean,55.96,176.21,24.88,10/16/2022,16:44:23,0.318,7.082
mediterranean,Mediterranean Cod Packets,mediterranean,135.89,107.54,73.46,10/16/2022,16:44:23,1.264,1.464
mediterranean,Helen’s Mediterranean pie,mediterranean,118.05,472.46,69.56,10/16/2022,16:44:23,0.25,6.792
mediterranean,Mediterranean-Style Chicken,mediterranean,192.56,246.8,76.6,10/16/2022,16:44:23,0.78,3.222
mediterranean,Mediterranean Cabbage Soup,mediterranean,47.06,183.94,31.28,10/16/2022,16:44:23,0.256,5.88
mediterranean,Mediterranean Fish Stew,french,219.81,241.58,69.68,10/16/2022,16:44:30,0.91,3.467
mediterranean,Mediterranean Potato Salad,mediterranean,51.53,385.4,94.8,10/16/2022,16:44:30,0.134,4.065
mediterranean,5 Layer Mediterranean Dip,mediterranean,14.33,17.24,21.07,10/16/2022,16:44:30,0.831,0.818
mediterranean,Mediterranean Bulgar Salad,mediterranean,87.67,300.32,166.03,10/16/2022,16:44:30,0.292,1.809
mediterranean,Mediterranean Halibut Sandwiches,mediterranean,108.97,205.46,131.17,10/16/2022,16:44:30,0.53,1.566
mediterranean,Savory Beet and Brussels Sprout Tart,american,79.92,157.36,256.33,10/16/2022,16:44:30,0.508,0.614
mediterranean,Mediterranean Whole Roasted Cauliflower,mediterranean,21.09,45.43,96.95,10/16/2022,16:44:30,0.464,0.469
mediterranean,Mediterranean Madness Salad,mediterranean,68.41,261.92,74.05,10/16/2022,16:44:30,0.261,3.537
mediterranean,Mediterranean Vegetable Salad,mediterranean,46.25,214.54,100.01,10/16/2022,16:44:30,0.216,2.145
mediterranean,Mediterranean Mac and Cheese,american,114.32,399.02,98.32,10/16/2022,16:44:30,0.287,4.058
mediterranean,Mediterranean vegetables with lamb,mediterranean,66.63,61.59,29.73,10/16/2022,16:44:30,1.082,2.072
mediterranean,Mediterranean Spinach Strata,american,193.5,358.13,119.93,10/16/2022,16:44:30,0.54,2.986
mediterranean,Easy Mediterranean Grilled Chicken,french,226.5,25.46,235.68,10/16/2022,16:44:30,8.896,0.108
mediterranean,Mediterranean Chicken Salad,mediterranean,122.02,103.08,133.39,10/16/2022,16:44:30,1.184,0.773
mediterranean,Mediterranean Pasta With Broccoli,mediterranean,91.7,315.68,111.15,10/16/2022,16:44:30,0.29,2.84
mediterranean,Penne Rigate with Mixed Greens and Pine Nuts,italian,98.21,362.25,126.16,10/16/2022,16:44:30,0.271,2.871
mediterranean,Mediterranean Shrimp and Bulgur,mediterranean,119.32,113.6,44.36,10/16/2022,16:44:30,1.05,2.561
mediterranean,Mediterranean Penne with Sausage,mediterranean,114.96,295.14,44.41,10/16/2022,16:44:30,0.39,6.646
mediterranean,Mediterranean Mostaccioli with Feta,mediterranean,94.74,204.03,43.24,10/16/2022,16:44:30,0.464,4.719
mediterranean,Mediterranean Roasted Broccoli & Tomatoes,mediterranean,12.75,37.15,18.78,10/16/2022,16:44:30,0.343,1.978
mediterranean,Mediterranean Olive Hummus recipes,mediterranean,22.48,72.94,28.65,10/16/2022,16:44:36,0.308,2.546
mediterranean,Mediterranean Tuna Cold Plate,mediterranean,19.93,38.85,28.8,10/16/2022,16:44:36,0.513,1.349
mediterranean,Stuffed Mediterranean Baked Potato,mediterranean,45.76,218.21,22.86,10/16/2022,16:44:36,0.21,9.545
mediterranean,Mediterranean Chile Chicken Wings,mediterranean,119.97,72.43,99.75,10/16/2022,16:44:36,1.656,0.726
mediterranean,Grilled Mediterranean Chicken Salad,mediterranean,156.63,146.77,89.22,10/16/2022,16:44:36,1.067,1.645
mediterranean,Mediterranean Broccoli Pasta Salad,mediterranean,46.8,214.62,146.55,10/16/2022,16:44:36,0.218,1.464
mediterranean,Mediterranean Chicken Wrap recipes,mediterranean,27.28,54.43,11.69,10/16/2022,16:44:36,0.501,4.656
mediterranean,Mediterranean Shrimp and Pasta,mediterranean,75.5,124.6,46.83,10/16/2022,16:44:36,0.606,2.661
mediterranean,Mediterranean Stuffed Chicken Breasts,mediterranean,216.89,14.55,57.17,10/16/2022,16:44:36,14.907,0.255
mediterranean,Mediterranean chicken tray bake,mediterranean,168.78,35.86,101.78,10/16/2022,16:44:36,4.707,0.352
mediterranean,Crowd-Pleasing Mediterranean Salad,mediterranean,40.06,82.28,122.78,10/16/2022,16:44:36,0.487,0.67
mediterranean,Chicken-Arugula Focaccia Sandwiches,italian,63.36,103.49,44.53,10/16/2022,16:44:36,0.612,2.324
mediterranean,Mediterranean Grilled Vegetable Soup,mediterranean,13.42,66.73,7.59,10/16/2022,16:44:36,0.201,8.792
mediterranean,Mediterranean-style Grilled Sardines,mediterranean,24.99,30.4,46.94,10/16/2022,16:44:36,0.822,0.648
mediterranean,Mediterranean Chickpea Quinoa Bowl,mediterranean,61.46,208.07,99.16,10/16/2022,16:44:36,0.295,2.098
mediterranean,Mediterranean-Style Bean Salad,mediterranean,77.52,122.27,71.98,10/16/2022,16:44:36,0.634,1.699
mediterranean,Mediterranean Shrimp and Pasta,mediterranean,135.8,196.97,49.74,10/16/2022,16:44:36,0.689,3.96
mediterranean,Six Layer Mediterranean Dip,mediterranean,29.4,77.5,73.15,10/16/2022,16:44:36,0.379,1.059
mediterranean,Stuffed Roasted Bell Peppers (Poivrons Farcis),middle eastern,33.96,33.52,63.65,10/16/2022,16:44:36,1.013,0.527
mediterranean,Mediterranean Grilled Veggie Wraps,mediterranean,35.34,131.79,38.0,10/16/2022,16:44:36,0.268,3.468
mediterranean,Mediterranean Lentil & Kale Salad,mediterranean,76.31,187.12,35.35,10/16/2022,16:44:43,0.408,5.293
mediterranean,Mediterranean Hummus Flat Bread,mediterranean,383.71,1117.03,407.58,10/16/2022,16:44:43,0.344,2.741
mediterranean,Mediterranean Tuna Salad recipes,mediterranean,70.89,16.12,7.68,10/16/2022,16:44:43,4.398,2.099
mediterranean,"Grilled Whole Fish, Greek-Style",mediterranean,314.63,10.1,196.5,10/16/2022,16:44:43,31.151,0.051
mediterranean,Mediterranean Chicken Packets recipes,mediterranean,207.97,77.55,52.58,10/16/2022,16:44:43,2.682,1.475
mediterranean,Mediterranean Lamb Burgers recipes,mediterranean,133.6,104.57,186.81,10/16/2022,16:44:43,1.278,0.56
mediterranean,Mediterranean fig & mozzarella salad,italian,39.62,102.71,97.15,10/16/2022,16:44:43,0.386,1.057
mediterranean,Mediterranean Grilled Cheese Skewers,mediterranean,68.59,38.41,161.2,10/16/2022,16:44:43,1.786,0.238
mediterranean,Mediterranean Tuna-Noodle Casserole,asian,343.82,471.09,209.11,10/16/2022,16:44:43,0.73,2.253
mediterranean,Mediterranean Stuffed Pork Chops,mediterranean,174.71,9.39,98.21,10/16/2022,16:44:43,18.606,0.096
mediterranean,Mediterranean Orzo Salad recipes,mediterranean,112.64,444.14,118.56,10/16/2022,16:44:43,0.254,3.746
mediterranean,Mediterranean Crescent Pinwheels recipes,mediterranean,109.67,127.98,86.41,10/16/2022,16:44:43,0.857,1.481
mediterranean,Mediterranean Lemon Hummus Wrap,mediterranean,21.45,76.91,12.84,10/16/2022,16:44:43,0.279,5.99
mediterranean,Mediterranean Tuna-Spinach Salad,mediterranean,71.64,25.0,23.37,10/16/2022,16:44:43,2.866,1.07
mediterranean,Mediterranean Yogurt Dip recipes,mediterranean,46.18,57.38,32.25,10/16/2022,16:44:43,0.805,1.779
mediterranean,Mediterranean Chicken Bake recipes,mediterranean,457.76,209.37,413.59,10/16/2022,16:44:43,2.186,0.506
mediterranean,Mediterranean fig & mozzarella salad,italian,42.51,103.0,100.06,10/16/2022,16:44:43,0.413,1.029
mediterranean,Mediterranean Chopped Salad recipes,mediterranean,52.77,140.38,77.39,10/16/2022,16:44:43,0.376,1.814
mediterranean,Mediterranean Mezze Platter recipes,mediterranean,68.83,266.19,132.63,10/16/2022,16:44:43,0.259,2.007
mediterranean,Mediterranean Mashed Broccoli And Potatoes,mediterranean,33.22,134.41,57.05,10/16/2022,16:44:50,0.247,2.356
mediterranean,Greek Barley Salad,mediterranean,35.38,106.67,55.96,10/16/2022,16:44:50,0.332,1.906
mediterranean,Mediterranean Chicken Salad Pitas,mediterranean,188.74,286.48,72.65,10/16/2022,16:44:50,0.659,3.943
mediterranean,Slow-Cooker Mediterranean Stew,american,46.14,170.31,56.55,10/16/2022,16:44:50,0.271,3.012
mediterranean,Mediterranean Jalapeño Poppers recipes,mediterranean,21.35,26.15,87.65,10/16/2022,16:44:50,0.816,0.298
mediterranean,Mediterranean Quinoa Salad recipes,mediterranean,62.71,225.97,74.79,10/16/2022,16:44:50,0.278,3.021
mediterranean,Grilled Mediterranean Potato Salad,mediterranean,28.22,185.36,98.99,10/16/2022,16:44:50,0.152,1.873
mediterranean,Mediterranean White Bean Salad,mediterranean,198.07,241.66,110.27,10/16/2022,16:44:50,0.82,2.192
mediterranean,Mixed Mediterranean Vegetable Bake,mediterranean,29.25,177.06,30.37,10/16/2022,16:44:50,0.165,5.83
mediterranean,Mediterranean Grilled Chicken Kebabs,mediterranean,157.09,84.48,169.12,10/16/2022,16:44:50,1.859,0.5
mediterranean,Mediterranean Lamb Burger recipes,mediterranean,149.82,145.23,290.32,10/16/2022,16:44:50,1.032,0.5
mediterranean,Mediterranean Chicken Stew recipes,mediterranean,165.83,183.79,32.66,10/16/2022,16:44:50,0.902,5.627
mediterranean,Mediterranean Turkey Meat Loaf,american,120.07,72.86,57.3,10/16/2022,16:44:50,1.648,1.272
mediterranean,Mediterranean Roast Beef Pita,mediterranean,82.54,173.17,66.01,10/16/2022,16:44:50,0.477,2.623
mediterranean,Cold Provençal White Bean Salad,american,78.35,213.41,126.95,10/16/2022,16:44:50,0.367,1.681
mediterranean,Mediterranean Braised Chard recipes,mediterranean,26.24,67.75,62.97,10/16/2022,16:44:50,0.387,1.076
mediterranean,Mediterranean Couscous Salad with Chickpeas,mediterranean,62.92,261.21,46.11,10/16/2022,16:44:50,0.241,5.665
mediterranean,Mediterranean Grilled Steak Wraps,mediterranean,107.46,145.52,115.87,10/16/2022,16:44:50,0.738,1.256
mediterranean,Mediterranean Grilled Chicken Salad,mediterranean,169.19,99.96,176.9,10/16/2022,16:44:50,1.693,0.565
mediterranean,Mediterranean inspired fish tacos,mediterranean,201.82,263.9,82.54,10/16/2022,16:44:50,0.765,3.197
mediterranean,Mediterranean Turkey Sliders recipes,american,171.62,276.81,100.32,10/16/2022,16:44:56,0.62,2.759
mediterranean,Mediterranean Udon Salad recipes,mediterranean,28.69,131.26,44.41,10/16/2022,16:44:56,0.219,2.956
mediterranean,Zesty Mediterranean Quinoa Salad,mediterranean,44.57,175.14,114.78,10/16/2022,16:44:56,0.254,1.526
mediterranean,Mediterranean Lamb Burger recipes,mediterranean,150.52,112.82,298.33,10/16/2022,16:44:56,1.334,0.378
mediterranean,Mediterranean Roast Vegetables Pasta,mediterranean,20.46,67.02,37.55,10/16/2022,16:44:56,0.305,1.785
mediterranean,Mediterranean Chicken Salad Sandwiches,mediterranean,65.28,133.12,65.89,10/16/2022,16:44:56,0.49,2.02
mediterranean,Mediterranean Beef Stew recipes,mediterranean,98.1,168.47,129.44,10/16/2022,16:44:56,0.582,1.302
mediterranean,Mediterranean Cucumber Salad recipes,mediterranean,64.85,129.27,126.54,10/16/2022,16:44:56,0.502,1.022
mediterranean,Beetroot Pasta with Mediterranean Flavors,mediterranean,54.14,148.37,47.94,10/16/2022,16:44:56,0.365,3.095
mediterranean,Mediterranean Tuna Pasta recipes,mediterranean,179.69,280.95,123.53,10/16/2022,16:44:56,0.64,2.274
mediterranean,Mediterranean Fish En Papillote,american,65.75,17.32,9.5,10/16/2022,16:44:56,3.796,1.823
mediterranean,Mediterranean Warm Partridge Salad,mediterranean,65.74,134.05,43.7,10/16/2022,16:44:56,0.49,3.068
mediterranean,Mediterranean Veggie Burgers recipes,mediterranean,23.05,98.49,10.43,10/16/2022,16:44:56,0.234,9.443
mediterranean,Mediterranean Chicken and Mushroom Skillet,mediterranean,139.15,41.59,47.86,10/16/2022,16:44:56,3.346,0.869
mediterranean,Mediterranean Couscous Salad recipes,mediterranean,125.93,479.51,173.01,10/16/2022,16:44:56,0.263,2.772
mediterranean,Pan-Seared Mediterranean Chicken,mediterranean,147.65,44.13,59.24,10/16/2022,16:44:56,3.346,0.745
mediterranean,Seared Mediterranean Tuna Steaks,mediterranean,169.63,19.19,32.74,10/16/2022,16:44:56,8.839,0.586
mediterranean,Mediterranean Shrimp Caesar Salad,mediterranean,136.5,103.98,127.58,10/16/2022,16:44:56,1.313,0.815
mediterranean,Mediterranean Vegetable-Cheese Pie,mediterranean,71.89,108.28,34.5,10/16/2022,16:44:56,0.664,3.139
mediterranean,Mediterranean Rice-Stuffed Escarole,italian,89.29,219.85,159.32,10/16/2022,16:44:56,0.406,1.38
mediterranean,Mediterranean White Bean Soup,mediterranean,10.61,47.92,56.1,10/16/2022,16:45:04,0.221,0.854
mediterranean,Mediterranean Chicken Quinoa Bowl,south american,133.61,112.72,99.29,10/16/2022,16:45:04,1.185,1.135
mediterranean,Mediterranean Cod with Roasted Tomatoes,mediterranean,86.61,29.54,30.67,10/16/2022,16:45:04,2.932,0.963
mediterranean,Mediterranean Kale Soup Recipe,mediterranean,36.8,99.83,4.21,10/16/2022,16:45:04,0.369,23.713
mediterranean,Mediterranean radicchio and farro salad,mediterranean,65.64,201.94,81.84,10/16/2022,16:45:04,0.325,2.467
mediterranean,Mediterranean Salmon en Papillote,nordic,62.61,22.08,52.67,10/16/2022,16:45:04,2.836,0.419
mediterranean,Mediterranean Chicken with Orzo Salad,mediterranean,96.13,76.13,85.73,10/16/2022,16:45:04,1.263,0.888
mediterranean,Silvana's Mediterranean & Basil Pasta,mediterranean,68.45,353.45,40.49,10/16/2022,16:45:04,0.194,8.729
mediterranean,Mediterranean Tuna Antipasto Salad,mediterranean,160.84,321.64,85.89,10/16/2022,16:45:04,0.5,3.745
mediterranean,Mediterranean-Style Poached Eggs,mediterranean,81.71,211.34,46.37,10/16/2022,16:45:04,0.387,4.558
mediterranean,Mediterranean Salmon Cooked in Parchment,nordic,96.98,37.39,72.95,10/16/2022,16:45:04,2.594,0.513
mediterranean,Zesty Mediterranean Couscous Salad,mediterranean,101.57,285.16,136.31,10/16/2022,16:45:04,0.356,2.092
mediterranean,Mediterranean Macaroni and Cheese recipes,mediterranean,85.21,247.19,119.88,10/16/2022,16:45:04,0.345,2.062
mediterranean,Mediterranean Poached Eggs with Quinoa,mediterranean,78.76,211.12,90.15,10/16/2022,16:45:04,0.373,2.342
mediterranean,Mediterranean Flavors: Tzatziki Recipe,mediterranean,46.45,44.94,31.28,10/16/2022,16:45:04,1.034,1.437
mediterranean,Mediterranean Vegetable Soup with Couscous,mediterranean,24.29,83.22,6.49,10/16/2022,16:45:04,0.292,12.823
mediterranean,Mediterranean Chicken and Couscous Salad,mediterranean,114.91,154.47,63.75,10/16/2022,16:45:04,0.744,2.423
mediterranean,Vegan Mediterranean Pita Pockets,american,120.28,197.28,115.53,10/16/2022,16:45:04,0.61,1.708
mediterranean,Mediterranean Vinaigrette for Pasta Salad,mediterranean,23.57,49.84,180.53,10/16/2022,16:45:04,0.473,0.276
mediterranean,Mediterranean Shrimp & Rice Soup,mediterranean,181.55,156.15,34.61,10/16/2022,16:45:04,1.163,4.512
mediterranean,Mediterranean chicken with roasted vegetables,mediterranean,80.43,95.36,59.9,10/16/2022,16:45:10,0.843,1.592
mediterranean,Mediterranean Couscous Cabbage Rolls,mediterranean,37.34,177.4,42.9,10/16/2022,16:45:10,0.21,4.135
mediterranean,Mediterranean Roasted Fish & Vegetables,mediterranean,155.9,253.69,47.55,10/16/2022,16:45:10,0.615,5.335
mediterranean,Silvana's Mediterranean & basil pasta,mediterranean,68.54,353.53,40.51,10/16/2022,16:45:10,0.194,8.727
mediterranean,Mediterranean Pressed Picnic Sandwich,south east asian,124.61,62.55,91.28,10/16/2022,16:45:10,1.992,0.685
mediterranean,Mediterranean Salad With Chickpea Patties,mediterranean,46.57,146.44,42.64,10/16/2022,16:45:10,0.318,3.434
mediterranean,Marinated Shrimp With Mediterranean Salad,mediterranean,186.72,110.23,84.7,10/16/2022,16:45:10,1.694,1.301
mediterranean,Mediterranean Salad with Halloumi Croutons,mediterranean,37.01,50.13,94.2,10/16/2022,16:45:10,0.738,0.532
mediterranean,Mediterranean Salad with Feta Cheese,mediterranean,38.3,93.48,77.28,10/16/2022,16:45:10,0.41,1.21
mediterranean,Whole Branzino Roasted in Sea Salt with Aromatic Herbs,mediterranean,188.47,29.81,32.72,10/16/2022,16:45:10,6.322,0.911
mediterranean,Mediterranean Tuna And Artichoke Pasta,mediterranean,222.7,231.4,131.14,10/16/2022,16:45:10,0.962,1.765
mediterranean,Ultimate Roast Chicken,american,175.44,20.12,155.5,10/16/2022,16:45:10,8.72,0.129
mediterranean,Grilled Salmon with Mediterranean Salsa,nordic,101.94,9.54,100.76,10/16/2022,16:45:10,10.686,0.095
mediterranean,Mediterranean Beef and Bean Stew,mediterranean,230.79,131.98,104.49,10/16/2022,16:45:10,1.749,1.263
mediterranean,Braised Mediterranean Chicken with Polenta,mediterranean,276.26,137.25,298.42,10/16/2022,16:45:10,2.013,0.46
mediterranean,Mediterranean Chicken with Soft Polenta,mediterranean,262.68,194.06,285.81,10/16/2022,16:45:10,1.354,0.679
mediterranean,Sidekick Tomato Soup,american,12.97,66.16,51.97,10/16/2022,16:45:10,0.196,1.273
mediterranean,Mediterranean Salad with Grilled Chicken,mediterranean,140.06,67.18,154.02,10/16/2022,16:45:10,2.085,0.436
mediterranean,Lamb Meatballs with Mediterranean Dips,mediterranean,143.24,331.15,362.73,10/16/2022,16:45:10,0.433,0.913
mediterranean,Big Batch Mediterranean Herb Rub,american,9.75,31.85,4.29,10/16/2022,16:45:10,0.306,7.424
mediterranean,Slow-Cooker Mediterranean Chicken & Orzo,mediterranean,121.95,84.05,21.39,10/16/2022,16:45:17,1.451,3.929
mediterranean,Mediterranean Swordfish Wrapped in Prosciutto,american,443.89,121.59,250.79,10/16/2022,16:45:17,3.651,0.485
mediterranean,Mediterranean Ravioli with Artichokes & Olives,mediterranean,108.1,351.54,63.13,10/16/2022,16:45:17,0.308,5.569
mediterranean,Mediterranean Tuna Salad with Croutons,mediterranean,123.77,111.23,94.53,10/16/2022,16:45:17,1.113,1.177
mediterranean,Mediterranean Chicken and Vegetables recipes,mediterranean,276.3,157.66,291.99,10/16/2022,16:45:17,1.753,0.54
mediterranean,Mediterranean Pasta with Feta And Olives,mediterranean,89.7,373.02,45.09,10/16/2022,16:45:17,0.24,8.273
mediterranean,Fresh City Mediterranean Salmon Spaghetti,nordic,161.71,368.53,79.63,10/16/2022,16:45:17,0.439,4.628
mediterranean,Dinner Tonight: Mediterranean Poached Eggs,mediterranean,26.35,68.86,43.69,10/16/2022,16:45:17,0.383,1.576
mediterranean,Mediterranean Pasta with Tomatoes and Arugula,mediterranean,66.83,321.2,57.11,10/16/2022,16:45:17,0.208,5.624
mediterranean,Mediterranean Salad with Prosciutto and Pomegranate,mediterranean,56.52,46.97,57.12,10/16/2022,16:45:17,1.203,0.822
mediterranean,Herb-Crusted Mediterranean Sea Bass,mediterranean,275.35,127.17,88.71,10/16/2022,16:45:17,2.165,1.434
mediterranean,Mediterranean Fish Stew with Chard,french,242.5,249.96,23.45,10/16/2022,16:45:17,0.97,10.659
mediterranean,Farmer's Fridge Mediterranean Salad,mediterranean,11.95,46.81,35.36,10/16/2022,16:45:17,0.255,1.324
mediterranean,Artichoke & Black Olive Tart,mediterranean,102.45,237.63,78.35,10/16/2022,16:45:17,0.431,3.033
mediterranean,Eggplant Bruschetta with Pita Chips,italian,145.7,594.59,261.44,10/16/2022,16:45:17,0.245,2.274
mediterranean,Spiralized Mediterranean Cucumber Salad recipes,mediterranean,15.43,30.89,74.44,10/16/2022,16:45:17,0.5,0.415
mediterranean,Mediterranean Tuna-Noodle Casserole recipes,asian,351.62,499.77,209.24,10/16/2022,16:45:17,0.704,2.389
mediterranean,Mediterranean Herbed Pork Roast recipes,mediterranean,342.31,24.32,147.2,10/16/2022,16:45:17,14.075,0.165
mediterranean,Mediterranean Bean and Bacon Soup,american,149.69,341.02,131.89,10/16/2022,16:45:17,0.439,2.586
mediterranean,Roasted Mediterranean Vegetables with Chickpeas,mediterranean,56.91,237.33,42.09,10/16/2022,16:45:17,0.24,5.639
mediterranean,Mediterranean Chopped-Chicken Pita recipes,mediterranean,125.96,175.09,74.4,10/16/2022,16:45:24,0.719,2.353
mediterranean,Whole Roasted Mediterranean-Style Fish,mediterranean,165.02,24.3,46.4,10/16/2022,16:45:24,6.791,0.524
mediterranean,Mediterranean Brown Rice Salad recipes,mediterranean,46.05,193.53,129.0,10/16/2022,16:45:24,0.238,1.5
mediterranean,Mediterranean fish stew with garlic toasts,french,369.38,291.68,149.5,10/16/2022,16:45:24,1.266,1.951
mediterranean,"Mediterranean tuna, pepper & courgette tart",mediterranean,115.09,250.06,196.55,10/16/2022,16:45:24,0.46,1.272
mediterranean,Loaded Mediterranean Chicken-Quinoa Salad,south american,43.45,38.05,30.13,10/16/2022,16:45:24,1.142,1.263
mediterranean,Mediterranean Vegetable Stew with Olives,mediterranean,56.65,227.36,53.62,10/16/2022,16:45:24,0.249,4.24
mediterranean,Mediterranean Chicken and Bulgur Skillet,mediterranean,143.33,85.48,83.26,10/16/2022,16:45:24,1.677,1.027
mediterranean,Grilled Mediterranean Veg With Bean Mash,mediterranean,41.97,143.05,31.75,10/16/2022,16:45:24,0.293,4.506
mediterranean,Mediterranean Grilled Shrimp Lettuce Wraps,mediterranean,102.42,26.37,132.34,10/16/2022,16:45:24,3.884,0.199
mediterranean,Roasted Guinea Hen Mediterranean Style,mediterranean,293.92,92.77,191.76,10/16/2022,16:45:24,3.168,0.484
mediterranean,Mediterranean Tortellini Pasta Salad recipes,italian,40.38,134.05,69.41,10/16/2022,16:45:24,0.301,1.931
mediterranean,"Chicken with Olives, Caramelized Onions, and Sage",mediterranean,453.98,311.78,529.02,10/16/2022,16:45:24,1.456,0.589
mediterranean,Mediterranean Brown Rice Salad Recipe,mediterranean,46.41,195.73,129.11,10/16/2022,16:45:24,0.237,1.516
mediterranean,Mediterranean Chicken and Couscous Bowls,mediterranean,131.8,227.55,96.14,10/16/2022,16:45:24,0.579,2.367
mediterranean,Vegetable Couscous,mediterranean,56.11,344.85,31.98,10/16/2022,16:45:24,0.163,10.783
mediterranean,Mediterranean Quiche with Sweet Potato Crust,french,65.86,73.77,68.32,10/16/2022,16:45:24,0.893,1.08
mediterranean,Mediterranean Roasted Chickpea and Spinach Salad,mediterranean,35.73,113.93,95.39,10/16/2022,16:45:24,0.314,1.194
mediterranean,Slow-Cooker Mediterranean Quinoa with Arugula,mediterranean,83.86,294.94,82.96,10/16/2022,16:45:24,0.284,3.555
mediterranean,Two -Acid Mediterranean Pasta Salad,mediterranean,89.74,405.64,260.21,10/16/2022,16:45:24,0.221,1.559
mediterranean,A Mediterranean Twist to your BBQ,american,28.74,191.58,28.33,10/16/2022,16:45:30,0.15,6.762
mediterranean,Mediterranean Roast Vegetables With Bulgar Wheat,mediterranean,34.76,223.52,32.97,10/16/2022,16:45:30,0.156,6.779
mediterranean,Eat-Your-Veggies Mediterranean Meatballs,mediterranean,140.09,134.08,76.19,10/16/2022,16:45:30,1.045,1.76
mediterranean,Mediterranean Sardines with Lemon and Garlic,mediterranean,41.21,39.23,284.62,10/16/2022,16:45:30,1.05,0.138
mediterranean,Mediterranean Salmon Cooked in Parchment recipes,nordic,99.21,50.53,75.7,10/16/2022,16:45:30,1.963,0.668
mediterranean,Braised Mediterranean Chicken with Polenta recipes,mediterranean,276.26,137.25,298.42,10/16/2022,16:45:30,2.013,0.46
mediterranean,Spaghetti Puttanesca,italian,83.5,410.36,65.98,10/16/2022,16:45:30,0.203,6.219
mediterranean,Mediterranean Potato Salad with Haricots Verts,mediterranean,30.37,249.23,84.95,10/16/2022,16:45:30,0.122,2.934
mediterranean,"Mediterranean Pasta with Artichokes, Olives, and Tomatoes",mediterranean,72.52,299.04,47.31,10/16/2022,16:45:30,0.243,6.321
mediterranean,Spinach Salad with Grilled Mediterranean Vegetables,mediterranean,28.79,59.5,75.02,10/16/2022,16:45:30,0.484,0.793
mediterranean,Mediterranean Mini Tuna Cakes With Pesto,american,106.3,28.87,87.74,10/16/2022,16:45:30,3.682,0.329
mediterranean,Mediterranean Orzo and Chicken Salad recipes,mediterranean,122.02,103.08,133.39,10/16/2022,16:45:30,1.184,0.773
mediterranean,Mediterranean Grilled Chicken and Grape Skewers,mediterranean,97.38,54.11,123.84,10/16/2022,16:45:30,1.8,0.437
mediterranean,Mediterranean Feta Salad With Pomegranate Dressing,mediterranean,51.84,175.52,195.42,10/16/2022,16:45:30,0.295,0.898
mediterranean,Mediterranean Eggplant Dip with Sizzled Garlic,mediterranean,19.61,35.1,65.1,10/16/2022,16:45:30,0.559,0.539
mediterranean,Mediterranean feta salad with pomegranate dressing,mediterranean,51.84,175.52,195.42,10/16/2022,16:45:30,0.295,0.898
mediterranean,Mediterranean Flavors: Baba Ghanoush Recipe,mediterranean,13.49,58.44,51.42,10/16/2022,16:45:30,0.231,1.137
mediterranean,Mediterranean Chopped Salad With Shrimp Recipe,mediterranean,182.05,381.92,101.23,10/16/2022,16:45:30,0.477,3.773
mediterranean,Mediterranean Salad with Lemon-Herb Vinaigrette,mediterranean,36.81,91.24,164.3,10/16/2022,16:45:30,0.403,0.555
mediterranean,Weekday Vegetarian Roast and Mediterranean Salada,mediterranean,17.79,144.7,49.16,10/16/2022,16:45:37,0.123,2.943
mediterranean,Zesty Roasted Chicken with Mediterranean Potatoes,mediterranean,100.23,182.1,145.95,10/16/2022,16:45:37,0.55,1.248
mediterranean,Mediterranean-Style Chicken And Bean Stew,mediterranean,265.63,145.05,270.15,10/16/2022,16:45:37,1.831,0.537
mediterranean,Mediterranean Salad with Smoked Paprika Vinaigrette,mediterranean,46.76,251.61,129.47,10/16/2022,16:45:37,0.186,1.943
mediterranean,Mediterranean Slow-Cooker Chicken Noodle Soup,asian,178.92,194.05,41.63,10/16/2022,16:45:37,0.922,4.661
mediterranean,Swordfish Baked in Foil with Mediterranean Flavors,mediterranean,161.94,89.31,38.95,10/16/2022,16:45:37,1.813,2.293
mediterranean,Mediterranean Mackerel With A Tomato Panzanella Salad,mediterranean,106.42,110.37,109.31,10/16/2022,16:45:37,0.964,1.01
mediterranean,Mediterranean Tuna Antipasto Salad for Two,mediterranean,54.84,82.03,35.4,10/16/2022,16:45:37,0.669,2.317
mediterranean,Slow-Cooker Mediterranean Chicken Thigh Stew,mediterranean,286.36,66.04,73.74,10/16/2022,16:45:37,4.336,0.896
mediterranean,Four-Cheese Baked Penne,italian,189.69,441.86,86.94,10/16/2022,16:45:37,0.429,5.082
mediterranean,Mediterranean Salad with Chickpeas and Arugula recipes,mediterranean,89.1,144.34,118.55,10/16/2022,16:45:37,0.617,1.218
mediterranean,Mini Mediterranean Chicken Meatloaf with Chimichurri,mediterranean,105.07,49.59,82.15,10/16/2022,16:45:37,2.119,0.604
mediterranean,Dutch Baby Takes a Mediterranean Holiday,american,46.03,103.49,99.18,10/16/2022,16:45:37,0.445,1.043
mediterranean,Mediterranean Fish Soup With Garlicky Rouille,mediterranean,443.98,276.18,385.16,10/16/2022,16:45:37,1.608,0.717
mediterranean,Mediterranean Flavors: Spinach and Artichoke Dip Recipe,mediterranean,24.03,32.4,97.42,10/16/2022,16:45:37,0.742,0.333
mediterranean,Hummus-and-Rice Fritters with Mediterranean Salad,mediterranean,58.16,290.41,73.18,10/16/2022,16:45:37,0.2,3.968
mediterranean,Mediterranean Tuna Salad with Roasted Potato Wedges,mediterranean,127.99,303.53,44.31,10/16/2022,16:45:37,0.422,6.85
mediterranean,Mediterranean Potato Salad with Haricots Verts recipes,mediterranean,30.37,249.23,84.95,10/16/2022,16:45:44,0.122,2.934
mediterranean,Chicken Chopped Mediterranean Salad with Feta Vinaigrette,mediterranean,92.17,48.22,126.85,10/16/2022,16:45:44,1.911,0.38
mediterranean,Mediterranean Rice Salad with Roasted Red Peppers,mediterranean,60.67,519.99,83.21,10/16/2022,16:45:44,0.117,6.249
mediterranean,Marinated Mediterranean Chicken Pita & Slaw Recipe,mediterranean,183.83,243.83,101.02,10/16/2022,16:45:44,0.754,2.414
mediterranean,Mediterranean Chicken Stew with Prunes and Pumpkin,mediterranean,199.71,260.08,201.94,10/16/2022,16:45:44,0.768,1.288
mediterranean,Mediterranean Chicken Kebabs with Lemon-Tahini Sauce,mediterranean,117.97,40.32,54.52,10/16/2022,16:45:44,2.926,0.74
mediterranean,Four-Cheese Baked Penne,italian,189.69,441.8,117.57,10/16/2022,16:45:44,0.429,3.758
mediterranean,Slow-Cooker Mediterranean Chicken & Chickpea Soup,mediterranean,235.11,284.52,177.74,10/16/2022,16:45:44,0.826,1.601
mediterranean,Lamb Loin Chops With Mediterranean Stuffing recipes,mediterranean,182.21,134.25,289.28,10/16/2022,16:45:44,1.357,0.464
mediterranean,Mediterranean Salad With Creamy Herb Dressing recipes,mediterranean,80.8,394.49,66.59,10/16/2022,16:45:44,0.205,5.924
mediterranean,Baked Red Snapper in a Mediterranean Tomato Sauce,mediterranean,440.58,109.18,39.36,10/16/2022,16:45:44,4.035,2.774
mediterranean,Mediterranean Salad with Green Beans and Feta recipes,mediterranean,71.48,180.63,67.65,10/16/2022,16:45:44,0.396,2.67
mediterranean,Seared Fresh Sardines and Tomato Soup,south east asian,50.03,136.55,157.33,10/16/2022,16:45:44,0.366,0.868
mediterranean,Shredded Mediterranean Chicken A La Crock Pot,mediterranean,93.37,99.32,56.08,10/16/2022,16:45:44,0.94,1.771
mediterranean,Mediterranean zucchini ribbon sauté with balsamic reduction,mediterranean,6.01,46.96,28.11,10/16/2022,16:45:44,0.128,1.671
mediterranean,Grilled Peppered Pork Chops with Mediterranean Relish,mediterranean,246.45,27.14,97.85,10/16/2022,16:45:44,9.081,0.277
mediterranean,"Mediterranean Bean, Potato and Vegetable Salad Platter",mediterranean,42.14,238.2,19.21,10/16/2022,16:45:44,0.177,12.4
mediterranean,Mediterranean Country Pasta Salad with fresh Herbs,mediterranean,111.04,399.52,172.24,10/16/2022,16:45:44,0.278,2.32
mediterranean,Mediterranean Salad with Olive-Bread Croutons recipes,mediterranean,36.17,88.18,126.69,10/16/2022,16:45:44,0.41,0.696
mediterranean,BEST Ever Mediterranean Grilled Lamb Chops,mediterranean,280.74,59.41,495.9,10/16/2022,16:45:44,4.725,0.12
mediterranean,"Sheet-Pan Mediterranean Chicken, Brussels Sprouts & Gnocchi",mediterranean,191.74,204.42,91.57,10/16/2022,16:45:50,0.938,2.232
mediterranean,"Mediterranean chicken with Dijon mustard, tomato and lemon",mediterranean,45.15,39.74,59.25,10/16/2022,16:45:50,1.136,0.671
mediterranean,Mediterranean Grilled Chicken Salad with Hummus recipes,mediterranean,263.07,130.94,148.11,10/16/2022,16:45:50,2.009,0.884
mediterranean,Mayo-Free Mediterranean Tuna Salad Sandwiches Recipe,mediterranean,193.1,128.94,195.48,10/16/2022,16:45:50,1.498,0.66
mediterranean,Mediterranean Portobello Mushroom Pizzas with Arugula Salad,italian,71.58,105.74,76.67,10/16/2022,16:45:50,0.677,1.379
mediterranean,A Healthy Mediterranean Dip for Super Bowl Sunday,mediterranean,92.93,183.79,136.57,10/16/2022,16:45:50,0.506,1.346
mediterranean,Mediterranean Egg and Tomato Skillet with Pita (Shakshouka),mediterranean,59.22,131.34,53.08,10/16/2022,16:45:50,0.451,2.474
mediterranean,Pistou: Mediterranean Vegetable Soup with Basil Sauce,french,131.9,263.82,194.07,10/16/2022,16:45:50,0.5,1.359
mediterranean,Mediterranean Mussel And Chickpea Soup With Fennel And Lemon,mediterranean,126.24,181.78,55.14,10/16/2022,16:45:50,0.694,3.297
mediterranean,Mediterranean Spinach Salad with Tomatoes and Lemon Dressing,mediterranean,30.9,57.09,92.21,10/16/2022,16:45:50,0.541,0.619
mediterranean,"Mediterranean ""Salad Pasta"" (not to be confused with ""Pasta Salad"")",mediterranean,76.7,349.79,58.29,10/16/2022,16:45:50,0.219,6.001
mediterranean,"Mediterranean Sausage, Fennel, Canellini Bean And Tomato Gratin",french,55.88,152.46,41.88,10/16/2022,16:45:50,0.367,3.64
mediterranean,The Ultimate Greek Salad Recipe,mediterranean,22.26,37.87,138.39,10/16/2022,16:45:50,0.588,0.274
mediterranean,Mediterranean Farro Bowl With Lemon-Tahini-Yogurt Dressing,mediterranean,199.7,837.65,117.79,10/16/2022,16:45:50,0.238,7.111
mediterranean,"Mediterranean Chopped Salad With Tomatoes, Peppers, Feta, and Basil Recipe",mediterranean,23.0,39.76,66.29,10/16/2022,16:45:50,0.578,0.6
mediterranean,Mediterranean Sweet & Spicy Salad with Greek Vinaigrette Dressing,mediterranean,33.21,97.68,93.28,10/16/2022,16:45:50,0.34,1.047
mediterranean,"Cranberry Sauce with Red Wine, Pomegranate Molasses, and Mediterranean Herbs",american,2.01,361.31,0.63,10/16/2022,16:45:50,0.006,573.508
mediterranean,Mark Bittman's Grilled Mediterranean Chicken Thighs Recipe,mediterranean,257.37,20.68,280.46,10/16/2022,16:45:57,12.445,0.074
mediterranean,Pan-Seared Mediterranean Chicken Burgers with Whipped Feta,mediterranean,186.01,44.61,155.54,10/16/2022,16:45:57,4.17,0.287
mediterranean,My Favorite Falafel Sandwich,american,166.85,609.84,248.82,10/16/2022,16:45:57,0.274,2.451
mediterranean,Grilled Greek-Style Meatloaf with Herbed Potatoes and Grilled Lemon Recipe,mediterranean,199.9,261.85,240.23,10/16/2022,16:45:57,0.763,1.09
mediterranean,Gigante Beans,caribbean,60.36,137.21,69.17,10/16/2022,16:45:57,0.44,1.984
mediterranean,Mediterranean chicken and fennel bake with preserved lemon and harissa,mediterranean,197.25,41.64,247.52,10/16/2022,16:45:57,4.737,0.168
mediterranean,Mediterranean Vegetable Sandwich with Sundried Tomato Pesto and Fresh Mozzarella,italian,74.43,233.24,103.37,10/16/2022,16:45:57,0.319,2.256
mediterranean,Zucchini Pastitsio (Mediterranean Baked Beef and Pasta Casserole) Recipe,italian,320.52,358.1,388.93,10/16/2022,16:45:57,0.895,0.921
mediterranean,Mediterranean Veggie Burgers with Mint-Yogurt Sauce and Carrot Salad,mediterranean,73.73,218.66,62.93,10/16/2022,16:45:57,0.337,3.475
mediterranean,"Mediterranean Salad with Artichokes, Penne, and Sun-Dried Tomatoes recipes",mediterranean,88.87,246.89,65.12,10/16/2022,16:45:57,0.36,3.791
mediterranean,Mediterranean Flavors: White Bean Spread with Za'atar Recipe,mediterranean,37.49,123.55,165.87,10/16/2022,16:45:57,0.303,0.745
mediterranean,"Mediterranean Chicken, Feta, and Herb Wrap With Stewed Potatoes Recipe",mediterranean,372.14,112.53,106.82,10/16/2022,16:45:57,3.307,1.053
mediterranean,Mediterranean Grilled Tuna Steaks And Sicilian-Style Potato Salad,mediterranean,192.74,181.7,97.7,10/16/2022,16:45:57,1.061,1.86
mediterranean,"Chicken Sausage, Pepper And Onion Stoup With Tomato-Basil Gobble-'Ums",italian,107.95,347.26,143.44,10/16/2022,16:45:57,0.311,2.421
mediterranean,Mediterranean Grilled Whole Snapper with Fennel and a Pernod Butter Sauce,mediterranean,289.65,60.75,116.53,10/16/2022,16:45:57,4.768,0.521
mediterranean,"Mediterranean Rotisserie Leg of Lamb with Potatoes, Fennel, and Olives recipes",mediterranean,269.85,179.15,243.65,10/16/2022,16:45:57,1.506,0.735
mediterranean,Mediterranean Veggie Burgers with Mint-Yogurt Sauce and Carrot Salad recipes,mediterranean,78.62,229.63,63.14,10/16/2022,16:45:57,0.342,3.637
mediterranean,"Mediterranean Squid (calamari) filled with Shellfish, Saffron Risotto and Ink Sauce",italian,283.8,82.89,71.18,10/16/2022,16:45:57,3.424,1.165
mediterranean,"Mediterranean Farro and Green Lentil Bowl with Feta, Olives&Sundried Tomatoes",mediterranean,95.21,285.36,88.55,10/16/2022,16:45:57,0.334,3.223
mediterranean,Bouillabaisse,american,312.48,248.86,205.87,10/16/2022,16:45:57,1.256,1.209
mediterranean,"Mediterranean White Beans with Sun Dried Tomatoes, Mushrooms, Garlic and Thyme (vegan, gluten free)",american,96.57,251.63,30.86,10/16/2022,16:46:04,0.384,8.154
mediterranean,Mediterranean Grilled Chicken and Roasted Red Pepper Pizza with Feta and Balsamic Glaze recipes,mediterranean,133.53,164.18,137.67,10/16/2022,16:46:04,0.813,1.193
mediterranean,Mediterranean Citrus Olive Oil Cake With Sweet Basil Drizzle And Candied Olives (Gluten Free),american,22.02,713.9,160.83,10/16/2022,16:46:04,0.031,4.439
mediterranean,Tomato and Black Olive Orzo Salad,mediterranean,100.69,314.24,375.24,10/16/2022,16:46:04,0.32,0.837
mediterranean,Chard Stalk Hummus,mediterranean,30.55,47.32,86.47,10/16/2022,16:46:04,0.646,0.547
mediterranean,Minted courgette salad,french,6.54,24.63,28.59,10/16/2022,16:46:04,0.266,0.861
mediterranean,Tuscan White Beans,italian,108.6,291.91,76.37,10/16/2022,16:46:04,0.372,3.822
mediterranean,Grilled Lamb and Onion Kabobs with Olive Aioli,mediterranean,173.7,49.02,219.77,10/16/2022,16:46:04,3.543,0.223
mediterranean,Crispy garlic & rosemary slices,french,30.25,260.19,41.96,10/16/2022,16:46:04,0.116,6.201
mediterranean,Fig & Honey Yogurt,mediterranean,10.03,47.06,2.83,10/16/2022,16:46:04,0.213,16.629
mediterranean,"Pork, fennel & chilli meatballs",american,88.07,23.33,134.21,10/16/2022,16:46:04,3.775,0.174
mediterranean,Rosemary Pork Chops,american,106.38,3.92,86.73,10/16/2022,16:46:04,27.138,0.045
mediterranean,"Warm chickpea, chorizo & pepper salad",mediterranean,104.19,257.47,110.55,10/16/2022,16:46:04,0.405,2.329
mediterranean,Tangy roasted peppers,mediterranean,4.83,23.97,68.51,10/16/2022,16:46:04,0.202,0.35
mediterranean,Tortellini with pesto & broccoli,italian,20.87,51.53,38.62,10/16/2022,16:46:04,0.405,1.334
mediterranean,Sticky lemon chicken,american,95.55,33.1,42.2,10/16/2022,16:46:04,2.887,0.784
mediterranean,Italian butter beans,italian,60.18,190.28,21.48,10/16/2022,16:46:04,0.316,8.858
mediterranean,"Red Potatoes with Olive, Feta, and Mint",mediterranean,50.1,156.78,113.96,10/16/2022,16:46:04,0.32,1.376
mediterranean,Olive-Garlic Deviled Eggs,italian,51.2,6.31,100.89,10/16/2022,16:46:11,8.114,0.063
mediterranean,Roasted Chicken Souvlaki,mediterranean,137.05,4.98,43.18,10/16/2022,16:46:11,27.52,0.115
mediterranean,Courgette & quinoa-stuffed peppers,mediterranean,89.99,359.55,50.55,10/16/2022,16:46:11,0.25,7.113
mediterranean,Chicken & chorizo traybake,mediterranean,278.51,183.35,259.41,10/16/2022,16:46:11,1.519,0.707
mediterranean,Gin Mare's Red Tonic,world,0.17,19.3,0.06,10/16/2022,16:46:11,0.009,321.667
mediterranean,Deli pasta salad,american,77.67,269.73,40.34,10/16/2022,16:46:11,0.288,6.686
mediterranean,"Flash-fried prawns with chilli, lemon & parsley",mediterranean,42.29,11.62,30.6,10/16/2022,16:46:11,3.639,0.38
mediterranean,Lemon & parsley butter beans,american,58.54,184.62,21.07,10/16/2022,16:46:11,0.317,8.762
mediterranean,Fig & Ricotta Toast,mediterranean,11.72,30.74,10.4,10/16/2022,16:46:11,0.381,2.956
mediterranean,Baked Hummus,mediterranean,59.63,73.86,114.77,10/16/2022,16:46:11,0.807,0.644
mediterranean,School of Tapas: Catalan cod brandada,italian,75.66,6.74,405.28,10/16/2022,16:46:11,11.226,0.017
mediterranean,Spice Route Chicken,mediterranean,264.82,80.26,249.16,10/16/2022,16:46:11,3.3,0.322
mediterranean,Roasted Veggie & Hummus Pita Pockets,mediterranean,13.19,41.15,10.48,10/16/2022,16:46:11,0.321,3.927
mediterranean,Deli couscous,mediterranean,85.79,357.52,114.03,10/16/2022,16:46:11,0.24,3.135
mediterranean,Rosemary roast lamb chops,mediterranean,147.94,195.26,245.52,10/16/2022,16:46:11,0.758,0.795
mediterranean,Endive and Fennel with Tarragon Avgolemono Sauce,mediterranean,21.32,43.53,24.99,10/16/2022,16:46:11,0.49,1.742
mediterranean,Grilled Eggplant with Rosemary,american,7.14,42.74,41.91,10/16/2022,16:46:11,0.167,1.02
mediterranean,Honey yogurt cheesecake,american,106.14,420.12,409.12,10/16/2022,16:46:11,0.253,1.027
mediterranean,Grilled Fennel-Cumin Lamb Chops,indian,83.69,3.61,196.71,10/16/2022,16:46:17,23.183,0.018
mediterranean,Spanish rice & prawn one-pot,mediterranean,63.01,235.56,37.66,10/16/2022,16:46:17,0.267,6.255
mediterranean,Tostones with Herbed Salt,mediterranean,5.0,115.96,433.39,10/16/2022,16:46:17,0.043,0.268
mediterranean,Rosemary-Roasted Leg of Lamb,mediterranean,392.94,4.74,306.31,10/16/2022,16:46:17,82.899,0.015
mediterranean,Rouille,south american,3.67,20.16,41.82,10/16/2022,16:46:17,0.182,0.482
mediterranean,Piedmontese peppers,mediterranean,46.08,59.35,88.77,10/16/2022,16:46:17,0.776,0.669
mediterranean,Herbed lamb cutlets with roasted vegetables,french,135.21,68.9,217.87,10/16/2022,16:46:17,1.962,0.316
mediterranean,Orange & Black Olive Salad,mediterranean,7.88,93.25,16.75,10/16/2022,16:46:17,0.085,5.567
mediterranean,Salmon Steaks with White-Bean and Olive Saute,mediterranean,243.73,174.96,158.3,10/16/2022,16:46:17,1.393,1.105
mediterranean,Olive-Topped Orange Slices,american,4.07,47.79,9.58,10/16/2022,16:46:17,0.085,4.989
mediterranean,Italian-style chicken burger & chips,nordic,164.68,503.04,109.98,10/16/2022,16:46:17,0.327,4.574
mediterranean,Vegan Bistro Lunch Box,american,8.25,28.23,8.52,10/16/2022,16:46:17,0.292,3.313
mediterranean,Roasted pepper salad with capers & pine nuts,south east asian,8.51,39.76,53.35,10/16/2022,16:46:17,0.214,0.745
mediterranean,Cook the Book: Turkish Yogurt Soup with Mint,middle eastern,105.69,131.7,55.13,10/16/2022,16:46:17,0.803,2.389
mediterranean,Garlic-Mint Yogurt Spread Recipe,american,12.97,11.85,8.16,10/16/2022,16:46:17,1.095,1.452
mediterranean,Garlicky Escarole,italian,38.37,116.47,15.47,10/16/2022,16:46:17,0.329,7.529
mediterranean,"Aubergine, chilli & bacon pasta",italian,75.33,300.22,104.05,10/16/2022,16:46:17,0.251,2.885
mediterranean,Lamb Chops with Pistachio Sauce and Vegetable Saute,mediterranean,177.96,70.81,308.26,10/16/2022,16:46:17,2.513,0.23
mediterranean,Lamb Chops with Asparagus and Farro,italian,329.78,282.19,732.29,10/16/2022,16:46:17,1.169,0.385
mediterranean,Panzanella (Tuscan tomato and bread salad),italian,6.78,38.12,95.71,10/16/2022,16:46:17,0.178,0.398
mediterranean,Cold Pudding with Bulgur Grain,british,49.03,116.12,148.69,10/16/2022,16:46:24,0.422,0.781
mediterranean,The Corsican Cocktail Recipe,world,1.75,155.39,0.99,10/16/2022,16:46:24,0.011,156.96
mediterranean,Roasted Red Pepper and Feta Dip,mediterranean,33.94,19.35,58.05,10/16/2022,16:46:24,1.754,0.333
mediterranean,Spanikopi-taters,american,47.11,182.6,39.28,10/16/2022,16:46:24,0.258,4.649
mediterranean,"Eggplant, Pepper and Feta-Stuffed Phyllo Boreks",mediterranean,41.25,170.46,236.04,10/16/2022,16:46:24,0.242,0.722
mediterranean,Zucchini Babaghanouj,mediterranean,18.73,43.96,73.73,10/16/2022,16:46:24,0.426,0.596
mediterranean,Pomegranate Martini Recipe,world,0.13,8.42,0.2,10/16/2022,16:46:24,0.015,42.1
mediterranean,Baked Ham with Rosemary and Sweet Vermouth,american,450.55,176.05,315.42,10/16/2022,16:46:24,2.559,0.558
mediterranean,Vegan Seafood Spelt Pasta,american,54.91,264.71,49.65,10/16/2022,16:46:24,0.207,5.332
mediterranean,Lemony Orzo with Tuna,mediterranean,238.42,358.03,140.01,10/16/2022,16:46:24,0.666,2.557
mediterranean,Eggplant Dip (Baba Ghanoush),middle eastern,29.02,110.85,79.73,10/16/2022,16:46:24,0.262,1.39
mediterranean,Slow-Baked Salmon with Lemon and Thyme,nordic,325.06,11.85,233.29,10/16/2022,16:46:24,27.431,0.051
mediterranean,Sardine beccafico,mediterranean,41.45,146.5,53.19,10/16/2022,16:46:24,0.283,2.754
mediterranean,Crudités with Feta Pistachio Dip,mediterranean,51.97,44.78,128.17,10/16/2022,16:46:24,1.161,0.349
mediterranean,Broccoli with Red Pepper Flakes and Toasted Garlic,british,13.32,25.55,10.61,10/16/2022,16:46:24,0.521,2.408
mediterranean,"Tilapia with Arugula, Capers, and Tomatoes",american,48.26,7.99,18.59,10/16/2022,16:46:24,6.04,0.43
mediterranean,Tuna with Warm Cucumber and Fennel Salad,mediterranean,171.33,62.31,88.67,10/16/2022,16:46:24,2.75,0.703
mediterranean,Spicy Red-Pepper and Eggplant Confit,french,21.97,121.53,221.82,10/16/2022,16:46:31,0.181,0.548
mediterranean,Classic Cookbooks: Elizabeth David's Ratatouille Recipe,french,24.77,141.96,38.07,10/16/2022,16:46:31,0.174,3.729
mediterranean,Tomato and Cucumber Couscous,middle eastern,24.2,112.28,10.19,10/16/2022,16:46:31,0.216,11.019
mediterranean,Mini Mezze Bento Box,mediterranean,15.02,35.93,17.64,10/16/2022,16:46:31,0.418,2.037
mediterranean,Zucchini Tapenade,mediterranean,6.94,17.34,55.8,10/16/2022,16:46:31,0.4,0.311
mediterranean,Black Olive Tapenade,french,8.37,14.68,92.56,10/16/2022,16:46:31,0.57,0.159
mediterranean,Warm Quinoa Salad,mexican,73.78,249.0,37.79,10/16/2022,16:46:31,0.296,6.589
mediterranean,Greek lamb & macaroni bake,mediterranean,264.91,358.69,202.33,10/16/2022,16:46:31,0.739,1.773
mediterranean,Orzo & mozzarella salad,italian,128.71,282.28,165.42,10/16/2022,16:46:31,0.456,1.706
mediterranean,Baked Shrimp with Tomatoes and Feta,mediterranean,136.89,107.9,60.69,10/16/2022,16:46:31,1.269,1.778
mediterranean,"Chicken with ham, spinach & pine nuts",british,530.63,75.37,212.81,10/16/2022,16:46:31,7.04,0.354
mediterranean,"Mahimahi with Onion, Capers, and Lemon",mediterranean,129.0,19.34,80.39,10/16/2022,16:46:31,6.67,0.241
mediterranean,Coney Island Skewered Shrimp,mediterranean,247.98,23.15,45.62,10/16/2022,16:46:31,10.712,0.507
mediterranean,Spinach Tabbouleh,middle eastern,24.7,97.07,57.77,10/16/2022,16:46:31,0.254,1.68
mediterranean,Garbanzo Bean Stew with Escarole,south east asian,45.16,133.63,14.41,10/16/2022,16:46:31,0.338,9.273
mediterranean,Greek Kale Salad with Quinoa & Chicken,mediterranean,63.71,48.83,49.45,10/16/2022,16:46:31,1.305,0.987
mediterranean,"Zucchini, Lamb, and Summer Squash with Buttermilk Dill Marinade",american,148.79,57.98,132.77,10/16/2022,16:46:31,2.566,0.437
mediterranean,Eggplant & Chickpea Baked Pasta,italian,59.71,220.29,52.11,10/16/2022,16:46:31,0.271,4.227
mediterranean,"Tomato, Onion, Black Olive, and Feta Fish Packets",mediterranean,132.3,22.39,74.82,10/16/2022,16:46:37,5.909,0.299
mediterranean,Mini Lamb Burgers with Pineapple Salsa,nordic,124.59,154.6,157.35,10/16/2022,16:46:37,0.806,0.983
mediterranean,Birds Eye® Greek Veggie & Hummus Wrap,mediterranean,147.3,594.51,227.82,10/16/2022,16:46:37,0.248,2.61
mediterranean,White Bean Soup (Fassoulatha),american,114.77,335.39,32.6,10/16/2022,16:46:37,0.342,10.288
mediterranean,Spanish meatball & butter bean stew,mediterranean,99.28,150.74,90.43,10/16/2022,16:46:37,0.659,1.667
mediterranean,Radicchio and Haricot Vert Salad with Candied Walnuts,american,7.65,76.77,66.46,10/16/2022,16:46:37,0.1,1.155
mediterranean,Orange and Cumin Leg of Lamb with Roasted Tomatoes and Garlic Recipe,mediterranean,607.03,109.27,489.93,10/16/2022,16:46:37,5.555,0.223
mediterranean,Grilled Radicchio Salad with Gorgonzola and Balsamic Vinaigrette Recipe,mediterranean,28.47,18.27,87.46,10/16/2022,16:46:37,1.558,0.209
mediterranean,Frozen Apricot Soufflé,french,34.52,256.36,177.34,10/16/2022,16:46:37,0.135,1.446
mediterranean,Corn on the Cob with Mint-Feta Butter,mediterranean,74.2,304.9,103.62,10/16/2022,16:46:37,0.243,2.942
mediterranean,White Bean Salad with Carrots and Tomatoes,south american,51.11,151.17,43.07,10/16/2022,16:46:37,0.338,3.51
mediterranean,Portobello “Pizza” Margherita,italian,35.08,46.33,31.2,10/16/2022,16:46:37,0.757,1.485
mediterranean,"Pan-Seared Rib-Eye Steaks with Goat Cheese, Caper and Sun-Dried Tomato Butter",american,140.37,3.65,176.65,10/16/2022,16:46:37,38.458,0.021
mediterranean,"Radicchio with Pine Nuts, Currants, and Aged Balsamic",mediterranean,5.7,26.33,66.04,10/16/2022,16:46:37,0.216,0.399
mediterranean,Roasted Vegetable and Prosciutto Lasagna with Alfredo Sauce,italian,47.39,131.33,35.18,10/16/2022,16:46:37,0.361,3.733
mediterranean,Raw Artichoke Salad with Mint and Feta Vinaigrette,mediterranean,60.95,186.23,85.08,10/16/2022,16:46:37,0.327,2.189
mediterranean,Chickpea Spread,mediterranean,145.6,489.97,274.51,10/16/2022,16:46:37,0.297,1.785
mediterranean,Tabbouleh With Edamame and Feta,mediterranean,59.57,180.26,41.17,10/16/2022,16:46:37,0.33,4.378
mediterranean,Hake with stewed peppers,eastern europe,137.59,109.12,90.22,10/16/2022,16:46:37,1.261,1.209
mediterranean,"Balsamic-Glazed Salmon with Spinach, Olives, and Golden Raisins",nordic,76.13,94.2,72.1,10/16/2022,16:46:37,0.808,1.307
mediterranean,Panzanella,mediterranean,43.1,237.81,221.51,10/16/2022,16:46:44,0.181,1.074
mediterranean,"Tabouli Salad with Cucumber, Tomato, Feta, and Olives",mediterranean,34.78,137.31,79.1,10/16/2022,16:46:44,0.253,1.736
mediterranean,Tuna Salad,american,82.73,40.17,21.91,10/16/2022,16:46:44,2.059,1.833
mediterranean,Roasted Fish Catalan,mediterranean,96.52,32.82,20.63,10/16/2022,16:46:44,2.941,1.591
mediterranean,Grilled Peaches with Franklin's Teleme,mediterranean,30.57,69.51,46.1,10/16/2022,16:46:44,0.44,1.508
mediterranean,Lemon and Mint Seafood Skewers with Tabbouleh,middle eastern,132.09,144.52,19.92,10/16/2022,16:46:44,0.914,7.255
mediterranean,Easy Shrimp Skillet,mediterranean,63.81,178.34,52.16,10/16/2022,16:46:44,0.358,3.419
mediterranean,Chicken with Cherry Tomato and Olive Topping,american,155.25,10.07,31.41,10/16/2022,16:46:44,15.417,0.321
mediterranean,PointsPlus Bulgur Pilaf with Pistachios and Raisins,mediterranean,29.87,171.54,36.44,10/16/2022,16:46:44,0.174,4.707
mediterranean,Greek Layer Dip,mediterranean,86.52,207.99,53.49,10/16/2022,16:46:44,0.416,3.888
mediterranean,Niçoise toasts,french,50.13,177.58,60.1,10/16/2022,16:46:44,0.282,2.955
mediterranean,Cat Cora's Olive Oil Chocolate Cake,american,72.74,336.95,148.19,10/16/2022,16:46:44,0.216,2.274
mediterranean,Lentil Stew with Spinach and Potatoes,middle eastern,60.81,189.87,30.64,10/16/2022,16:46:44,0.32,6.197
mediterranean,Skewered Greek Meatballs,mediterranean,176.19,29.61,218.5,10/16/2022,16:46:44,5.95,0.136
mediterranean,Fava Beans and Orzo Salad,mediterranean,94.19,276.06,53.22,10/16/2022,16:46:44,0.341,5.187
mediterranean,"Braised Chicken With Artichokes, Olives, and Lemon",mediterranean,241.76,159.0,214.7,10/16/2022,16:46:44,1.521,0.741
mediterranean,Pan-Fried Tomatoes with a Cornmeal Crust,american,12.46,92.77,74.97,10/16/2022,16:46:51,0.134,1.237
mediterranean,Spicy Brussels Sprouts with Fried Capers,italian,36.59,89.88,76.79,10/16/2022,16:46:51,0.407,1.17
mediterranean,Grilled Lamb Meatballs,middle eastern,84.91,25.57,138.48,10/16/2022,16:46:51,3.321,0.185
mediterranean,Honey-Glazed Doughnuts with Raisins and Pine Nuts,american,55.5,750.0,46.32,10/16/2022,16:46:51,0.074,16.192
mediterranean,"Onion, Pepper & Feta Quiche",mediterranean,60.01,160.48,149.63,10/16/2022,16:46:51,0.374,1.073
mediterranean,Greek Vegetarian Stuffed Zucchini,mediterranean,32.34,92.2,39.11,10/16/2022,16:46:51,0.351,2.357
mediterranean,Cook the Book: Pita Bread,mediterranean,44.66,319.61,58.39,10/16/2022,16:46:51,0.14,5.474
mediterranean,Salmon with salsa verde,nordic,357.97,189.46,315.0,10/16/2022,16:46:51,1.889,0.601
mediterranean,Moutabal,mediterranean,34.92,112.17,24.8,10/16/2022,16:46:51,0.311,4.523
mediterranean,Sea bass & seafood Italian one-pot,american,163.9,50.07,45.18,10/16/2022,16:46:51,3.273,1.108
mediterranean,Fattoush with Yogurt-Tahini Dressing,mediterranean,22.88,49.4,26.34,10/16/2022,16:46:51,0.463,1.875
mediterranean,"Roasted Red Pepper, Spinach & Feta Penne Pasta",mediterranean,79.14,306.42,84.84,10/16/2022,16:46:51,0.258,3.612
mediterranean,Grilled Chicken with Rustic Mustard Cream,american,154.38,6.93,54.97,10/16/2022,16:46:51,22.277,0.126
mediterranean,Orzo Olive Salad,mediterranean,35.83,141.46,70.35,10/16/2022,16:46:51,0.253,2.011
mediterranean,Moroccan Ratatouille,middle eastern,28.14,151.73,41.51,10/16/2022,16:46:51,0.185,3.655
mediterranean,Vegetarian Mezze Lunch to Go,mediterranean,31.83,50.32,56.31,10/16/2022,16:46:51,0.633,0.894
mediterranean,Tuna and Olive Salad Sandwich,mediterranean,132.98,167.73,110.4,10/16/2022,16:46:51,0.793,1.519
mediterranean,Hamburger Imbottiti (Stuffed Hamburgers),american,146.05,23.09,175.75,10/16/2022,16:46:51,6.325,0.131
mediterranean,Grilled Squid With Olive Oil and Lemon Recipe,mediterranean,71.04,15.83,20.36,10/16/2022,16:46:57,4.488,0.778
mediterranean,Corn and Fregola with Grilled Halloumi Cheese,italian,74.43,272.88,137.59,10/16/2022,16:46:57,0.273,1.983
mediterranean,Greek Roasted Fish with Vegetables,mediterranean,146.81,132.48,117.38,10/16/2022,16:46:57,1.108,1.129
mediterranean,Spiced Silverbeet and Pumpkin Hash,american,20.99,88.57,107.25,10/16/2022,16:46:57,0.237,0.826
mediterranean,Greek Chicken Sheet Pan Dinner with Green Beans and Feta,mediterranean,247.52,176.44,55.68,10/16/2022,16:46:57,1.403,3.169
mediterranean,Mykonos Pork Roast with Tzatziki Sauce,mediterranean,347.08,35.21,183.42,10/16/2022,16:46:57,9.857,0.192
mediterranean,Salmon with Roasted Red Pepper Quinoa Salad,nordic,139.98,98.53,138.01,10/16/2022,16:46:57,1.421,0.714
mediterranean,Greek Stuffed Portobello Mushrooms,mediterranean,17.61,26.48,54.76,10/16/2022,16:46:57,0.665,0.484
mediterranean,Ratatouille,french,10.97,56.46,56.84,10/16/2022,16:46:57,0.194,0.993
mediterranean,Cheesy Greek-Style Baked Quinoa,mediterranean,73.56,143.19,89.34,10/16/2022,16:46:57,0.514,1.603
mediterranean,Branzino al Forno,italian,431.11,70.42,122.31,10/16/2022,16:46:57,6.122,0.576
mediterranean,"Zucchini Noodle ""Pasta"" Salad",asian,111.27,362.9,123.01,10/16/2022,16:46:57,0.307,2.95
mediterranean,Vegetable Saute,american,56.93,186.48,32.98,10/16/2022,16:46:57,0.305,5.654
mediterranean,Lamb Chops with Mint Gremolata,american,65.75,11.65,218.95,10/16/2022,16:46:57,5.644,0.053
mediterranean,Fresh ATHENOS® Salsa,mexican,41.67,55.89,91.17,10/16/2022,16:46:57,0.746,0.613
mediterranean,Almond-Apricot Chicken with Mint Pesto,italian,199.63,84.21,194.66,10/16/2022,16:46:57,2.371,0.433
mediterranean,Greek Burgers with Herb-Feta Sauce,mediterranean,122.62,83.43,118.48,10/16/2022,16:46:57,1.47,0.704
mediterranean,Lamb & Eggplant Ragu,italian,63.04,198.15,41.35,10/16/2022,16:46:57,0.318,4.792
mediterranean,Shepherd's Salad,american,14.98,32.93,40.38,10/16/2022,16:46:57,0.455,0.816
mediterranean,Tomatoes Stuffed with Puréed Cauliflower and Feta,mediterranean,44.16,57.12,80.85,10/16/2022,16:46:57,0.773,0.706
mediterranean,"Pork Roast Stuffed with Roasted Red Peppers, Feta, and Spinach",mediterranean,308.94,55.85,222.81,10/16/2022,16:47:04,5.532,0.251
mediterranean,Pita Bread,middle eastern,89.23,583.51,83.38,10/16/2022,16:47:04,0.153,6.998
mediterranean,North African Vegetable Stew with Poached Eggs,mexican,80.33,196.54,47.17,10/16/2022,16:47:04,0.409,4.167
mediterranean,Slow-Cooked Lamb with Lemons & Pomegranate,mediterranean,193.76,128.33,232.77,10/16/2022,16:47:04,1.51,0.551
mediterranean,Gluten-Free Greek Halva Recipe,mediterranean,36.4,550.77,134.86,10/16/2022,16:47:04,0.066,4.084
mediterranean,Spanish Clam Soup,mediterranean,304.84,226.63,109.62,10/16/2022,16:47:04,1.345,2.067
mediterranean,Wilted Dandelion Greens with Toasted Matzo Crumbles,eastern europe,10.35,122.36,55.72,10/16/2022,16:47:04,0.085,2.196
mediterranean,Tilapia & Summer Vegetable Packets,mediterranean,97.34,33.28,25.89,10/16/2022,16:47:04,2.925,1.285
mediterranean,Holly Clegg’s Eight Layered Greek Dip,mediterranean,30.48,67.11,49.64,10/16/2022,16:47:04,0.454,1.352
mediterranean,Greek-Style Chicken Salad,mediterranean,68.33,42.72,122.26,10/16/2022,16:47:04,1.599,0.349
mediterranean,DIY Amaretto Recipe,world,13.6,299.79,19.72,10/16/2022,16:47:04,0.045,15.202
mediterranean,Pomegranate Molasses-Glazed Chicken and Carrots,american,117.65,112.5,141.64,10/16/2022,16:47:04,1.046,0.794
mediterranean,Raw Artichoke Salad,mediterranean,17.84,92.7,136.41,10/16/2022,16:47:04,0.192,0.68
mediterranean,"Warm black-eyed peas salad with collard greens, spinach, feta & sun-dried tomato",mediterranean,35.35,90.7,73.71,10/16/2022,16:47:04,0.39,1.23
mediterranean,Lamb Chops with Moroccan Salad,middle eastern,193.58,121.61,339.61,10/16/2022,16:47:04,1.592,0.358
mediterranean,"Cucumber, Tomato & Feta Salad",mediterranean,11.2,27.29,50.67,10/16/2022,16:47:04,0.41,0.539
mediterranean,Greek Cauliflower Rice Bowls with Grilled Chicken,mediterranean,118.21,44.88,107.69,10/16/2022,16:47:04,2.634,0.417
mediterranean,Herbed Lima Bean Hummus,mediterranean,42.95,140.33,73.51,10/16/2022,16:47:04,0.306,1.909
mediterranean,Sun-Dried-Tomato Relish With Cayenne Toasts,american,85.58,194.56,170.81,10/16/2022,16:47:04,0.44,1.139
mediterranean,Vegetarian Stuffed Grape Leaves,mediterranean,57.9,363.37,98.45,10/16/2022,16:47:11,0.159,3.691
mediterranean,Turkish Meat Bread,middle eastern,59.02,186.01,62.86,10/16/2022,16:47:11,0.317,2.959
mediterranean,ATHENOS Seven-Layer Dip,american,107.37,302.39,100.57,10/16/2022,16:47:11,0.355,3.007
mediterranean,Hummus with Slow-Roasted Vegetables,mediterranean,59.16,153.47,119.03,10/16/2022,16:47:11,0.385,1.289
mediterranean,"Baked Chicken Legs with Chickpeas, Olives, and Greens",mediterranean,290.36,192.97,380.9,10/16/2022,16:47:11,1.505,0.507
mediterranean,Bistro Chicken-Pasta Salad,french,103.41,194.15,67.1,10/16/2022,16:47:11,0.533,2.893
mediterranean,Orzo Salad with Chickpeas & Artichoke Hearts,mediterranean,43.47,137.98,24.82,10/16/2022,16:47:11,0.315,5.559
mediterranean,Greek-Style Shrimp and Feta Tacos Recipe,mediterranean,112.06,150.51,98.17,10/16/2022,16:47:11,0.745,1.533
mediterranean,Hazelnut Panna Cotta with Berry Compote,italian,34.69,212.32,265.0,10/16/2022,16:47:11,0.163,0.801
mediterranean,"Greek Turkey Burgers with Spinach, Feta & Tzatziki",mediterranean,120.5,84.5,76.57,10/16/2022,16:47:11,1.426,1.104
mediterranean,Vegetarian casserole,french,41.67,149.77,19.93,10/16/2022,16:47:11,0.278,7.515
mediterranean,"Marinated Olives with Lemon, Thyme & Rosemary",mediterranean,7.05,50.56,113.5,10/16/2022,16:47:11,0.139,0.445
mediterranean,Marinated Chickpeas,mediterranean,65.86,202.86,47.13,10/16/2022,16:47:11,0.325,4.304
mediterranean,Grilled Portabella Burgers with Pesto Mayo,american,80.69,141.91,103.0,10/16/2022,16:47:11,0.569,1.378
mediterranean,Tomato Dolma with Roasted Eggplant (Köz Patlicanli Domates Dolmasi),middle eastern,107.48,149.43,123.96,10/16/2022,16:47:11,0.719,1.205
mediterranean,Baby-Artichoke Sandwich,mediterranean,128.75,376.68,160.56,10/16/2022,16:47:11,0.342,2.346
mediterranean,Pita Chip Nachos,mexican,134.26,154.66,68.87,10/16/2022,16:47:11,0.868,2.246
mediterranean,Herb and Mustard-Crusted Rack of Lamb,mediterranean,101.96,21.02,232.49,10/16/2022,16:47:11,4.851,0.09
mediterranean,Kale Salad with Preserved Lemon & Walnuts,mediterranean,16.94,29.43,97.55,10/16/2022,16:47:11,0.576,0.302
mediterranean,Chickpea-Farro Salad,eastern europe,53.42,184.36,41.09,10/16/2022,16:47:17,0.29,4.487
mediterranean,Mexican Roasted Corn Salad With Buttermilk Dressing,mexican,40.09,145.0,37.25,10/16/2022,16:47:17,0.276,3.893
mediterranean,Sumac Hummus,mediterranean,29.36,76.22,66.49,10/16/2022,16:47:17,0.385,1.146
mediterranean,Walnut-Date Torte,mediterranean,54.68,383.6,112.39,10/16/2022,16:47:17,0.143,3.413
mediterranean,"Mussels with Tomatoes, Wine, and Anise",italian,117.86,116.72,76.96,10/16/2022,16:47:17,1.01,1.517
mediterranean,Sea bream with a courgette salad with fresh mint and rocket,mediterranean,179.26,66.72,234.79,10/16/2022,16:47:17,2.687,0.284
mediterranean,Caramelized Onion and Sour Cream Spread,american,78.92,277.84,151.23,10/16/2022,16:47:17,0.284,1.837
mediterranean,Braised Lamb Shanks & Eggplant,middle eastern,224.43,78.02,183.6,10/16/2022,16:47:17,2.877,0.425
mediterranean,Rouget and Shrimp with Lemon Sauce,american,175.91,50.03,138.15,10/16/2022,16:47:17,3.516,0.362
mediterranean,Bacon Baklava,mediterranean,163.49,823.99,554.46,10/16/2022,16:47:17,0.198,1.486
mediterranean,Lemon-Avocado Spaghetti with Shrimp,mediterranean,111.44,379.01,53.54,10/16/2022,16:47:17,0.294,7.079
mediterranean,"Stuffed Peppers, Tomatoes, and Mushrooms",italian,71.26,254.86,101.36,10/16/2022,16:47:17,0.28,2.514
mediterranean,Roman-Jewish Fried Artichokes (Carciofi alla Giudia) Recipe,mediterranean,46.41,159.23,235.33,10/16/2022,16:47:17,0.291,0.677
mediterranean,Yogurt-Marinated Lamb Kebabs,middle eastern,91.02,277.49,64.45,10/16/2022,16:47:17,0.328,4.306
mediterranean,Zaatar and Lemon Grilled Chicken,french,262.62,43.46,368.27,10/16/2022,16:47:17,6.043,0.118
mediterranean,Tzatziki,mediterranean,50.78,68.75,32.66,10/16/2022,16:47:17,0.739,2.105
mediterranean,Fish Niçoise,french,76.03,41.4,24.7,10/16/2022,16:47:17,1.836,1.676
mediterranean,Greek Salad Chicken Pita,mediterranean,133.23,281.65,82.39,10/16/2022,16:47:17,0.473,3.418
mediterranean,Tomato & Artichoke Gnocchi,mediterranean,65.29,296.05,47.01,10/16/2022,16:47:17,0.221,6.298
mediterranean,Couscous-Stuffed Chicken,italian,166.03,46.07,64.46,10/16/2022,16:47:17,3.604,0.715
mediterranean,One-Pot Greek Pasta,mediterranean,138.67,512.17,98.42,10/16/2022,16:47:24,0.271,5.204
mediterranean,Roasted Garlic and Olive Salsa Recipe,mediterranean,32.22,78.46,72.25,10/16/2022,16:47:24,0.411,1.086
mediterranean,Warm Tuna Salad Niçoise,french,77.19,129.82,31.19,10/16/2022,16:47:24,0.595,4.162
mediterranean,Acorn Squash Stuffed with Chard & White Beans,italian,67.87,233.76,52.7,10/16/2022,16:47:24,0.29,4.436
mediterranean,"Peppers Stuffed with Lamb, Feta, Couscous, and Black Olives",mediterranean,173.33,227.55,281.84,10/16/2022,16:47:24,0.762,0.807
mediterranean,Mustard Aioli-Grilled Potatoes with Fines Herbes,american,25.75,206.27,91.42,10/16/2022,16:47:24,0.125,2.256
mediterranean,Broiled Lamb Chops with Walnut and Mint Gremolata,american,178.2,14.66,343.4,10/16/2022,16:47:24,12.156,0.043
mediterranean,Our paella,mediterranean,436.65,283.86,388.51,10/16/2022,16:47:24,1.538,0.731
mediterranean,Cod Baked with Tomatoes and Feta,mediterranean,107.81,69.5,59.74,10/16/2022,16:47:24,1.551,1.163
mediterranean,Tangy-Sweet Lemon Chicken,american,235.01,289.66,164.76,10/16/2022,16:47:24,0.811,1.758
mediterranean,Whipped Salt-Cod Spread (Brandade de Morue) Recipe,mediterranean,297.98,79.44,304.11,10/16/2022,16:47:24,3.751,0.261
mediterranean,Grilled Lamb and Pistachio Burgers,american,100.79,14.53,160.58,10/16/2022,16:47:24,6.937,0.09
mediterranean,Fish Soup with Saffron and Fennel,mediterranean,329.4,106.49,93.1,10/16/2022,16:47:24,3.093,1.144
mediterranean,Bacon Swiss Burgers with Tomato and Avocado,american,174.59,97.06,164.78,10/16/2022,16:47:24,1.799,0.589
mediterranean,Orgeat Recipe,mediterranean,60.49,361.57,142.8,10/16/2022,16:47:24,0.167,2.532
mediterranean,Provençal Baked Fish with Roasted Potatoes & Mushrooms,mediterranean,98.38,104.75,34.74,10/16/2022,16:47:24,0.939,3.015
mediterranean,Roasted Kale and Eggplant Tapenade,mediterranean,18.29,68.88,30.22,10/16/2022,16:47:24,0.266,2.279
mediterranean,"Chickpea, Chorizo & Spinach Soup",mediterranean,87.97,182.05,76.83,10/16/2022,16:47:24,0.483,2.37
mediterranean,Skordalia Trio,mediterranean,31.51,144.29,90.4,10/16/2022,16:47:31,0.218,1.596
mediterranean,Labneh Stuffed Grape Leaves Preserved in Oil,mediterranean,95.12,34.35,784.56,10/16/2022,16:47:31,2.769,0.044
mediterranean,Acorn Squash Stuffed with Chard & White Beans for Two,french,34.18,115.22,27.23,10/16/2022,16:47:31,0.297,4.231
mediterranean,Dinner Tonight: Red Snapper with Tomatoes and Olives Baked in Foil Recipe,american,73.25,19.56,35.43,10/16/2022,16:47:31,3.745,0.552
mediterranean,Greek-Style Chicken Breasts,mediterranean,163.25,36.27,61.89,10/16/2022,16:47:31,4.501,0.586
mediterranean,Spring Lamb with Grilled Baby Artichokes – Mr. Bean,mediterranean,247.58,224.63,259.78,10/16/2022,16:47:31,1.102,0.865
mediterranean,"Skillet Cod with Bulgur, Zucchini, and Tomatoes",italian,205.84,145.35,50.36,10/16/2022,16:47:31,1.416,2.886
mediterranean,Eggs Baked Over a Spicy Vegetable Ragout,south american,46.52,78.19,41.24,10/16/2022,16:47:31,0.595,1.896
mediterranean,Instant Pot Chicken Breast,french,102.22,1.1,25.48,10/16/2022,16:47:31,92.927,0.043
mediterranean,Baccalà in Zimino (Salted Cod with Greens),american,297.23,43.93,53.0,10/16/2022,16:47:31,6.766,0.829
mediterranean,Chicken-Garbanzo Salad,mediterranean,97.63,143.47,37.37,10/16/2022,16:47:31,0.68,3.839
mediterranean,Spicy Lamb Burgers with Grilled Eggplant,south east asian,251.96,152.38,325.38,10/16/2022,16:47:31,1.653,0.468
mediterranean,Spiced Braised Lamb with Carrots and Spinach,mediterranean,294.18,100.24,375.0,10/16/2022,16:47:31,2.935,0.267
mediterranean,Cook the Book: Piedmontese Peppers,french,14.67,55.62,67.77,10/16/2022,16:47:31,0.264,0.821
mediterranean,Greek Meatball Mezze Bowls,mediterranean,129.23,118.99,93.66,10/16/2022,16:47:31,1.086,1.27
mediterranean,Dinner Tonight: Zucchini Galette,american,48.52,37.77,40.98,10/16/2022,16:47:31,1.285,0.922
mediterranean,Vasilopita,french,103.98,798.0,274.18,10/16/2022,16:47:31,0.13,2.91
mediterranean,Yellow Tomato Gazpacho,mediterranean,20.33,90.1,22.66,10/16/2022,16:47:31,0.226,3.976
mediterranean,Lamb Meatballs With Dilled Carrots,mediterranean,143.68,100.92,181.74,10/16/2022,16:47:31,1.424,0.555
mediterranean,Ratatouille & Tabouleh,french,30.7,197.55,113.49,10/16/2022,16:47:37,0.155,1.741
mediterranean,Sweet Orange Couscous with Dried Fruit,mediterranean,18.2,288.56,1.71,10/16/2022,16:47:37,0.063,168.749
mediterranean,Provençal Turkey Kebabs with Grilled Lemon,american,127.42,27.02,58.44,10/16/2022,16:47:37,4.716,0.462
mediterranean,Whole-Grain Orzo & Grilled Vegetable Salad,mediterranean,82.67,149.58,128.16,10/16/2022,16:47:37,0.553,1.167
mediterranean,Persian Spinach and Yogurt Dip (Borani Esfanaj),american,17.38,27.36,16.82,10/16/2022,16:47:37,0.635,1.627
mediterranean,Sheet-Pan Chicken & Vegetables with Romesco Sauce,mediterranean,130.42,169.05,169.26,10/16/2022,16:47:37,0.771,0.999
mediterranean,Shrimp Prepared in the Scampi Style,south east asian,220.9,37.84,136.03,10/16/2022,16:47:37,5.838,0.278
mediterranean,Slow-Cooker Turkish Lamb & Vegetable Stew,middle eastern,152.35,165.11,122.58,10/16/2022,16:47:37,0.923,1.347
mediterranean,Grilled Merguez with Ratatouille,french,99.76,107.78,307.18,10/16/2022,16:47:37,0.926,0.351
mediterranean,Fava Bean Salad with Mountain Ham and Mint,american,970.31,823.34,322.84,10/16/2022,16:47:37,1.179,2.55
mediterranean,Golden Panko Latkes with Sour Cream and Chives,american,48.52,268.05,278.23,10/16/2022,16:47:37,0.181,0.963
mediterranean,Roasted Black Sea Bass with Tomato and Olive Salad,french,103.41,42.09,97.54,10/16/2022,16:47:37,2.457,0.432
mediterranean,Veal Meatballs with Braised Vegetables,italian,113.91,113.69,164.46,10/16/2022,16:47:37,1.002,0.691
mediterranean,Escabeche,mediterranean,218.54,308.96,147.28,10/16/2022,16:47:37,0.707,2.098
mediterranean,Kimchi-Sesame Hummus,mediterranean,42.04,115.5,71.36,10/16/2022,16:47:37,0.364,1.619
mediterranean,"Mussels with Spices, Ginger, Lemongrass and Coriander",mediterranean,111.01,63.06,49.44,10/16/2022,16:47:37,1.76,1.275
mediterranean,Korean Hummus,mediterranean,101.15,309.08,67.03,10/16/2022,16:47:37,0.327,4.611
mediterranean,Espinacas con Garbanzos/Spinach and Garbanzos,mediterranean,46.05,128.0,51.71,10/16/2022,16:47:37,0.36,2.475
mediterranean,Quinoa Salad with Pistachios and Currants,mediterranean,43.09,209.08,59.17,10/16/2022,16:47:37,0.206,3.534
mediterranean,Chicken in Garlic-Vinegar Sauce,french,181.1,69.02,141.49,10/16/2022,16:47:44,2.624,0.488
mediterranean,Ouzo Poached Shrimp with Tomatoes and Corn Salad,mediterranean,66.88,66.05,73.57,10/16/2022,16:47:44,1.013,0.898
mediterranean,Greek Salmon Salad,nordic,13.44,99.69,22.25,10/16/2022,16:47:44,0.135,4.48
mediterranean,"Dinner Tonight: Orzo with Cherry Tomatoes, Capers, and Lemon Recipe",italian,35.82,115.03,31.12,10/16/2022,16:47:44,0.311,3.696
mediterranean,Cider Doughnuts with Maple-Tahini Glaze,american,39.26,347.85,83.29,10/16/2022,16:47:44,0.113,4.176
mediterranean,"Falafel, Feta, and Tomato Salad",mediterranean,37.66,84.02,108.06,10/16/2022,16:47:44,0.448,0.778
mediterranean,Seaside Salad,mediterranean,227.93,51.62,184.65,10/16/2022,16:47:44,4.416,0.28
mediterranean,Southeast Asian Carrot Salad with Mint and Roasted Peanuts,south east asian,22.49,54.43,46.33,10/16/2022,16:47:44,0.413,1.175
mediterranean,Tunisian Leblebi,mediterranean,98.69,215.1,32.2,10/16/2022,16:47:44,0.459,6.68
mediterranean,Stuffed Red Bell Peppers,middle eastern,127.0,151.18,150.93,10/16/2022,16:47:44,0.84,1.002
mediterranean,"Whole Wheat Spaghetti Salad With Grilled Zucchini, Kalamata Olives, and Feta Recipe",mediterranean,102.41,387.6,126.97,10/16/2022,16:47:44,0.264,3.053
mediterranean,Braised Leg of Lamb with Juniper,french,355.04,112.89,304.93,10/16/2022,16:47:44,3.145,0.37
mediterranean,"Swordfish with Olives, Capers & Tomatoes over Polenta",italian,100.42,85.94,51.15,10/16/2022,16:47:44,1.168,1.68
mediterranean,Falafel Pizza,italian,71.31,218.32,60.34,10/16/2022,16:47:44,0.327,3.618
mediterranean,Spanakopita Grilled Cheese,mediterranean,44.64,80.82,70.43,10/16/2022,16:47:44,0.552,1.148
mediterranean,Autumn Olive Medley,french,363.39,112.36,306.17,10/16/2022,16:47:44,3.234,0.367
mediterranean,Greek Tomato and Cucumber Salad with Farro,mediterranean,43.63,168.35,66.91,10/16/2022,16:47:44,0.259,2.516
mediterranean,Ancient Arabic Coffee Shows Guests You Think They’re Worth It,middle eastern,1.64,10.27,0.2,10/16/2022,16:47:44,0.16,51.35
mediterranean,Lemon-Herb Salmon with Caponata & Farro,nordic,152.24,158.87,79.49,10/16/2022,16:47:44,0.958,1.999
mediterranean,Fried Squid Po' Boy with Avocado and Black Chile Oil Recipe,american,99.63,192.2,220.65,10/16/2022,16:47:51,0.518,0.871
mediterranean,Roasted Tomatoes and Sage Pesto,italian,54.18,114.77,258.04,10/16/2022,16:47:51,0.472,0.445
mediterranean,Sea Bass Crusted with Moroccan Spices,middle eastern,129.58,20.8,30.88,10/16/2022,16:47:51,6.23,0.674
mediterranean,"Rustic Rosemary, Grape and Feta Galette with Caramelized Onions",mediterranean,38.36,154.91,79.92,10/16/2022,16:47:51,0.248,1.938
mediterranean,Piled-High Greek Vegetable Pitas,mediterranean,51.34,172.22,41.36,10/16/2022,16:47:51,0.298,4.164
mediterranean,Greek Chicken & Cucumber Pita Sandwiches with Yogurt Sauce,mediterranean,104.99,164.17,98.54,10/16/2022,16:47:51,0.64,1.666
mediterranean,Honeyed Prawns & Polenta,italian,96.31,318.46,47.83,10/16/2022,16:47:51,0.302,6.658
mediterranean,Pâtes aux Cêpes (Tagliatelle with Porcini Mushrooms and Crème Fraîche) Recipe,french,71.92,389.19,57.18,10/16/2022,16:47:51,0.185,6.806
mediterranean,Savory Lamb Shanks with Eggplant and Barley,american,377.68,241.99,275.44,10/16/2022,16:47:51,1.561,0.879
mediterranean,Artichokes with Broad Beans and Almonds,mediterranean,63.55,128.47,254.0,10/16/2022,16:47:51,0.495,0.506
mediterranean,"Salad with Kale, Snap Peas and Lemony Feta Dressing",mediterranean,35.42,78.76,93.12,10/16/2022,16:47:51,0.45,0.846
mediterranean,Irish Pizza,italian,110.38,202.45,185.25,10/16/2022,16:47:51,0.545,1.093
mediterranean,Chickpea Salad with Cumin Vinaigrette Recipe,american,66.72,205.83,159.5,10/16/2022,16:47:51,0.324,1.29
mediterranean,Scrambled Eggs with Goat Cheese and Aleppo Pepper,mediterranean,51.0,14.13,75.57,10/16/2022,16:47:51,3.609,0.187
mediterranean,Za'atar-Crusted Chicken Schnitzel,central europe,255.46,81.7,166.3,10/16/2022,16:47:51,3.127,0.491
mediterranean,Pita Panzanella Salad with Meatballs,italian,158.84,149.37,128.05,10/16/2022,16:47:51,1.063,1.166
mediterranean,Chicken Hash Recipe,french,145.1,112.03,134.68,10/16/2022,16:47:51,1.295,0.832
mediterranean,Hamachi Carpaccio with Piquillo peppers and Grilled lemon,mediterranean,108.86,29.66,132.56,10/16/2022,16:47:51,3.67,0.224
mediterranean,Linguine with Shellfish Sauce,italian,398.42,444.69,118.77,10/16/2022,16:47:51,0.896,3.744
mediterranean,Braised Chicken with Fennel and Dried Figs,french,218.73,156.01,193.1,10/16/2022,16:47:58,1.402,0.808
mediterranean,Garlic Croutons with Eggplant and Roasted Pepper Spread Topped with Grilled Shrimp,mediterranean,43.83,78.64,72.47,10/16/2022,16:47:58,0.557,1.085
mediterranean,Tabbouleh Tacos with Tahini-Garlic Dressing,mediterranean,97.53,371.53,54.73,10/16/2022,16:47:58,0.263,6.788
mediterranean,Fennel Braised with Artichokes,mediterranean,28.54,114.37,58.47,10/16/2022,16:47:58,0.25,1.956
mediterranean,Sweet Chile Pork over Cumin Beans and Cilantro Rice,mexican,407.45,881.0,145.87,10/16/2022,16:47:58,0.462,6.04
mediterranean,Roasted Garlic Vegetable Soup,american,70.08,161.99,152.23,10/16/2022,16:47:58,0.433,1.064
mediterranean,Spicy Shrimp Tortillitas with Mango Mayonnaise,mediterranean,84.45,218.71,191.1,10/16/2022,16:47:58,0.386,1.144
mediterranean,Ripe's Radicchio Salad with Tahini Lemon Drizzle,mediterranean,18.08,62.76,102.97,10/16/2022,16:47:58,0.288,0.609
mediterranean,Beef and Vegetable Shish Kebabs Recipe,middle eastern,168.59,57.28,183.82,10/16/2022,16:47:58,2.943,0.312
mediterranean,Watermelon Feta Tomato Salad with Basil Vinaigrette,mediterranean,14.91,97.1,77.79,10/16/2022,16:47:58,0.154,1.248
mediterranean,Eggplant Napoleon,mediterranean,66.6,308.96,526.89,10/16/2022,16:47:58,0.216,0.586
mediterranean,Sheep's-Milk Yogurt Cheesecakes with Grilled Figs and Pistachios,american,30.45,202.73,138.23,10/16/2022,16:47:58,0.15,1.467
mediterranean,Greek Grilled Salmon Kebabs with Tzatziki & Green Beans,mediterranean,141.41,99.83,114.17,10/16/2022,16:47:58,1.417,0.874
mediterranean,Salmon and Potatoes Roasted on Fig Leaves with Fresh Fig Salad,nordic,175.17,163.48,189.39,10/16/2022,16:47:58,1.072,0.863
mediterranean,"Salad of Limas, Green Beans, and Chickpeas with Lemon and Parsley",american,30.56,113.35,31.73,10/16/2022,16:47:58,0.27,3.572
mediterranean,Dinner Tonight: Curried Pork Noodles Recipe,asian,97.73,201.04,127.89,10/16/2022,16:47:58,0.486,1.572
mediterranean,Lamb Dumplings with Cucumber Vinegar Dipping Sauce,chinese,128.29,324.19,135.9,10/16/2022,16:47:58,0.396,2.386
mediterranean,Pulled Blackened Chicken with Toasted Couscous,american,216.24,210.88,260.79,10/16/2022,16:47:58,1.025,0.809
mediterranean,Beef Stew,american,168.43,101.65,50.5,10/16/2022,16:48:04,1.657,2.013
mediterranean,"Lamb Meatballs with Yogurt, Eggs, and Mint",american,265.8,228.03,337.78,10/16/2022,16:48:04,1.166,0.675
mediterranean,"Cook the Book: Cumin Seed Roasted Cauliflower with Salted Yogurt, Mint, and Pomegranate Seeds",mediterranean,23.51,99.19,35.13,10/16/2022,16:48:04,0.237,2.824
mediterranean,Provencal Seafood Pie,mediterranean,190.2,302.85,254.22,10/16/2022,16:48:04,0.628,1.191
mediterranean,"Chicken, Sausage, and Red Pepper Paella",mediterranean,247.13,394.06,303.66,10/16/2022,16:48:04,0.627,1.298
mediterranean,Monkfish and Clam Bourride,american,146.42,197.86,56.9,10/16/2022,16:48:04,0.74,3.477
mediterranean,"Grilled Swordfish with Artichokes, Tomatoes, and Olives",mediterranean,192.6,54.69,196.83,10/16/2022,16:48:04,3.522,0.278
mediterranean,"Sabich Sandwiches (Pitas With Eggplant, Eggs, Hummus, and Tahini) Recipe",mediterranean,89.55,241.62,359.36,10/16/2022,16:48:04,0.371,0.672
mediterranean,Lamb Kofta With Pomegranate Glaze,american,55.89,62.62,46.94,10/16/2022,16:48:04,0.893,1.334
mediterranean,Healthy & Delicious: Irio Recipe,american,38.49,221.18,3.83,10/16/2022,16:48:04,0.174,57.749
mediterranean,"Meat, Bulgur, and Rice Dolmades",mediterranean,59.78,108.31,72.74,10/16/2022,16:48:04,0.552,1.489
mediterranean,Cardoon Soup with Black Truffle Carpaccio Recipe,french,20.65,136.09,67.09,10/16/2022,16:48:04,0.152,2.028
mediterranean,Must-Try Hummus and Tortilla Chips,mediterranean,55.11,194.3,53.91,10/16/2022,16:48:04,0.284,3.604
mediterranean,Irish Soda Bread with Ancient Grains,american,62.34,282.4,54.59,10/16/2022,16:48:04,0.221,5.173
mediterranean,Zuk’s Grilled Octopus Salad,south american,287.5,138.38,174.66,10/16/2022,16:48:04,2.078,0.792
mediterranean,Pork Chile Verde with Red Chile Salsa,mexican,294.51,207.31,334.53,10/16/2022,16:48:04,1.421,0.62
mediterranean,"Slow-Cooker Pork Shoulder With Tomatoes, Fennel, and Pasta Recipe",italian,502.47,659.32,429.03,10/16/2022,16:48:04,0.762,1.537
mediterranean,Cook the Book: Harissa Ravioli,italian,63.35,183.09,112.59,10/16/2022,16:48:04,0.346,1.626
mediterranean,Cook the Book: Stuffed Baby Eggplants and Zucchini in Pomegranate Sauce,middle eastern,148.0,503.8,1004.58,10/16/2022,16:48:04,0.294,0.502
mediterranean,Pasta with Saffron,mediterranean,74.99,263.03,102.01,10/16/2022,16:48:11,0.285,2.578
mediterranean,Cooking from the Glossies: White Bean and Roasted Garlic Hummus Recipe,mediterranean,110.67,340.66,85.54,10/16/2022,16:48:11,0.325,3.982
mediterranean,Butternut Squash Soup with Apple and Ginger,american,81.03,403.57,496.19,10/16/2022,16:48:11,0.201,0.813
mediterranean,Lemony Chicken with Root Vegetables,mediterranean,191.64,220.82,212.79,10/16/2022,16:48:11,0.868,1.038
mediterranean,Cook the Book: Middle Eastern Lamb Pizza,italian,94.42,262.65,113.23,10/16/2022,16:48:11,0.359,2.32
mediterranean,Easy Provençal Lamb,french,446.71,234.62,448.83,10/16/2022,16:48:11,1.904,0.523
mediterranean,Dinner Recipe for Two: Duck Breast with Pomegranate-Citrus Glaze,french,66.43,23.5,14.25,10/16/2022,16:48:11,2.827,1.649
mediterranean,Cook the Book: Al Halabi Style Kebabs with Potato Moutabel,middle eastern,155.62,177.35,250.51,10/16/2022,16:48:11,0.877,0.708
mediterranean,Capers: What's Not to Love? Recipe,italian,82.98,25.84,105.67,10/16/2022,16:48:11,3.211,0.245
mediterranean,Herby Lamb and Turkey Meatballs,american,174.42,19.0,148.2,10/16/2022,16:48:11,9.18,0.128
mediterranean,Chickpeas with Spinach,indian,198.07,208.61,102.58,10/16/2022,16:48:11,0.949,2.034
mediterranean,Meat Lite: Eggs Any Style Shaksouka Recipe,mediterranean,34.97,15.12,39.65,10/16/2022,16:48:11,2.313,0.381
mediterranean,Sweet Potato Bisteeya,south american,88.12,518.34,245.25,10/16/2022,16:48:11,0.17,2.114
mediterranean,Cook the Book: Fried Halloumi Salad,asian,40.3,66.18,121.73,10/16/2022,16:48:11,0.609,0.544
mediterranean,Eat for Eight Bucks: Sardine Linguine with Sundried Tomatoes and Olives Recipe,american,73.02,276.1,85.51,10/16/2022,16:48:11,0.264,3.229
mediterranean,Italian Mixed Seafood Soup,italian,309.78,107.85,55.37,10/16/2022,16:48:11,2.872,1.948
mediterranean,Recipe: Spiced Oven Fries with Garlic Spread,american,4.45,22.53,15.58,10/16/2022,16:48:11,0.198,1.446
mediterranean,"Casserole of Lentils, Eggplant, and Mint",middle eastern,49.8,189.68,77.8,10/16/2022,16:48:11,0.263,2.438
mediterranean,Red Snapper with Provencal Tomato Sauce,french,202.0,168.47,119.43,10/16/2022,16:48:11,1.199,1.411
mediterranean,Egyptian Fried Fish Fillets,american,211.86,236.26,235.28,10/16/2022,16:48:18,0.897,1.004
mediterranean,Chicken Souvlaki With Tzatziki Sauce and Greek Salad Recipe,mediterranean,288.73,236.89,176.56,10/16/2022,16:48:18,1.219,1.342
mediterranean,Cook the Book: Pan-Roasted Striped Bass with Tunisian Chickpea Salad and Yogurt Sauce,american,236.43,225.35,203.05,10/16/2022,16:48:18,1.049,1.11
mediterranean,Meatballs Braised with Kale,mediterranean,531.48,279.16,566.41,10/16/2022,16:48:18,1.904,0.493
mediterranean,"Balsamic-Braised Pot Roast with Tomatoes, Lemons, Raisins, and Black Olive–Pine Nut Relish",american,280.68,268.31,211.91,10/16/2022,16:48:18,1.046,1.266
mediterranean,Det Burgers,japanese,211.09,119.36,144.07,10/16/2022,16:48:18,1.769,0.828
mediterranean,Poached Salt Cod with Vegetables and Garlic Mayonnaise,mediterranean,656.65,315.52,73.73,10/16/2022,16:48:18,2.081,4.279
mediterranean,"Scooped: Rosemary, Olive Oil, and Pine Honey Ice Cream",mediterranean,35.31,176.89,213.81,10/16/2022,16:48:18,0.2,0.827
mediterranean,Crabby Falafel 'Sliders' Recipe,american,161.34,442.12,189.36,10/16/2022,16:48:18,0.365,2.335
mediterranean,Chicken Thighs Confit,mediterranean,226.06,20.76,1092.92,10/16/2022,16:48:18,10.889,0.019
mediterranean,Meat Lite: Eggplant Lamb Lavash Wraps Recipe,american,119.73,253.72,95.35,10/16/2022,16:48:18,0.472,2.661
mediterranean,"Braised Chicken with Saffron Onions, Italian Couscous, and Dates",italian,442.1,603.47,503.79,10/16/2022,16:48:18,0.733,1.198
mediterranean,The Secret Ingredient: Preserved Lemons Recipe,american,326.24,283.27,390.59,10/16/2022,16:48:18,1.152,0.725
mediterranean,Mediterranean Dip,mediterranean,21.71,40.46,32.12,10/16/2022,16:48:18,0.537,1.26
mediterranean,Mediterranean Dip,mediterranean,21.71,40.46,32.12,10/16/2022,16:48:18,0.537,1.26
mediterranean,Mediterranean Pan Roasted Salmon,nordic,97.73,52.22,84.28,10/16/2022,16:48:18,1.872,0.62
mediterranean,Mediterranean Olive Spread,mediterranean,2.2,5.02,11.12,10/16/2022,16:48:18,0.438,0.451
mediterranean,Lamb with mediterranean couscous,mediterranean,186.2,214.33,118.24,10/16/2022,16:48:18,0.869,1.813
mediterranean,"Hummus Pizza, Mediterranean Style",italian,54.84,188.68,89.59,10/16/2022,16:48:18,0.291,2.106
mediterranean,Mediterranean Antipasto Salad,mediterranean,64.98,63.17,110.36,10/16/2022,16:48:24,1.029,0.572
mediterranean,Roasted Mediterranean Chick Pea’s recipes,mediterranean,14.51,51.09,15.81,10/16/2022,16:48:24,0.284,3.231
mediterranean,Mediterranean Elote,mediterranean,16.26,70.2,21.02,10/16/2022,16:48:24,0.232,3.34
mediterranean,Mediterranean Pasta,mediterranean,63.92,283.44,115.42,10/16/2022,16:48:24,0.226,2.456
mediterranean,5 Ingredient Mediterranean Dip recipes,mediterranean,22.95,13.03,52.44,10/16/2022,16:48:24,1.761,0.248
mediterranean,Mediterranean Hummus,mediterranean,36.11,111.87,52.67,10/16/2022,16:48:24,0.323,2.124
mediterranean,Chunky Mediterranean Vegetable Soup Recipe,mediterranean,53.71,128.07,19.18,10/16/2022,16:48:24,0.419,6.677
mediterranean,Mediterranean Feta and avo stack with balsamic tomatoes,mediterranean,49.4,169.6,62.28,10/16/2022,16:48:24,0.291,2.723
mediterranean,Mediterranean Mussels With Lemon Basil & Shallot,mediterranean,120.08,118.34,48.7,10/16/2022,16:48:24,1.015,2.43
mediterranean,Healthy Mediterranean Veggie Omelette recipes,french,17.82,10.57,19.72,10/16/2022,16:48:24,1.686,0.536
mediterranean,Mediterranean Chicken Soup,mediterranean,133.84,83.83,32.43,10/16/2022,16:48:24,1.597,2.585
mediterranean,Mediterranean Vegetable Chip Crusted Chicken,mediterranean,103.54,88.85,144.51,10/16/2022,16:48:24,1.165,0.615
mediterranean,Mediterranean Stuffed Mushroom Appetizer recipes,mediterranean,15.59,28.52,36.19,10/16/2022,16:48:24,0.547,0.788
mediterranean,3-Minute Mediterranean Vegetable Lasagne recipes,italian,107.91,287.32,75.99,10/16/2022,16:48:24,0.376,3.781
mediterranean,Creamy Mediterranean Chicken Pasta Primavera,italian,156.4,254.11,60.3,10/16/2022,16:48:24,0.615,4.214
mediterranean,Mediterranean Flatbread Sandwiches,mediterranean,36.69,156.32,46.86,10/16/2022,16:48:24,0.235,3.336
mediterranean,Mediterranean Pasta Salad,mediterranean,98.06,392.51,122.25,10/16/2022,16:48:24,0.25,3.211
mediterranean,Mediterranean White Bean Bruschetta,mediterranean,66.11,256.88,90.16,10/16/2022,16:48:24,0.257,2.849
mediterranean,Mediterranean Chicken Salad,mediterranean,43.84,31.94,44.49,10/16/2022,16:48:24,1.373,0.718
mediterranean,Easy Mediterranean Pot Roast,mediterranean,263.44,73.29,102.77,10/16/2022,16:48:24,3.594,0.713
mediterranean,Mediterranean Chickpea Burger Phyllo Bites,mediterranean,127.39,473.44,96.86,10/16/2022,16:48:31,0.269,4.888
mediterranean,Mediterranean Chicken Salad recipes,mediterranean,34.06,54.17,35.91,10/16/2022,16:48:31,0.629,1.508
mediterranean,Sheet Pan Mediterranean Cod,mediterranean,88.21,40.02,12.85,10/16/2022,16:48:31,2.204,3.114
mediterranean,Roasted Mediterranean vegetables with fetta and olives,mediterranean,37.88,106.66,56.81,10/16/2022,16:48:31,0.355,1.877
mediterranean,Mediterranean Pasta Salad,mediterranean,98.06,392.51,122.25,10/16/2022,16:48:31,0.25,3.211
mediterranean,Mediterranean Quinoa with Cashew Tzatziki,mediterranean,65.39,232.64,74.8,10/16/2022,16:48:31,0.281,3.11
mediterranean,Mediterranean Pasta Salad,mediterranean,88.07,352.89,122.97,10/16/2022,16:48:31,0.25,2.87
mediterranean,Alouette Crumbled Feta Mediterranean Caponata,mediterranean,37.35,64.48,107.8,10/16/2022,16:48:31,0.579,0.598
mediterranean,Alouette Crumbled Feta Mediterranean Caponata Recipe,mediterranean,37.35,64.48,107.8,10/16/2022,16:48:31,0.579,0.598
mediterranean,Mediterranean Grilled Chicken,mediterranean,78.2,12.18,44.72,10/16/2022,16:48:31,6.42,0.272
mediterranean,Mediterranean Couscous with Steamed Beets and Microgreens,mediterranean,81.52,130.91,182.29,10/16/2022,16:48:31,0.623,0.718
mediterranean,Sam's Mediterranean Rotini Pasta Salad,italian,64.44,294.7,252.4,10/16/2022,16:48:31,0.219,1.168
mediterranean,Mediterranean Chicken Lettuce Wrap Salad,mediterranean,96.62,37.84,74.64,10/16/2022,16:48:31,2.553,0.507
mediterranean,Mediterranean Salad with Crispy Chickpeas,mediterranean,51.99,192.73,36.48,10/16/2022,16:48:31,0.27,5.283
mediterranean,Mediterranean Stuffed Peppers Recipe,mediterranean,246.19,479.71,243.89,10/16/2022,16:48:31,0.513,1.967
mediterranean,Seared Chicken Thighs with Mediterranean Orzo Salad recipes,mediterranean,301.35,303.15,79.53,10/16/2022,16:48:31,0.994,3.812
mediterranean,Cheesy Chicken Mediterranean Pasta Bake recipes,mediterranean,222.04,249.55,218.59,10/16/2022,16:48:31,0.89,1.142
mediterranean,Mediterranean mackerel and potato patties,mediterranean,104.59,301.23,68.45,10/16/2022,16:48:31,0.347,4.401
mediterranean,Mediterranean Cauliflower White Bean Dip,mediterranean,54.04,158.03,72.18,10/16/2022,16:48:38,0.342,2.189
mediterranean,Greek Chicken Roulade recipes,mediterranean,212.92,20.97,131.37,10/16/2022,16:48:38,10.154,0.16
mediterranean,Provolone Tartare,mediterranean,58.89,7.65,83.83,10/16/2022,16:48:38,7.698,0.091
mediterranean,Quick And Easy Grilled Potatoes (4 Pts),mediterranean,15.79,133.36,27.59,10/16/2022,16:48:38,0.118,4.834
mediterranean,Mediterranean Tomato Stew with Braised Swo,mediterranean,175.75,78.91,115.15,10/16/2022,16:48:38,2.227,0.685
mediterranean,Mediterranean Shrimp ‘n Couscous Salad recipes,mediterranean,160.22,230.34,93.64,10/16/2022,16:48:38,0.696,2.46
mediterranean,Kalamata Basil Cream Cheese Spread,american,14.57,15.71,84.57,10/16/2022,16:48:38,0.927,0.186
mediterranean,Mediterranean Pizza with Whole Wheat Crust,italian,164.08,374.81,182.37,10/16/2022,16:48:38,0.438,2.055
mediterranean,Il Panino Toscano,italian,100.19,74.38,101.21,10/16/2022,16:48:38,1.347,0.735
mediterranean,Almond Apricot Dips Recipe,british,13.63,100.74,49.17,10/16/2022,16:48:38,0.135,2.049
mediterranean,Mediterranean Salad with Hummus and Fried Halloumi,mediterranean,85.27,189.55,257.96,10/16/2022,16:48:38,0.45,0.735
mediterranean,Yogurt Cheese and Pistachio Spread,american,181.29,95.95,231.94,10/16/2022,16:48:38,1.889,0.414
mediterranean,Fresh Dates filled with Mascarpone Cheese,american,19.24,58.76,83.7,10/16/2022,16:48:38,0.327,0.702
mediterranean,Za'atar and Lemon Roast Chickpeas,mediterranean,32.76,108.11,26.86,10/16/2022,16:48:38,0.303,4.025
mediterranean,Italian Pork Chops,italian,219.7,16.96,119.67,10/16/2022,16:48:38,12.954,0.142
mediterranean,Cucumber and Feta Appetizer Bites,mediterranean,11.97,10.18,16.2,10/16/2022,16:48:38,1.176,0.628
mediterranean,Paprika Beyond Chicken - and Tofu!,asian,3.79,26.17,0.77,10/16/2022,16:48:38,0.145,33.987
mediterranean,Italian Herb Seasoning,italian,0.49,3.01,0.47,10/16/2022,16:48:38,0.163,6.404
mediterranean,Dijon Pork Medallions with Roasted Carrot and Zucchini Fries,french,78.18,59.79,14.87,10/16/2022,16:48:44,1.308,4.021
mediterranean,Fried Provolone Stuffed Olives,italian,32.09,143.97,253.87,10/16/2022,16:48:44,0.223,0.567
mediterranean,Prosciutto-Wrapped Apricots Recipe,american,37.97,45.47,66.82,10/16/2022,16:48:44,0.835,0.68
mediterranean,Tuscan Chicken And Artichokes With Toasted Pine Nut Couscous Recipe,mediterranean,194.02,217.71,153.61,10/16/2022,16:48:44,0.891,1.417
mediterranean,Lemon Garlic Olives,mediterranean,5.56,42.09,48.92,10/16/2022,16:48:44,0.132,0.86
mediterranean,Herb Braised Chicken With Mushrooms And Tomatoes,french,124.82,254.42,152.74,10/16/2022,16:48:44,0.491,1.666
mediterranean,Holiday Bark w/Toasted Quinoa recipes,south american,123.91,368.32,94.37,10/16/2022,16:48:44,0.336,3.903
mediterranean,Greek Salad,mediterranean,14.99,66.76,35.63,10/16/2022,16:48:44,0.225,1.874
mediterranean,Spanish bruschetta (pan con tomate),mediterranean,14.74,66.78,9.22,10/16/2022,16:48:44,0.221,7.243
mediterranean,Warm Pasta Salad,italian,42.2,192.58,63.85,10/16/2022,16:48:44,0.219,3.016
mediterranean,Spicy Feta Spread,mediterranean,36.4,31.12,63.61,10/16/2022,16:48:44,1.17,0.489
mediterranean,Baccala with Tomato and Olives,mediterranean,153.5,161.76,99.42,10/16/2022,16:48:44,0.949,1.627
mediterranean,Tzatziki,mediterranean,20.31,40.51,16.6,10/16/2022,16:48:44,0.501,2.44
mediterranean,Dijon Pork Medallions with Roasted Carrot and Zucchini Fries,french,78.27,60.43,14.94,10/16/2022,16:48:44,1.295,4.045
mediterranean,Grilled Mackerel,american,299.3,17.94,246.42,10/16/2022,16:48:44,16.683,0.073
mediterranean,Israeli Couscous Salad with Mediterranean Roasted Vegetables recipes,middle eastern,55.29,259.84,175.55,10/16/2022,16:48:44,0.213,1.48
mediterranean,Easy Lemon Parmesan Baked Salmon,nordic,54.37,5.12,63.36,10/16/2022,16:48:44,10.619,0.081
mediterranean,Fava Bean and Farfalle Soup,american,196.11,424.6,56.58,10/16/2022,16:48:44,0.462,7.504
mediterranean,Baked Feta Cheese with Canned Sardines and Olives,mediterranean,30.47,6.71,79.32,10/16/2022,16:48:44,4.541,0.085
mediterranean,Feta Stuffed Lamb and Beef Burgers,mediterranean,157.08,4.13,203.02,10/16/2022,16:48:44,38.034,0.02
mediterranean,Egg Casserole for Two,italian,69.95,117.51,42.43,10/16/2022,16:48:51,0.595,2.77
mediterranean,Egg Casserole For Two,italian,69.95,117.51,42.43,10/16/2022,16:48:51,0.595,2.77
mediterranean,Lemony Kale Salad,mediterranean,12.42,16.03,47.0,10/16/2022,16:48:51,0.775,0.341
mediterranean,Marinated Olives,mediterranean,9.33,66.12,151.73,10/16/2022,16:48:51,0.141,0.436
mediterranean,Pickling Spice,american,8.17,24.54,9.86,10/16/2022,16:48:51,0.333,2.489
mediterranean,Linguini with Coriander Pesto and Chilli Calamari,italian,51.98,75.46,20.73,10/16/2022,16:48:51,0.689,3.64
mediterranean,Best Ever Gluten Free Veggie Supreme Pizza recipes,italian,202.68,347.95,223.18,10/16/2022,16:48:51,0.582,1.559
mediterranean,Spinach & Watercress Keto Salad,middle eastern,32.9,26.88,103.77,10/16/2022,16:48:51,1.224,0.259
mediterranean,Rustic New Potato and Bean Salad,american,25.91,173.42,1.76,10/16/2022,16:48:51,0.149,98.534
mediterranean,Stuffed baby capsicums,mediterranean,28.99,275.69,22.43,10/16/2022,16:48:51,0.105,12.291
mediterranean,Easy Sausage Vegetable Bake,american,91.34,114.09,305.39,10/16/2022,16:48:51,0.801,0.374
mediterranean,Easy Lemon Parmesan Baked Salmon,nordic,54.37,5.12,63.36,10/16/2022,16:48:51,10.619,0.081
mediterranean,Roasted vegetable & ham pasta salad,italian,73.61,211.5,34.84,10/16/2022,16:48:51,0.348,6.071
mediterranean,Mushroom Steaks,american,7.83,23.26,28.67,10/16/2022,16:48:51,0.337,0.811
mediterranean,Mediterranean chicken,mediterranean,78.14,54.23,110.34,10/16/2022,16:48:51,1.441,0.491
mediterranean,Italian Sausage & Vegetable Stew recipes,italian,120.35,97.18,216.44,10/16/2022,16:48:51,1.238,0.449
mediterranean,Mediterranean Salad,mediterranean,97.66,148.43,128.5,10/16/2022,16:48:51,0.658,1.155
mediterranean,Easy Lemon Parmesan Baked Salmon recipes,nordic,60.17,5.18,67.17,10/16/2022,16:48:51,11.616,0.077
mediterranean,Simple herb roasted carrots,american,9.61,97.15,56.73,10/16/2022,16:48:51,0.099,1.712
mediterranean,Fugazza,italian,93.01,295.81,63.97,10/16/2022,16:48:58,0.314,4.624
mediterranean,Mediterranean Tapenade,mediterranean,4.91,17.12,52.21,10/16/2022,16:48:58,0.287,0.328
mediterranean,Herbed Vegetable Ribbons,mediterranean,17.04,79.11,58.81,10/16/2022,16:48:58,0.215,1.345
mediterranean,Pasta with Olives and Tomatoes,italian,48.11,194.24,58.47,10/16/2022,16:48:58,0.248,3.322
mediterranean,Mediterranean steak,mediterranean,398.62,14.54,362.06,10/16/2022,16:48:58,27.415,0.04
mediterranean,Fetta fennel and dill salad,american,20.4,112.23,20.73,10/16/2022,16:48:58,0.182,5.414
mediterranean,Mediterranean smash,mediterranean,1.33,6.1,76.91,10/16/2022,16:48:58,0.218,0.079
mediterranean,Mediterranean Nachos,mediterranean,171.56,558.02,137.66,10/16/2022,16:48:58,0.307,4.054
mediterranean,Mediterranean Scramble,mediterranean,16.06,3.49,26.79,10/16/2022,16:48:58,4.602,0.13
mediterranean,Mediterranean pizzas,italian,126.18,271.03,129.4,10/16/2022,16:48:58,0.466,2.095
mediterranean,Fugazza,french,93.01,295.81,63.97,10/16/2022,16:48:58,0.314,4.624
mediterranean,Mediterranean Wraps,mediterranean,18.51,71.82,19.35,10/16/2022,16:48:58,0.258,3.712
mediterranean,Mediterranean Lamburgers,mediterranean,105.38,132.84,138.37,10/16/2022,16:48:58,0.793,0.96
mediterranean,Chipotle Roast Chicken,mexican,305.15,255.9,216.68,10/16/2022,16:48:58,1.192,1.181
mediterranean,Mediterranean Herbs,mediterranean,0.78,4.29,0.58,10/16/2022,16:48:58,0.182,7.397
mediterranean,Mediterranean fritters,mediterranean,41.31,137.53,44.65,10/16/2022,16:48:58,0.3,3.08
mediterranean,Feta-Stuffed Romano peppers,mediterranean,36.98,30.73,49.97,10/16/2022,16:48:58,1.203,0.615
mediterranean,Mediterranean mince,mediterranean,86.6,141.45,46.35,10/16/2022,16:48:58,0.612,3.052
mediterranean,"Aubergine, Pepper and Feta Parcels recipes",mediterranean,72.02,234.74,114.23,10/16/2022,16:48:58,0.307,2.055
mediterranean,Mediterranean Quinoa,mediterranean,72.84,164.58,31.77,10/16/2022,16:48:58,0.443,5.18
mediterranean,Mediterranean sandwich,mediterranean,38.53,66.3,37.83,10/16/2022,16:49:05,0.581,1.753
mediterranean,Mediterranean quinoa,mediterranean,37.62,128.86,37.84,10/16/2022,16:49:05,0.292,3.405
mediterranean,Mediterranean Pinwheels,mediterranean,9.34,20.65,24.42,10/16/2022,16:49:05,0.452,0.846
mediterranean,Mediterranean Capriata,mediterranean,117.79,341.13,117.64,10/16/2022,16:49:05,0.345,2.9
mediterranean,Mediterranean Marinade,mediterranean,1.3,7.99,108.28,10/16/2022,16:49:05,0.163,0.074
mediterranean,Mediterranean Eggs,mediterranean,36.94,16.97,50.1,10/16/2022,16:49:05,2.177,0.339
mediterranean,Mediterranean Peppers,mediterranean,7.46,62.84,28.91,10/16/2022,16:49:05,0.119,2.174
mediterranean,Mediterranean Kebabs,mediterranean,25.42,29.5,57.79,10/16/2022,16:49:05,0.862,0.51
mediterranean,Asparagus And Brie Open Pastry,french,48.32,39.28,65.74,10/16/2022,16:49:05,1.23,0.598
mediterranean,Mediterranean Quinoa,mediterranean,51.65,170.52,50.8,10/16/2022,16:49:05,0.303,3.357
mediterranean,Mediterranean Salmon,nordic,71.42,18.31,153.77,10/16/2022,16:49:05,3.901,0.119
mediterranean,Greek Edamame Salad,mediterranean,83.46,103.01,76.1,10/16/2022,16:49:05,0.81,1.354
mediterranean,Mediterranean meatloaf,mediterranean,181.08,106.71,192.38,10/16/2022,16:49:05,1.697,0.555
mediterranean,Mediterranean platter,mediterranean,112.56,256.94,174.63,10/16/2022,16:49:05,0.438,1.471
mediterranean,Mediterranean Salsa,mediterranean,24.3,86.45,29.49,10/16/2022,16:49:05,0.281,2.932
mediterranean,"Arugula, Feta, Artichoke & Tomato Flat",mediterranean,92.69,133.64,134.27,10/16/2022,16:49:05,0.694,0.995
mediterranean,Courgette Mediterranean,mediterranean,11.39,34.69,29.76,10/16/2022,16:49:05,0.328,1.166
mediterranean,Mediterranean Dip,mediterranean,52.25,79.67,130.93,10/16/2022,16:49:05,0.656,0.608
mediterranean,Mediterranean Palmiers,french,56.22,241.15,243.69,10/16/2022,16:49:05,0.233,0.99
mediterranean,Mediterranean Soup,mediterranean,99.81,27.97,91.99,10/16/2022,16:49:05,3.568,0.304
mediterranean,Mediterranean Mackerel,mediterranean,170.71,23.08,195.12,10/16/2022,16:49:12,7.396,0.118
mediterranean,Mediterranean Kale,mediterranean,7.54,20.8,15.11,10/16/2022,16:49:12,0.362,1.377
mediterranean,Braised Herb Chicken with Shallots and Garlic,mediterranean,142.2,56.24,162.61,10/16/2022,16:49:12,2.528,0.346
mediterranean,Mediterranean Pasta,mediterranean,77.45,363.81,112.54,10/16/2022,16:49:12,0.213,3.233
mediterranean,Mediterranean Chard,mediterranean,4.04,15.53,5.2,10/16/2022,16:49:12,0.26,2.987
mediterranean,Branzino Mediterranean,mediterranean,67.5,27.99,33.7,10/16/2022,16:49:12,2.412,0.831
mediterranean,Vegan Basil Hummus Stuffed Mushrooms,american,9.35,21.07,1.7,10/16/2022,16:49:12,0.444,12.394
mediterranean,Mediterranean Pizza,italian,43.65,124.89,46.1,10/16/2022,16:49:12,0.35,2.709
mediterranean,Mediterranean Salsa,mediterranean,18.75,18.86,51.67,10/16/2022,16:49:12,0.994,0.365
mediterranean,Mediterranean Chicken,mediterranean,248.4,144.45,76.69,10/16/2022,16:49:12,1.72,1.884
mediterranean,Mediterranean Salad,mediterranean,38.93,110.67,28.15,10/16/2022,16:49:12,0.352,3.931
mediterranean,mediterranean ribs,mediterranean,348.41,13.85,368.92,10/16/2022,16:49:12,25.156,0.038
mediterranean,Mediterranean Salsa,mediterranean,1.43,6.65,27.35,10/16/2022,16:49:12,0.215,0.243
mediterranean,Mediterranean Tapanade,mediterranean,2.07,9.93,34.55,10/16/2022,16:49:12,0.208,0.287
mediterranean,Zucchini Mediterranean,mediterranean,11.34,34.34,29.74,10/16/2022,16:49:12,0.33,1.155
mediterranean,Mediterranean Pizzas,italian,86.73,313.4,95.07,10/16/2022,16:49:12,0.277,3.297
mediterranean,Mediterranean Couscous,mediterranean,171.66,241.69,38.67,10/16/2022,16:49:12,0.71,6.25
mediterranean,Mediterranean Chicken,mediterranean,313.35,12.54,45.94,10/16/2022,16:49:12,24.988,0.273
mediterranean,Mediterranean Quesadillas,mexican,130.34,128.61,162.46,10/16/2022,16:49:12,1.013,0.792
mediterranean,Mediterranean Scallops,mediterranean,88.05,54.15,42.11,10/16/2022,16:49:18,1.626,1.286
mediterranean,Mediterranean Quiche,french,125.65,66.02,208.96,10/16/2022,16:49:18,1.903,0.316
mediterranean,Mediterranean Chicken,mediterranean,276.21,92.24,51.21,10/16/2022,16:49:18,2.994,1.801
mediterranean,Mediterranean Pizza,italian,222.58,269.66,378.06,10/16/2022,16:49:18,0.825,0.713
mediterranean,Mediterranean Beans,mediterranean,21.97,70.41,14.4,10/16/2022,16:49:18,0.312,4.89
mediterranean,Mediterranean Salad,mediterranean,55.19,211.54,29.4,10/16/2022,16:49:18,0.261,7.195
mediterranean,Mediterranean Quinoa,mediterranean,28.94,148.29,38.09,10/16/2022,16:49:18,0.195,3.893
mediterranean,Mediterranean Mushrooms,mediterranean,19.64,64.67,2.54,10/16/2022,16:49:18,0.304,25.461
mediterranean,Mediterranean Flatbread,mediterranean,105.38,276.44,109.64,10/16/2022,16:49:18,0.381,2.521
mediterranean,Mediterranean Salad,mediterranean,100.61,324.12,41.24,10/16/2022,16:49:18,0.31,7.859
mediterranean,Mediterranean frittata,mediterranean,67.17,31.66,81.51,10/16/2022,16:49:18,2.122,0.388
mediterranean,Mediterranean Chicken,mediterranean,118.06,89.77,166.34,10/16/2022,16:49:18,1.315,0.54
mediterranean,Mediterranean Chicken,mediterranean,450.05,38.55,632.42,10/16/2022,16:49:18,11.674,0.061
mediterranean,Mediterranean Spread,mediterranean,32.18,21.15,113.26,10/16/2022,16:49:18,1.522,0.187
mediterranean,Mediterranean Quiche,french,86.6,146.39,142.78,10/16/2022,16:49:18,0.592,1.025
mediterranean,Mediterranean Frittata,mediterranean,22.33,13.91,19.41,10/16/2022,16:49:18,1.605,0.717
mediterranean,Mediterranean Shrimp,mediterranean,83.34,33.39,29.8,10/16/2022,16:49:18,2.496,1.12
mediterranean,Mediterranean Halibut,mediterranean,4.78,16.13,54.57,10/16/2022,16:49:18,0.296,0.296
mediterranean,Mediterranean Omelet,mediterranean,60.23,23.96,68.92,10/16/2022,16:49:18,2.514,0.348
mediterranean,Garmugia (Spring Vegetable Soup),italian,106.28,201.71,155.3,10/16/2022,16:49:25,0.527,1.299
mediterranean,Mediterranean Lamb,mediterranean,46.24,60.14,127.25,10/16/2022,16:49:25,0.769,0.473
mediterranean,Mediterranean Pizza,italian,131.06,333.39,111.16,10/16/2022,16:49:25,0.393,2.999
mediterranean,Mediterranean Eggs,mediterranean,66.32,80.08,77.63,10/16/2022,16:49:25,0.828,1.032
mediterranean,Mediterranean Sandwich,mediterranean,81.46,159.34,72.98,10/16/2022,16:49:25,0.511,2.183
mediterranean,Mediterranean Quesadilla,mexican,85.99,106.14,113.46,10/16/2022,16:49:25,0.81,0.935
mediterranean,Mediterranean Chicken,mediterranean,263.29,58.47,292.73,10/16/2022,16:49:25,4.503,0.2
mediterranean,Salmon Mediterranean,nordic,146.51,256.79,100.11,10/16/2022,16:49:25,0.571,2.565
mediterranean,Mediterranean Vegetables,mediterranean,8.74,34.9,48.95,10/16/2022,16:49:25,0.25,0.713
mediterranean,Botanical Sandwich,american,39.09,100.57,13.04,10/16/2022,16:49:25,0.389,7.712
mediterranean,Mediterranean Salad,mediterranean,38.46,117.26,32.69,10/16/2022,16:49:25,0.328,3.587
mediterranean,Mediterranean Chicken,mediterranean,191.01,483.66,289.81,10/16/2022,16:49:25,0.395,1.669
mediterranean,Mediterranean Bruschetta,italian,129.3,160.68,124.17,10/16/2022,16:49:25,0.805,1.294
mediterranean,Mediterranean Muffins,mediterranean,72.87,259.08,135.85,10/16/2022,16:49:25,0.281,1.907
mediterranean,Mediterranean Pasta,mediterranean,73.23,334.02,63.35,10/16/2022,16:49:25,0.219,5.273
mediterranean,Mediterranean Chicken,mediterranean,230.45,36.8,261.35,10/16/2022,16:49:25,6.262,0.141
mediterranean,Miss Kitty's Oven-Roasted Potatoes,mediterranean,10.79,86.97,28.13,10/16/2022,16:49:25,0.124,3.092
mediterranean,Mediterranean Eggs,mediterranean,23.12,7.63,21.32,10/16/2022,16:49:25,3.03,0.358
mediterranean,Mediterranean Burger,mediterranean,106.2,125.7,188.29,10/16/2022,16:49:25,0.845,0.668
mediterranean,Mediterranean Omelet,mediterranean,107.91,139.13,133.72,10/16/2022,16:49:25,0.776,1.04
mediterranean,Mediterranean Focaccia,italian,307.22,816.17,401.13,10/16/2022,16:49:32,0.376,2.035
mediterranean,Mediterranean Spinach,mediterranean,26.51,34.25,14.15,10/16/2022,16:49:32,0.774,2.42
mediterranean,Mediterranean Pasta,mediterranean,86.09,151.77,141.22,10/16/2022,16:49:32,0.567,1.075
mediterranean,Mediterranean Meatloaf,mediterranean,177.75,58.5,237.46,10/16/2022,16:49:32,3.038,0.246
mediterranean,Mediterranean Pizzas,italian,86.73,313.4,95.07,10/16/2022,16:49:32,0.277,3.297
mediterranean,Mediterranean Skillet,mediterranean,93.0,143.27,99.0,10/16/2022,16:49:32,0.649,1.447
mediterranean,Mediterranean Dip,mediterranean,62.99,246.69,38.29,10/16/2022,16:49:32,0.255,6.443
mediterranean,Mediterranean Nachos,mediterranean,22.75,62.92,44.78,10/16/2022,16:49:32,0.362,1.405
mediterranean,Mediterranean muffins,mediterranean,56.86,156.85,104.19,10/16/2022,16:49:32,0.363,1.505
mediterranean,Mediterranean Pasta,mediterranean,151.81,210.45,101.45,10/16/2022,16:49:32,0.721,2.074
mediterranean,Mediterranean Muffins,mediterranean,54.25,230.67,78.12,10/16/2022,16:49:32,0.235,2.953
mediterranean,Mediterranean Shrimp,mediterranean,72.64,50.26,17.2,10/16/2022,16:49:32,1.445,2.922
mediterranean,Mediterranean Soup,mediterranean,11.5,52.16,31.03,10/16/2022,16:49:32,0.22,1.681
mediterranean,Mediterranean Couscous,mediterranean,41.83,162.21,28.8,10/16/2022,16:49:32,0.258,5.632
mediterranean,Mediterranean Salsa,mediterranean,24.3,86.45,29.49,10/16/2022,16:49:32,0.281,2.932
mediterranean,Mediterranean Carp,mediterranean,171.12,57.68,106.51,10/16/2022,16:49:32,2.967,0.542
mediterranean,Mediterranean Dip,mediterranean,69.3,87.61,153.15,10/16/2022,16:49:32,0.791,0.572
mediterranean,Mediterranean Chicken,mediterranean,262.62,30.43,85.48,10/16/2022,16:49:32,8.63,0.356
mediterranean,Mediterranean Lamb,mediterranean,398.81,81.23,296.25,10/16/2022,16:49:32,4.91,0.274
mediterranean,Mediterranean Pasta,mediterranean,151.81,210.45,101.45,10/16/2022,16:49:39,0.721,2.074
mediterranean,Mediterranean roast,mediterranean,105.42,96.43,48.64,10/16/2022,16:49:39,1.093,1.983
mediterranean,Mediterranean Chicken,mediterranean,122.07,21.35,70.87,10/16/2022,16:49:39,5.718,0.301
mediterranean,Mediterranean Chicken,mediterranean,373.31,33.07,52.94,10/16/2022,16:49:39,11.288,0.625
mediterranean,Mediterranean Spinach,mediterranean,26.51,34.25,14.15,10/16/2022,16:49:39,0.774,2.42
mediterranean,Mediterranean Pesto,mediterranean,36.6,30.78,238.38,10/16/2022,16:49:39,1.189,0.129
mediterranean,Mediterranean Scampi,mediterranean,111.07,36.19,35.41,10/16/2022,16:49:39,3.069,1.022
mediterranean,Mediterranean Wrap,mediterranean,14.19,36.47,40.3,10/16/2022,16:49:39,0.389,0.905
mediterranean,Mediterranean Salad,mediterranean,130.66,278.76,198.9,10/16/2022,16:49:39,0.469,1.402
mediterranean,Mediterranean Halibut,mediterranean,315.42,26.47,37.99,10/16/2022,16:49:39,11.916,0.697
mediterranean,Italian French Bread Pizza,italian,85.6,204.82,132.69,10/16/2022,16:49:39,0.418,1.544
mediterranean,Crock Pot Pull Apart Pizza Bread recipes,italian,177.78,408.92,203.05,10/16/2022,16:49:39,0.435,2.014
mediterranean,5-Ingredient Lemon Yogurt Marinated Grilled Chicken Breasts,american,129.13,8.13,73.69,10/16/2022,16:49:39,15.883,0.11
mediterranean,Greek Potatoes with Lemons and Oregano Recipe,mediterranean,32.87,279.11,56.05,10/16/2022,16:49:39,0.118,4.98
mediterranean,Mediterranean Couscous,mediterranean,58.03,270.82,27.04,10/16/2022,16:49:39,0.214,10.016
mediterranean,Mediterranean Nachos,mediterranean,112.74,149.35,109.85,10/16/2022,16:49:39,0.755,1.36
mediterranean,Mediterranean Vegetables,mediterranean,10.66,46.93,19.96,10/16/2022,16:49:39,0.227,2.351
mediterranean,Mediterranean Salad,mediterranean,13.18,30.07,12.17,10/16/2022,16:49:39,0.438,2.471
mediterranean,Mediterranean Nachos,mediterranean,108.18,116.48,78.68,10/16/2022,16:49:39,0.929,1.48
mediterranean,Mediterranean Pizza,italian,628.29,3405.55,333.76,10/16/2022,16:49:45,0.184,10.204
mediterranean,Baked tomato and olive risotto,italian,37.17,363.43,39.18,10/16/2022,16:49:45,0.102,9.276
mediterranean,Penne Mediterranean,mediterranean,30.4,154.47,59.88,10/16/2022,16:49:45,0.197,2.58
mediterranean,Mediterranean pasta,mediterranean,135.89,414.04,52.52,10/16/2022,16:49:45,0.328,7.883
mediterranean,Mediterranean Nachos,mediterranean,22.94,63.2,43.04,10/16/2022,16:49:45,0.363,1.468
mediterranean,Mediterranean Pizza,italian,38.43,177.62,19.1,10/16/2022,16:49:45,0.216,9.299
mediterranean,Mediterranean chicken,mediterranean,167.58,48.5,103.85,10/16/2022,16:49:45,3.455,0.467
mediterranean,Mediterranean Wrap,mediterranean,15.61,49.44,14.73,10/16/2022,16:49:45,0.316,3.356
mediterranean,Mediterranean Quinoa,mediterranean,27.8,134.01,24.77,10/16/2022,16:49:45,0.207,5.41
mediterranean,Mediterranean Orzo,mediterranean,53.13,124.98,40.1,10/16/2022,16:49:45,0.425,3.117
mediterranean,Mediterranean Farfalle,mediterranean,192.03,286.46,352.75,10/16/2022,16:49:45,0.67,0.812
mediterranean,Mediterranean Quesadillas,mexican,122.02,292.21,123.83,10/16/2022,16:49:45,0.418,2.36
mediterranean,Mediterranean Couscous,mediterranean,31.25,137.82,25.67,10/16/2022,16:49:45,0.227,5.369
mediterranean,Mediterranean Frittata,mediterranean,60.57,26.31,71.94,10/16/2022,16:49:45,2.302,0.366
mediterranean,Mediterranean Dip,mediterranean,60.4,88.3,63.35,10/16/2022,16:49:45,0.684,1.394
mediterranean,Mediterranean Fish,mediterranean,146.76,49.0,47.11,10/16/2022,16:49:45,2.995,1.04
mediterranean,Mediterranean fish,mediterranean,170.57,179.81,43.83,10/16/2022,16:49:45,0.949,4.102
mediterranean,Mediterranean Salad,mediterranean,9.14,63.49,42.05,10/16/2022,16:49:45,0.144,1.51
mediterranean,Mediterranean Pizza,italian,129.12,353.11,119.32,10/16/2022,16:49:45,0.366,2.959
mediterranean,Mediterranean Chicken,mediterranean,251.43,19.76,74.71,10/16/2022,16:49:45,12.724,0.264
mediterranean,Mediterranean Chicken,mediterranean,350.83,55.57,398.14,10/16/2022,16:49:52,6.313,0.14
mediterranean,Mediterranean Fish,mediterranean,146.76,49.0,47.11,10/16/2022,16:49:52,2.995,1.04
mediterranean,Mediterranean Chicken,mediterranean,96.92,26.12,71.46,10/16/2022,16:49:52,3.711,0.366
mediterranean,Mediterranean Risotto,italian,26.76,141.68,55.75,10/16/2022,16:49:52,0.189,2.541
mediterranean,Mediterranean fish,mediterranean,11.84,53.35,15.66,10/16/2022,16:49:52,0.222,3.407
mediterranean,Mediterranean Chicken,mediterranean,135.33,315.5,59.15,10/16/2022,16:49:52,0.429,5.334
mediterranean,Mediterranean Salad,mediterranean,79.11,261.67,111.74,10/16/2022,16:49:52,0.302,2.342
mediterranean,Mediterranean Salad,mediterranean,51.59,188.76,89.75,10/16/2022,16:49:52,0.273,2.103
mediterranean,Mediterranean Frittata,mediterranean,95.4,32.96,137.63,10/16/2022,16:49:52,2.894,0.239
mediterranean,Mediterranean Chicken,mediterranean,180.78,688.83,83.05,10/16/2022,16:49:52,0.262,8.294
mediterranean,Mediterranean chicken,mediterranean,141.96,222.05,61.19,10/16/2022,16:49:52,0.639,3.629
mediterranean,Mediterranean Salsa,mediterranean,11.56,29.91,43.57,10/16/2022,16:49:52,0.386,0.686
mediterranean,Mediterranean Scones,mediterranean,123.05,579.37,138.81,10/16/2022,16:49:52,0.212,4.174
mediterranean,Mediterranean Rice,mediterranean,21.47,181.58,30.31,10/16/2022,16:49:52,0.118,5.991
mediterranean,Mediterranean Salad:,mediterranean,6.45,18.39,18.8,10/16/2022,16:49:52,0.351,0.978
mediterranean,Mediterranean Bruschetta,mediterranean,71.5,244.12,92.82,10/16/2022,16:49:52,0.293,2.63
mediterranean,Mediterranean Chicken,mediterranean,117.42,38.05,87.38,10/16/2022,16:49:52,3.086,0.435
mediterranean,Mediterranean Nachos,mediterranean,137.88,343.99,191.5,10/16/2022,16:49:52,0.401,1.796
mediterranean,Mediterranean Chicken,mediterranean,137.24,321.47,28.23,10/16/2022,16:49:52,0.427,11.388
mediterranean,Mediterranean Chicken,mediterranean,344.68,336.25,91.18,10/16/2022,16:49:52,1.025,3.688
mediterranean,Mediterranean Chicken,mediterranean,197.84,63.17,58.21,10/16/2022,16:49:59,3.132,1.085
mediterranean,Mediterranean Grits,mediterranean,64.69,138.02,127.42,10/16/2022,16:49:59,0.469,1.083
mediterranean,Mediterranean fettuccine,mediterranean,70.87,315.74,67.61,10/16/2022,16:49:59,0.224,4.67
mediterranean,Flounder Mediterranean,mediterranean,71.77,29.34,52.22,10/16/2022,16:49:59,2.446,0.562
mediterranean,Mediterranean Pasta,mediterranean,42.14,198.46,26.02,10/16/2022,16:49:59,0.212,7.627
mediterranean,Mediterranean Potatoes,mediterranean,50.06,240.54,66.9,10/16/2022,16:49:59,0.208,3.596
mediterranean,Mediterranean Strata,mediterranean,440.81,1309.5,246.42,10/16/2022,16:49:59,0.337,5.314
mediterranean,Mediterranean muffins,mediterranean,62.61,198.84,104.81,10/16/2022,16:49:59,0.315,1.897
mediterranean,Mediterranean Chili,american,49.8,154.59,40.87,10/16/2022,16:49:59,0.322,3.782
mediterranean,Mediterranean Panzanella,mediterranean,41.93,166.85,37.79,10/16/2022,16:49:59,0.251,4.415
mediterranean,Mediterranean Chicken,mediterranean,169.65,125.36,85.39,10/16/2022,16:49:59,1.353,1.468
mediterranean,Mediterranean Salmon,nordic,142.92,19.53,139.76,10/16/2022,16:49:59,7.318,0.14
mediterranean,Mediterranean Burgers,mediterranean,215.8,222.47,259.02,10/16/2022,16:49:59,0.97,0.859
mediterranean,Calamari Mediterranean,mediterranean,32.17,33.94,54.83,10/16/2022,16:49:59,0.948,0.619
mediterranean,Rigatoni Mediterranean,mediterranean,161.18,479.59,140.64,10/16/2022,16:49:59,0.336,3.41
mediterranean,Mediterranean Scampi,mediterranean,111.07,36.19,35.41,10/16/2022,16:49:59,3.069,1.022
mediterranean,Mediterranean Morsels,mediterranean,44.28,204.34,48.32,10/16/2022,16:49:59,0.217,4.229
mediterranean,Mediterranean Chicken,mediterranean,374.62,41.9,60.35,10/16/2022,16:49:59,8.941,0.694
mediterranean,Mediterranean Wontados,mediterranean,340.89,1540.91,273.57,10/16/2022,16:49:59,0.221,5.633
mediterranean,Mediterranean Pizza,italian,138.99,151.85,175.94,10/16/2022,16:50:05,0.915,0.863
mediterranean,Mediterranean Couscous,mediterranean,25.63,145.44,9.52,10/16/2022,16:50:05,0.176,15.277
mediterranean,Mediterranean Salad,mediterranean,12.42,67.18,418.9,10/16/2022,16:50:05,0.185,0.16
mediterranean,Tapenade,mediterranean,8.07,22.65,29.26,10/16/2022,16:50:05,0.356,0.774
mediterranean,Mediterranean Salad,mediterranean,78.98,223.25,33.87,10/16/2022,16:50:05,0.354,6.591
mediterranean,MEDITERRANEAN NOODLES,asian,145.88,322.04,150.4,10/16/2022,16:50:05,0.453,2.141
mediterranean,Mediterranean Flatbread,mediterranean,91.64,294.27,161.8,10/16/2022,16:50:05,0.311,1.819
mediterranean,Mediterranean Couscous,mediterranean,35.8,164.42,16.26,10/16/2022,16:50:05,0.218,10.112
mediterranean,Shrimp Mediterranean,mediterranean,40.69,120.6,37.82,10/16/2022,16:50:05,0.337,3.189
mediterranean,Mediterranean Burgers,mediterranean,27.77,112.44,21.51,10/16/2022,16:50:05,0.247,5.227
mediterranean,Mediterranean Cod,mediterranean,64.47,68.21,52.51,10/16/2022,16:50:05,0.945,1.299
mediterranean,Mediterranean Scallops,mediterranean,99.04,259.03,21.87,10/16/2022,16:50:05,0.382,11.844
mediterranean,Mediterranean Penne,mediterranean,71.0,411.54,22.85,10/16/2022,16:50:05,0.173,18.011
mediterranean,Mediterranean Swai,mediterranean,24.77,27.31,31.06,10/16/2022,16:50:05,0.907,0.879
mediterranean,Mediterranean Pie,mediterranean,281.54,435.21,505.95,10/16/2022,16:50:05,0.647,0.86
mediterranean,Polenta Pizzas With Herbed Goat Cheese,italian,80.19,552.52,56.64,10/16/2022,16:50:05,0.145,9.755
mediterranean,Mediterranean Salad,mediterranean,105.56,143.68,113.1,10/16/2022,16:50:05,0.735,1.27
mediterranean,Mediterranean pizza,italian,63.3,180.81,48.55,10/16/2022,16:50:05,0.35,3.724
mediterranean,Mediterranean Pasta,mediterranean,73.68,386.23,93.56,10/16/2022,16:50:05,0.191,4.128
mediterranean,Pollo Mediterranean,mediterranean,280.29,307.74,346.05,10/16/2022,16:50:05,0.911,0.889
mediterranean,Mediterranean Chicken,mediterranean,122.99,62.6,85.09,10/16/2022,16:50:12,1.965,0.736
mediterranean,Mediterranean Flounder,mediterranean,87.19,154.22,40.48,10/16/2022,16:50:12,0.565,3.81
mediterranean,Mediterranean pizza,italian,125.62,181.54,182.68,10/16/2022,16:50:12,0.692,0.994
mediterranean,Mediterranean Pizza,italian,140.17,273.14,161.53,10/16/2022,16:50:12,0.513,1.691
mediterranean,Mediterranean Squash,mediterranean,29.91,125.14,19.34,10/16/2022,16:50:12,0.239,6.471
mediterranean,Mediterranean Chicken,mediterranean,162.47,39.46,196.29,10/16/2022,16:50:12,4.117,0.201
mediterranean,Mediterranean Torte,mediterranean,245.46,399.69,192.34,10/16/2022,16:50:12,0.614,2.078
mediterranean,Mediterranean Chicken,mediterranean,108.94,183.42,32.29,10/16/2022,16:50:12,0.594,5.68
mediterranean,Mediterranean Salad,mediterranean,57.87,207.63,63.58,10/16/2022,16:50:12,0.279,3.266
mediterranean,Mediterranean Quinoa,mediterranean,37.29,142.11,55.95,10/16/2022,16:50:12,0.262,2.54
mediterranean,Mediterranean Burgers,mediterranean,35.57,150.33,51.7,10/16/2022,16:50:12,0.237,2.908
mediterranean,Mediterranean salad,mediterranean,145.46,121.62,92.06,10/16/2022,16:50:12,1.196,1.321
mediterranean,Mediterranean Salad,mediterranean,15.91,41.88,129.32,10/16/2022,16:50:12,0.38,0.324
mediterranean,Mediterranean Salad,mediterranean,22.94,76.22,43.43,10/16/2022,16:50:12,0.301,1.755
mediterranean,Homemade Greek Salad Dressing,mediterranean,0.67,4.8,108.3,10/16/2022,16:50:12,0.14,0.044
mediterranean,Mediterranean Stew,mediterranean,267.95,94.63,56.41,10/16/2022,16:50:12,2.832,1.678
mediterranean,Mediterranean Burgers,mediterranean,118.23,110.53,78.84,10/16/2022,16:50:12,1.07,1.402
mediterranean,Mediterranean Meatballs,mediterranean,121.99,159.24,111.56,10/16/2022,16:50:12,0.766,1.427
mediterranean,Pear and Apple Pork Chop Skillet,american,85.41,74.04,50.78,10/16/2022,16:50:12,1.154,1.458
mediterranean,Mediterranean Chicken,mediterranean,269.54,74.79,244.14,10/16/2022,16:50:19,3.604,0.306
mediterranean,Mediterranean Chicken,mediterranean,197.51,99.69,41.37,10/16/2022,16:50:19,1.981,2.41
mediterranean,Mediterranean Chicken,mediterranean,259.28,93.06,71.54,10/16/2022,16:50:19,2.786,1.301
mediterranean,Mediterranean asparagus,nordic,68.02,196.24,241.91,10/16/2022,16:50:19,0.347,0.811
mediterranean,"Provence on a Plate - Roasted Eggplant, Tomato and Tapenade Pizza with Goat Cheese",italian,50.08,160.41,50.8,10/16/2022,16:50:19,0.312,3.158
mediterranean,Mediterranean Frittata,mediterranean,43.94,30.83,33.21,10/16/2022,16:50:19,1.425,0.928
mediterranean,Mediterranean risoni,mediterranean,57.02,141.24,87.62,10/16/2022,16:50:19,0.404,1.612
mediterranean,Mediterranean meatloaf,mediterranean,98.79,114.26,56.14,10/16/2022,16:50:19,0.865,2.035
mediterranean,Mediterranean Flatbread,mediterranean,59.97,175.09,58.73,10/16/2022,16:50:19,0.343,2.981
mediterranean,Mediterranean Salad,mediterranean,23.05,95.51,140.45,10/16/2022,16:50:19,0.241,0.68
mediterranean,Mediterranean Lasagna,italian,311.35,225.58,425.7,10/16/2022,16:50:19,1.38,0.53
mediterranean,Mediterranean Chicken,mediterranean,527.57,132.31,314.72,10/16/2022,16:50:19,3.987,0.42
mediterranean,Mediterranean Rice,mediterranean,60.32,413.17,46.16,10/16/2022,16:50:19,0.146,8.951
mediterranean,Mediterranean Chicken,mediterranean,165.23,29.57,47.17,10/16/2022,16:50:19,5.588,0.627
mediterranean,Seafood in garlic butter,french,338.21,345.34,77.24,10/16/2022,16:50:19,0.979,4.471
mediterranean,Grilled Vegetables,american,45.74,95.12,113.15,10/16/2022,16:50:19,0.481,0.841
mediterranean,STEAK AND PESTO SPAGHETTI,italian,172.43,252.29,163.0,10/16/2022,16:50:19,0.683,1.548
mediterranean,Mediterranean Ravioli,italian,111.85,173.92,211.19,10/16/2022,16:50:19,0.643,0.824
mediterranean,Mediterranean Wraps,mediterranean,125.98,162.34,82.14,10/16/2022,16:50:19,0.776,1.976
mediterranean,Mediterranean Quiche,french,78.78,210.05,240.84,10/16/2022,16:50:25,0.375,0.872
mediterranean,Mediterranean Pizza,italian,153.2,363.39,176.94,10/16/2022,16:50:25,0.422,2.054
mediterranean,Mediterranean Orzo,mediterranean,44.39,80.7,67.79,10/16/2022,16:50:25,0.55,1.19
mediterranean,Mediterranean Salad,mediterranean,175.76,66.7,182.1,10/16/2022,16:50:25,2.635,0.366
mediterranean,Mediterranean Muffuletta,italian,191.86,244.34,210.3,10/16/2022,16:50:25,0.785,1.162
mediterranean,Mediterranean Calzone,mediterranean,109.85,244.76,73.04,10/16/2022,16:50:25,0.449,3.351
mediterranean,Mediterranean Burgers,mediterranean,163.65,153.36,267.38,10/16/2022,16:50:25,1.067,0.574
mediterranean,Mediterranean tarts,mediterranean,74.0,340.61,209.49,10/16/2022,16:50:25,0.217,1.626
mediterranean,Mediterranean soup,american,14.05,77.71,3.07,10/16/2022,16:50:25,0.181,25.313
mediterranean,Mediterranean Pasta,mediterranean,49.02,174.17,77.15,10/16/2022,16:50:25,0.281,2.258
mediterranean,"Riso, cozze e patate Recipe",french,163.16,519.7,81.16,10/16/2022,16:50:25,0.314,6.403
mediterranean,Mediterranean Scampi,mediterranean,140.82,94.66,111.77,10/16/2022,16:50:25,1.488,0.847
mediterranean,Mediterranean Pasta,mediterranean,51.1,214.62,79.52,10/16/2022,16:50:25,0.238,2.699
mediterranean,Tunisian Potato & Olive Salad,mediterranean,11.0,91.99,47.62,10/16/2022,16:50:25,0.12,1.932
mediterranean,Greek Turkey Burgers,american,124.68,105.99,56.89,10/16/2022,16:50:25,1.176,1.863
mediterranean,Vanilla Shrimp Crostini,italian,111.52,164.39,76.33,10/16/2022,16:50:25,0.678,2.154
mediterranean,Feta-Olive Bison Sliders recipes,mediterranean,214.21,14.59,62.09,10/16/2022,16:50:25,14.682,0.235
mediterranean,the mediterranean [sandwich],mediterranean,53.13,158.56,71.36,10/16/2022,16:50:25,0.335,2.222
mediterranean,Melanzane ripiene,italian,62.99,145.51,116.56,10/16/2022,16:50:32,0.433,1.248
mediterranean,Mackerel Stuffed with Lime and Herbs,american,305.28,32.01,297.48,10/16/2022,16:50:32,9.537,0.108
mediterranean,Salad Lyonnaise,french,80.41,248.81,39.6,10/16/2022,16:50:32,0.323,6.283
mediterranean,Greek Salad Dressing,mediterranean,20.54,17.46,133.1,10/16/2022,16:50:32,1.176,0.131
mediterranean,Tomato Pickle Mix recipes,american,5.61,25.78,28.7,10/16/2022,16:50:32,0.218,0.898
mediterranean,Creamy Mediterranean Bites,mediterranean,64.35,42.01,164.34,10/16/2022,16:50:32,1.532,0.256
mediterranean,Italian Hoagie Sandwich recipes,italian,69.48,26.37,114.28,10/16/2022,16:50:32,2.635,0.231
mediterranean,Pasta with Olives and Tomatoes,italian,48.11,194.24,58.47,10/16/2022,16:50:32,0.248,3.322
mediterranean,Mediterranean lemon rub,mediterranean,6.47,40.12,2.25,10/16/2022,16:50:32,0.161,17.831
mediterranean,Mediterranean Pork Kabobs,mediterranean,102.72,23.97,53.77,10/16/2022,16:50:32,4.285,0.446
mediterranean,Mediterranean Veggie Sandwich,mediterranean,15.45,45.81,9.41,10/16/2022,16:50:32,0.337,4.868
mediterranean,Mediterranean lamb salad,mediterranean,171.67,35.61,247.09,10/16/2022,16:50:32,4.821,0.144
mediterranean,"Roasted Acorn Squash Stuffed with Fennel Sausage, Farro, Goat Cheese & Spinach recipes",italian,64.53,133.6,130.47,10/16/2022,16:50:32,0.483,1.024
mediterranean,Mediterranean Stuffed Chicken,mediterranean,260.18,12.51,101.24,10/16/2022,16:50:32,20.798,0.124
mediterranean,Mediterranean Chicken & Pasta,mediterranean,302.2,189.34,77.69,10/16/2022,16:50:32,1.596,2.437
mediterranean,Mediterranean Zucchini Boats,mediterranean,46.87,48.09,40.92,10/16/2022,16:50:32,0.975,1.175
mediterranean,Squid ink fettuccine with crab and chilli,italian,57.6,308.47,47.09,10/16/2022,16:50:32,0.187,6.551
mediterranean,Mediterranean Red Snapper,mediterranean,188.31,13.38,53.22,10/16/2022,16:50:32,14.074,0.251
mediterranean,Brandade De Morue,south american,289.65,9.87,241.83,10/16/2022,16:50:32,29.347,0.041
mediterranean,Mediterranean Crescent Pinwheels,mediterranean,104.44,124.69,71.82,10/16/2022,16:50:39,0.838,1.736
mediterranean,Oven Roasted Lechon Asado,american,237.99,38.81,245.99,10/16/2022,16:50:39,6.132,0.158
mediterranean,Mediterranean chopped salad,mediterranean,20.38,50.79,33.34,10/16/2022,16:50:39,0.401,1.523
mediterranean,Mediterranean potato salad,mediterranean,44.04,201.55,184.53,10/16/2022,16:50:39,0.219,1.092
mediterranean,Mediterranean BBQ Chicken,mediterranean,148.98,296.25,65.78,10/16/2022,16:50:39,0.503,4.504
mediterranean,Mediterranean Marinated Cucumbers,mediterranean,3.2,24.32,0.83,10/16/2022,16:50:39,0.132,29.301
mediterranean,Mediterranean lamb sub,mediterranean,291.27,183.3,367.56,10/16/2022,16:50:39,1.589,0.499
mediterranean,Mediterranean Tomato Salad,mediterranean,13.35,13.37,16.76,10/16/2022,16:50:39,0.999,0.798
mediterranean,Mediterranean Pita Pizza,italian,107.03,106.72,136.32,10/16/2022,16:50:39,1.003,0.783
mediterranean,Mediterranean Style Eggplant,mediterranean,11.44,66.82,42.37,10/16/2022,16:50:39,0.171,1.577
mediterranean,Mediterranean Ratatouille Chicken,french,166.18,378.9,57.98,10/16/2022,16:50:39,0.439,6.535
mediterranean,Mediterranean Chopped Salad,mediterranean,107.24,295.63,94.26,10/16/2022,16:50:39,0.363,3.136
mediterranean,Mediterranean Style Quesadilla,mexican,1.8,6.98,0.31,10/16/2022,16:50:39,0.258,22.516
mediterranean,Mediterranean Pasta Salad,mediterranean,17.35,106.17,27.99,10/16/2022,16:50:39,0.163,3.793
mediterranean,Mediterranean Starter Sticks,mediterranean,57.92,47.91,76.64,10/16/2022,16:50:39,1.209,0.625
mediterranean,Mediterranean Breakfast Sandwich,mediterranean,48.66,136.81,41.74,10/16/2022,16:50:39,0.356,3.278
mediterranean,Mediterranean Quinoa Salad,mediterranean,30.65,62.27,59.26,10/16/2022,16:50:39,0.492,1.051
mediterranean,Mediterranean Orzo Salad,mediterranean,52.21,193.39,79.48,10/16/2022,16:50:39,0.27,2.433
mediterranean,Mediterranean Kale recipes,mediterranean,9.37,22.46,15.46,10/16/2022,16:50:39,0.417,1.453
mediterranean,Mediterranean Pasta Salad,mediterranean,42.77,197.96,47.92,10/16/2022,16:50:39,0.216,4.131
mediterranean,Quick Mediterranean Vegetables,mediterranean,7.29,49.74,15.09,10/16/2022,16:50:46,0.147,3.296
mediterranean,Mediterranean Salad Recipe,mediterranean,5.6,27.96,14.45,10/16/2022,16:50:46,0.2,1.935
mediterranean,Mediterranean antipasto tart,mediterranean,14.2,47.61,65.84,10/16/2022,16:50:46,0.298,0.723
mediterranean,Mediterranean roast vegetables,mediterranean,47.73,339.45,30.88,10/16/2022,16:50:46,0.141,10.993
mediterranean,Mediterranean Stuffed Peppers,mediterranean,37.51,49.78,58.73,10/16/2022,16:50:46,0.754,0.848
mediterranean,Mediterranean baked sausages,mediterranean,135.03,56.64,207.86,10/16/2022,16:50:46,2.384,0.272
mediterranean,homemade Greek seasoning mix,mediterranean,4.4,20.74,1.09,10/16/2022,16:50:46,0.212,19.028
mediterranean,Mediterranean Lemon Chicken,mediterranean,339.33,13.64,343.03,10/16/2022,16:50:46,24.878,0.04
mediterranean,Mediterranean Kale Salad,mediterranean,165.98,434.59,177.45,10/16/2022,16:50:46,0.382,2.449
mediterranean,Mediterranean Spice Mix,mediterranean,4.33,23.41,6.15,10/16/2022,16:50:46,0.185,3.807
mediterranean,Mediterranean Chickpea Salad,mediterranean,43.04,110.04,52.15,10/16/2022,16:50:46,0.391,2.11
mediterranean,Mediterranean Jewel Cocktail,world,0.17,32.52,0.22,10/16/2022,16:50:46,0.005,147.818
mediterranean,Mediterranean chicken bake,mediterranean,297.99,77.43,255.25,10/16/2022,16:50:46,3.849,0.303
mediterranean,Chicken Yakitori,japanese,425.71,41.07,356.44,10/16/2022,16:50:46,10.365,0.115
mediterranean,Mediterranean Chicken Pitas,mediterranean,62.93,77.31,49.84,10/16/2022,16:50:46,0.814,1.551
mediterranean,Mediterranean Greek Salad,mediterranean,4.06,24.72,0.89,10/16/2022,16:50:46,0.164,27.775
mediterranean,Mediterranean Stuffed Chicken,mediterranean,259.78,10.05,101.12,10/16/2022,16:50:46,25.849,0.099
mediterranean,Quick Mediterranean Pasta,mediterranean,33.43,189.81,18.43,10/16/2022,16:50:52,0.176,10.299
mediterranean,Mediterranean Lamb Chops,mediterranean,152.21,24.81,282.77,10/16/2022,16:50:52,6.135,0.088
mediterranean,Mediterranean Pork Chops,mediterranean,93.4,8.0,167.2,10/16/2022,16:50:52,11.675,0.048
mediterranean,Mediterranean Carrot Dip,mediterranean,4.95,70.02,41.6,10/16/2022,16:50:52,0.071,1.683
mediterranean,Mediterranean Grilled Vegetables,mediterranean,12.12,52.16,64.52,10/16/2022,16:50:52,0.232,0.808
mediterranean,Mediterranean Flatbread recipes,mediterranean,48.42,166.33,39.19,10/16/2022,16:50:52,0.291,4.244
mediterranean,Mediterranean Chicken Orzo,mediterranean,270.66,361.56,73.83,10/16/2022,16:50:52,0.749,4.897
mediterranean,Ricotta Mediterranean Pita,mediterranean,10.04,17.74,22.29,10/16/2022,16:50:52,0.566,0.796
mediterranean,Mediterranean Turkey Bagelwiches,american,109.0,249.03,32.58,10/16/2022,16:50:52,0.438,7.644
mediterranean,Mediterranean Orzo Salad,mediterranean,34.64,140.78,46.0,10/16/2022,16:50:52,0.246,3.06
mediterranean,Mediterranean Tuna Salad,mediterranean,20.66,6.6,16.35,10/16/2022,16:50:52,3.13,0.404
mediterranean,Mediterranean London Broil,mediterranean,103.07,8.12,40.11,10/16/2022,16:50:52,12.693,0.202
mediterranean,Mediterranean Summer Tomatoes,mediterranean,45.36,240.07,116.79,10/16/2022,16:50:52,0.189,2.056
mediterranean,Mediterranean Balsamic Mushrooms,mediterranean,14.45,24.17,55.61,10/16/2022,16:50:52,0.598,0.435
mediterranean,Chicken ala Mediterranean,mediterranean,87.67,51.19,65.71,10/16/2022,16:50:52,1.713,0.779
mediterranean,Mediterranean Chicken Bake,mediterranean,221.49,36.3,110.78,10/16/2022,16:50:52,6.102,0.328
mediterranean,Mediterranean Quinoa Salad,mediterranean,30.65,62.27,59.26,10/16/2022,16:50:52,0.492,1.051
mediterranean,Mediterranean sausage bake,mediterranean,110.91,41.82,171.06,10/16/2022,16:50:52,2.652,0.244
mediterranean,Mediterranean Polenta Rounds,italian,45.14,415.71,64.81,10/16/2022,16:50:59,0.109,6.414
mediterranean,Mediterranean Sandwich Recipe,mediterranean,24.15,41.64,25.66,10/16/2022,16:50:59,0.58,1.623
mediterranean,Mediterranean Turkey Bagelwiches,american,109.0,249.03,32.58,10/16/2022,16:50:59,0.438,7.644
mediterranean,Mediterranean Sandwich Recipe - How To Make Mediterranean Sandwich - How To Prepare Mediterranean Sandwich Recipe,mediterranean,51.62,218.53,109.59,10/16/2022,16:50:59,0.236,1.994
mediterranean,Warm Mediterranean salad,mediterranean,55.8,277.97,91.88,10/16/2022,16:50:59,0.201,3.025
mediterranean,Mediterranean bread bake,mediterranean,133.83,188.22,156.16,10/16/2022,16:50:59,0.711,1.205
mediterranean,Mediterranean Baked Spinach,mediterranean,68.38,37.24,94.82,10/16/2022,16:50:59,1.836,0.393
mediterranean,Mediterranean Crushed Potatoes,mediterranean,11.4,92.65,24.94,10/16/2022,16:50:59,0.123,3.715
mediterranean,Bouillabaisse with Rouille,american,240.19,255.96,259.63,10/16/2022,16:50:59,0.938,0.986
mediterranean,Mediterranean chicken rolls,mediterranean,111.25,26.36,62.11,10/16/2022,16:50:59,4.22,0.424
mediterranean,Mediterranean Tuna Bruschetta,mediterranean,81.41,244.7,202.18,10/16/2022,16:50:59,0.333,1.21
mediterranean,Mediterranean Pinwheel Appetizers,mediterranean,44.21,133.17,51.31,10/16/2022,16:50:59,0.332,2.595
mediterranean,Mediterranean Pesto Pizza,italian,77.34,272.43,86.57,10/16/2022,16:50:59,0.284,3.147
mediterranean,Mediterranean Ravioletti Salad,mediterranean,159.23,36.33,322.68,10/16/2022,16:50:59,4.383,0.113
mediterranean,Whole30 Mediterranean Chicken,mediterranean,105.78,27.81,60.87,10/16/2022,16:50:59,3.804,0.457
mediterranean,Mediterranean Naan Pizza,italian,99.1,104.32,144.97,10/16/2022,16:50:59,0.95,0.72
mediterranean,Mediterranean Hummus Pizza,italian,89.62,205.69,114.48,10/16/2022,16:50:59,0.436,1.797
mediterranean,Mediterranean Stuffed Swordfish,mediterranean,46.55,4.22,33.37,10/16/2022,16:50:59,11.031,0.126
mediterranean,Mediterranean Buttermilk Chicken,mediterranean,120.69,31.78,18.44,10/16/2022,16:50:59,3.798,1.723
mediterranean,Marinated Mediterranean Steaks,mediterranean,471.11,39.21,195.93,10/16/2022,16:50:59,12.015,0.2
mediterranean,Mediterranean Halibut Bake,mediterranean,322.35,102.48,25.62,10/16/2022,16:51:05,3.145,4.0
mediterranean,Mediterranean Style Cod,mediterranean,175.38,47.96,36.52,10/16/2022,16:51:05,3.657,1.313
mediterranean,Mediterranean Roast Lamb,mediterranean,295.85,11.02,262.57,10/16/2022,16:51:05,26.847,0.042
mediterranean,Mediterranean Bento Box,mediterranean,71.14,325.72,101.73,10/16/2022,16:51:05,0.218,3.202
mediterranean,Gyro Burgers with Tzatziki recipes,mediterranean,137.89,60.12,161.56,10/16/2022,16:51:05,2.294,0.372
mediterranean,Mediterranean Tuna Wrap,mediterranean,99.73,34.25,25.48,10/16/2022,16:51:05,2.912,1.344
mediterranean,Mediterranean Chicken Recipe,mediterranean,116.22,29.22,110.62,10/16/2022,16:51:05,3.977,0.264
mediterranean,Mediterranean Deviled Eggs,mediterranean,32.72,4.22,71.58,10/16/2022,16:51:05,7.754,0.059
mediterranean,MEDITERRANEAN BARLEY SALAD,mediterranean,7.58,44.38,17.9,10/16/2022,16:51:05,0.171,2.479
mediterranean,Mediterranean Red Snapper,mediterranean,47.97,20.25,3.55,10/16/2022,16:51:05,2.369,5.704
mediterranean,Mediterranean Deviled Eggs,mediterranean,30.93,5.0,85.77,10/16/2022,16:51:05,6.186,0.058
mediterranean,Mediterranean Tuna Capellini,mediterranean,145.5,406.38,92.94,10/16/2022,16:51:05,0.358,4.372
mediterranean,Lorraine's Grilled Pork Chops,french,184.63,23.21,102.71,10/16/2022,16:51:05,7.955,0.226
mediterranean,Mediterranean Vegetable Soup,mediterranean,64.16,191.01,30.18,10/16/2022,16:51:05,0.336,6.329
mediterranean,Mediterranean Broccoli Salad,mediterranean,68.9,159.98,78.87,10/16/2022,16:51:05,0.431,2.028
mediterranean,Mediterranean Tuna Salad,mediterranean,2.75,7.13,46.49,10/16/2022,16:51:05,0.386,0.153
mediterranean,PHILLY Mediterranean Dip,american,21.86,15.11,67.9,10/16/2022,16:51:05,1.447,0.223
mediterranean,Mediterranean Lentil Patties,mediterranean,257.34,920.2,366.13,10/16/2022,16:51:05,0.28,2.513
mediterranean,Mediterranean Deviled Eggs,mediterranean,38.09,3.39,73.23,10/16/2022,16:51:05,11.236,0.046
mediterranean,Skillet Mediterranean Chicken,mediterranean,131.41,18.79,50.07,10/16/2022,16:51:05,6.994,0.375
mediterranean,Mediterranean Tuna Salad,mediterranean,20.63,6.47,15.85,10/16/2022,16:51:12,3.189,0.408
mediterranean,Mediterranean Casserole Recipe,mediterranean,135.97,100.77,99.0,10/16/2022,16:51:12,1.349,1.018
mediterranean,Turkey & Mediterranean Melt,american,110.27,93.77,72.73,10/16/2022,16:51:12,1.176,1.289
mediterranean,Nutty Mediterranean Buns,american,78.87,485.67,98.6,10/16/2022,16:51:12,0.162,4.926
mediterranean,Mediterranean Tuna Steaks,mediterranean,229.34,58.14,94.59,10/16/2022,16:51:12,3.945,0.615
mediterranean,Mediterranean Style Corn,mediterranean,19.37,110.72,34.91,10/16/2022,16:51:12,0.175,3.172
mediterranean,Mediterranean Chicken Wrap,mediterranean,41.38,55.18,45.58,10/16/2022,16:51:12,0.75,1.211
mediterranean,Mediterranean Chicken Salad,mediterranean,153.09,34.81,65.95,10/16/2022,16:51:12,4.398,0.528
mediterranean,Mediterranean Stuffed Swordfish,mediterranean,57.45,5.76,43.23,10/16/2022,16:51:12,9.974,0.133
mediterranean,Mediterranean Chicken Meatballs,mediterranean,101.91,38.31,54.92,10/16/2022,16:51:12,2.66,0.698
mediterranean,Quick Mediterranean bolognaise,mediterranean,178.37,460.01,88.99,10/16/2022,16:51:12,0.388,5.169
mediterranean,Mediterranean Tuna Salad,mediterranean,1.91,3.77,28.61,10/16/2022,16:51:12,0.507,0.132
mediterranean,Frozen Mediterranean Delite,mediterranean,63.72,323.17,55.77,10/16/2022,16:51:12,0.197,5.795
mediterranean,Mediterranean Lemon Chicken,mediterranean,101.1,9.13,94.61,10/16/2022,16:51:12,11.073,0.097
mediterranean,Mediterranean Pasta Salad,mediterranean,55.29,118.22,24.0,10/16/2022,16:51:12,0.468,4.926
mediterranean,Mediterranean Guacamole recipes,mediterranean,15.88,54.24,84.01,10/16/2022,16:51:12,0.293,0.646
mediterranean,Mediterranean prawn salad,mediterranean,214.64,56.48,125.46,10/16/2022,16:51:12,3.8,0.45
mediterranean,Mediterranean Harvest Pasta,mediterranean,75.73,402.65,44.31,10/16/2022,16:51:12,0.188,9.087
mediterranean,Mediterranean Pasta Salad,mediterranean,0.69,3.69,34.64,10/16/2022,16:51:12,0.187,0.107
mediterranean,Mediterranean Cod recipes,mediterranean,167.58,14.49,37.43,10/16/2022,16:51:12,11.565,0.387
mediterranean,Mediterranean Farro Dish,mediterranean,38.86,188.14,60.51,10/16/2022,16:51:19,0.207,3.109
mediterranean,Lemony Sprouts and Shoots,mediterranean,17.4,46.08,10.77,10/16/2022,16:51:19,0.378,4.279
mediterranean,Mediterranean scrambled eggs,mediterranean,25.77,22.91,33.02,10/16/2022,16:51:19,1.125,0.694
mediterranean,Mediterranean Spice Rub,mediterranean,4.05,28.59,6.07,10/16/2022,16:51:19,0.142,4.71
mediterranean,Mediterranean Potato Salad,mediterranean,36.46,179.52,96.0,10/16/2022,16:51:19,0.203,1.87
mediterranean,Mediterranean Pork Chops,mediterranean,175.44,56.6,109.14,10/16/2022,16:51:19,3.1,0.519
mediterranean,Mediterranean Chickpea Stew,mediterranean,9.92,58.09,56.15,10/16/2022,16:51:19,0.171,1.035
mediterranean,Mediterranean Mini Meatloaves,mediterranean,168.62,376.92,54.76,10/16/2022,16:51:19,0.447,6.883
mediterranean,Mediterranean Carrot Salad,mediterranean,2.59,25.3,27.67,10/16/2022,16:51:19,0.102,0.914
mediterranean,Mediterranean Vegetable Skewers,mediterranean,22.18,53.17,58.03,10/16/2022,16:51:19,0.417,0.916
mediterranean,Mediterranean Meatless Pizza,italian,27.54,177.77,57.07,10/16/2022,16:51:19,0.155,3.115
mediterranean,Mediterranean-style Focaccia,mediterranean,83.29,338.17,95.9,10/16/2022,16:51:19,0.246,3.526
mediterranean,Mediterranean Roast Vegetables,mediterranean,54.35,453.4,85.29,10/16/2022,16:51:19,0.12,5.316
mediterranean,Mediterranean Pasta Salad,mediterranean,20.38,89.0,26.82,10/16/2022,16:51:19,0.229,3.318
mediterranean,Mediterranean Kale Salad,mediterranean,13.53,14.72,47.75,10/16/2022,16:51:19,0.919,0.308
mediterranean,Mediterranean Remix Pasta,mediterranean,72.81,370.69,29.16,10/16/2022,16:51:19,0.196,12.712
mediterranean,Mediterranean Dip Recipe,mediterranean,32.91,98.66,73.52,10/16/2022,16:51:19,0.334,1.342
mediterranean,Mediterranean Stuffed Zucchini,mediterranean,169.85,155.51,245.76,10/16/2022,16:51:19,1.092,0.633
mediterranean,Mediterranean Chicken Patties,mediterranean,121.53,59.26,57.06,10/16/2022,16:51:26,2.051,1.039
mediterranean,Mediterranean Chicken Tostadas,south american,42.61,82.49,48.25,10/16/2022,16:51:26,0.517,1.71
mediterranean,Mediterranean Chicken Salad,mediterranean,182.08,138.15,111.86,10/16/2022,16:51:26,1.318,1.235
mediterranean,Mediterranean Herb Oil,mediterranean,4.5,23.45,865.66,10/16/2022,16:51:26,0.192,0.027
mediterranean,Mediterranean Pizza Pocket,italian,69.57,257.77,77.07,10/16/2022,16:51:26,0.27,3.345
mediterranean,Mediterranean pasta salad,mediterranean,143.32,280.48,98.52,10/16/2022,16:51:26,0.511,2.847
mediterranean,Mediterranean Kale Salad,mediterranean,36.2,12.31,13.9,10/16/2022,16:51:26,2.941,0.886
mediterranean,Mediterranean Quick Bread,mediterranean,55.92,241.32,112.54,10/16/2022,16:51:26,0.232,2.144
mediterranean,mediterranean couscous salad,mediterranean,92.89,275.53,85.94,10/16/2022,16:51:26,0.337,3.206
mediterranean,Creamy Mediterranean Spread,mediterranean,36.57,45.6,111.89,10/16/2022,16:51:26,0.802,0.408
mediterranean,Mediterranean Green Beans,mediterranean,9.06,37.93,12.41,10/16/2022,16:51:26,0.239,3.056
mediterranean,Mediterranean Deviled Eggs,mediterranean,51.04,6.25,73.12,10/16/2022,16:51:26,8.166,0.085
mediterranean,Hot Mediterranean Dip,mediterranean,41.67,93.7,180.27,10/16/2022,16:51:26,0.445,0.52
mediterranean,Mediterranean Quinoa Bowl,mediterranean,161.01,274.42,112.24,10/16/2022,16:51:26,0.587,2.445
mediterranean,Mediterranean Chicken Thighs:,mediterranean,191.18,10.24,100.86,10/16/2022,16:51:26,18.67,0.102
mediterranean,Mediterranean Couscous recipes,mediterranean,41.65,155.0,45.03,10/16/2022,16:51:26,0.269,3.442
mediterranean,Mediterranean Stuffed Chicken,mediterranean,232.85,12.17,109.03,10/16/2022,16:51:26,19.133,0.112
mediterranean,Mediterranean Baked Halibut,mediterranean,86.03,7.97,41.09,10/16/2022,16:51:26,10.794,0.194
mediterranean,Mediterranean Chopped Salad,mediterranean,4.17,19.13,31.41,10/16/2022,16:51:26,0.218,0.609
mediterranean,Feta Mediterranean Hummus,mediterranean,53.64,116.58,86.54,10/16/2022,16:51:32,0.46,1.347
mediterranean,Mediterranean toasted roll,mediterranean,112.64,170.45,120.89,10/16/2022,16:51:32,0.661,1.41
mediterranean,Mediterranean chicken bake,mediterranean,229.82,173.49,126.51,10/16/2022,16:51:32,1.325,1.371
mediterranean,Mediterranean Style Corn,mediterranean,19.37,110.72,34.91,10/16/2022,16:51:32,0.175,3.172
mediterranean,Mediterranean Cucumber Salad,mediterranean,4.65,26.18,65.66,10/16/2022,16:51:32,0.178,0.399
mediterranean,Mediterranean Watermelon Salad,mediterranean,13.65,53.95,52.21,10/16/2022,16:51:32,0.253,1.033
mediterranean,Mediterranean Quinoa Salad,mediterranean,131.97,287.93,137.53,10/16/2022,16:51:32,0.458,2.094
mediterranean,Mediterranean Chicken Focaccia,mediterranean,127.55,186.18,174.71,10/16/2022,16:51:32,0.685,1.066
mediterranean,Mediterranean Stir Fry,mediterranean,27.82,123.41,29.41,10/16/2022,16:51:32,0.225,4.196
mediterranean,Mediterranean Pasta Salad,mediterranean,43.17,200.43,47.99,10/16/2022,16:51:32,0.215,4.176
mediterranean,Mediterranean Farro Salad,mediterranean,141.06,489.45,157.84,10/16/2022,16:51:32,0.288,3.101
mediterranean,Mediterranean Stuffed Eggplant,mediterranean,52.9,241.17,48.61,10/16/2022,16:51:32,0.219,4.961
mediterranean,Mediterranean Baked Peppers,mediterranean,12.17,32.61,20.58,10/16/2022,16:51:32,0.373,1.585
mediterranean,Mediterranean Eggplant Dip,mediterranean,12.78,82.05,56.22,10/16/2022,16:51:32,0.156,1.459
mediterranean,Mediterranean Potato Salad,mediterranean,68.3,273.88,116.05,10/16/2022,16:51:32,0.249,2.36
mediterranean,Mediterranean Bread Salad,mediterranean,35.72,179.17,101.63,10/16/2022,16:51:32,0.199,1.763
mediterranean,Mediterranean Greek Salad,mediterranean,45.45,82.17,69.35,10/16/2022,16:51:32,0.553,1.185
mediterranean,Mediterranean layered meatloaf,mediterranean,220.05,183.93,310.21,10/16/2022,16:51:32,1.196,0.593
mediterranean,Mediterranean Couscous Fritters,south east asian,54.53,142.01,103.18,10/16/2022,16:51:32,0.384,1.376
mediterranean,Mediterranean Couscous Salad,mediterranean,68.13,254.19,129.64,10/16/2022,16:51:39,0.268,1.961
mediterranean,Mediterranean bruschetta (dip),mediterranean,27.21,97.8,57.11,10/16/2022,16:51:39,0.278,1.712
mediterranean,Mediterranean chicken bake,mediterranean,171.72,219.81,97.27,10/16/2022,16:51:39,0.781,2.26
mediterranean,Mediterranean Zucchini Salad,mediterranean,24.04,47.78,21.2,10/16/2022,16:51:39,0.503,2.254
mediterranean,Mediterranean Rice Bowl,mediterranean,45.76,236.0,82.43,10/16/2022,16:51:39,0.194,2.863
mediterranean,Mediterranean Chicken Salad,mediterranean,272.1,60.5,320.08,10/16/2022,16:51:39,4.498,0.189
mediterranean,Lemon Turkey Rice Soup recipes,american,144.51,400.54,85.45,10/16/2022,16:51:39,0.361,4.687
mediterranean,Mediterranean Marinated Cheese,mediterranean,16.14,28.33,141.54,10/16/2022,16:51:39,0.57,0.2
mediterranean,Mediterranean Marinated Cheese,mediterranean,15.81,25.62,141.62,10/16/2022,16:51:39,0.617,0.181
mediterranean,Mediterranean Layered Dip,mediterranean,31.71,94.69,73.45,10/16/2022,16:51:39,0.335,1.289
mediterranean,Mediterranean Braised Cucumbers,mediterranean,23.12,44.4,65.52,10/16/2022,16:51:39,0.521,0.678
mediterranean,Layered Mediterranean Pie,mediterranean,134.27,280.41,221.68,10/16/2022,16:51:39,0.479,1.265
mediterranean,Mediterranean Tapas Potatoes,mediterranean,11.57,85.65,60.96,10/16/2022,16:51:39,0.135,1.405
mediterranean,Mediterranean Egg Muffins,mediterranean,69.61,78.68,42.98,10/16/2022,16:51:39,0.885,1.831
mediterranean,Stuffed Mediterranean Meatballs,mediterranean,136.78,107.33,143.7,10/16/2022,16:51:39,1.274,0.747
mediterranean,Mediterranean Turkey Bake,american,73.2,47.64,37.72,10/16/2022,16:51:39,1.537,1.263
mediterranean,NUTRITION – Mediterranean Hummus,mediterranean,98.78,301.25,97.85,10/16/2022,16:51:39,0.328,3.079
mediterranean,Mediterranean Bean Salad,mediterranean,39.77,129.64,29.29,10/16/2022,16:51:39,0.307,4.426
mediterranean,Stuffed Mediterranean beef,world,43.66,211.49,56.75,10/16/2022,16:51:39,0.206,3.727
mediterranean,Mediterranean Quinoa Salad,mediterranean,54.17,137.29,45.75,10/16/2022,16:51:39,0.395,3.001
mediterranean,Mediterranean Bean Dip,mediterranean,30.22,84.53,55.66,10/16/2022,16:51:46,0.358,1.519
mediterranean,Mediterranean toasted roll,mediterranean,17.98,10.07,22.23,10/16/2022,16:51:46,1.786,0.453
mediterranean,Mediterranean Caesar Salad,mediterranean,44.68,194.48,112.39,10/16/2022,16:51:46,0.23,1.73
mediterranean,Mediterranean Watermelon Salad,mediterranean,13.74,50.03,25.29,10/16/2022,16:51:46,0.275,1.978
mediterranean,Mediterranean roast vegetables,mediterranean,42.58,139.2,66.84,10/16/2022,16:51:46,0.306,2.083
mediterranean,Mediterranean Quinoa Salad,mediterranean,46.08,146.28,62.87,10/16/2022,16:51:46,0.315,2.327
mediterranean,Mediterranean Lima Beans,mediterranean,49.79,179.8,34.41,10/16/2022,16:51:46,0.277,5.225
mediterranean,Mediterranean Stuffed Swordfish,mediterranean,57.45,5.76,43.23,10/16/2022,16:51:46,9.974,0.133
mediterranean,Mediterranean Tortellini Salad,italian,44.15,108.14,152.42,10/16/2022,16:51:46,0.408,0.709
mediterranean,Mediterranean Chicken Panini,italian,143.8,18.11,161.24,10/16/2022,16:51:46,7.94,0.112
mediterranean,Mediterranean Tuna Wrap,mediterranean,44.45,28.54,32.95,10/16/2022,16:51:46,1.557,0.866
mediterranean,Mediterranean Quinoa Salad,mediterranean,120.32,75.73,89.26,10/16/2022,16:51:46,1.589,0.848
mediterranean,Mediterranean Tuna Pizza,italian,78.1,205.28,66.05,10/16/2022,16:51:46,0.38,3.108
mediterranean,Mediterranean Chickpea Salad,mediterranean,42.93,79.02,85.72,10/16/2022,16:51:46,0.543,0.922
mediterranean,Mediterranean Potato Salad,mediterranean,30.23,224.46,63.87,10/16/2022,16:51:46,0.135,3.514
mediterranean,Mediterranean Pasta Salad,mediterranean,42.67,220.74,39.53,10/16/2022,16:51:46,0.193,5.584
mediterranean,Mediterranean Orzo Salad,mediterranean,98.41,386.62,115.44,10/16/2022,16:51:46,0.255,3.349
mediterranean,Baked Mediterranean Quesadillas,mexican,171.37,266.83,201.51,10/16/2022,16:51:46,0.642,1.324
mediterranean,Mediterranean Zucchini Salad,mediterranean,26.15,70.08,55.19,10/16/2022,16:51:46,0.373,1.27
mediterranean,Grilled Mediterranean Pizza,italian,134.36,151.1,92.61,10/16/2022,16:51:46,0.889,1.632
mediterranean,mediterranean orzo salad,mediterranean,26.05,117.15,65.08,10/16/2022,16:51:52,0.222,1.8
mediterranean,Grilled Mediterranean Quesadillas,mexican,103.18,225.17,110.42,10/16/2022,16:51:52,0.458,2.039
mediterranean,Mediterranean Baked Catfish,american,74.18,23.64,41.91,10/16/2022,16:51:52,3.138,0.564
mediterranean,Mediterranean Chopped Salad,mediterranean,54.04,131.34,40.92,10/16/2022,16:51:52,0.411,3.21
mediterranean,Mediterranean Tilapia recipes,mediterranean,49.36,11.93,6.35,10/16/2022,16:51:52,4.137,1.879
mediterranean,Mediterranean Sardine Dish,mediterranean,109.58,40.75,44.44,10/16/2022,16:51:52,2.689,0.917
mediterranean,Mediterranean Summer Salad,mediterranean,28.78,70.29,33.78,10/16/2022,16:51:52,0.409,2.081
mediterranean,Mediterranean Bagel Snacks,mediterranean,45.15,114.29,9.79,10/16/2022,16:51:52,0.395,11.674
mediterranean,Mediterranean Cod recipes,mediterranean,167.18,25.15,52.99,10/16/2022,16:51:52,6.647,0.475
mediterranean,Mediterranean Potato Salad,mediterranean,52.11,164.2,132.85,10/16/2022,16:51:52,0.317,1.236
mediterranean,Mediterranean Tortilla Pizza,italian,60.98,119.92,90.42,10/16/2022,16:51:52,0.509,1.326
mediterranean,Mediterranean Cheese Spread,mediterranean,23.21,18.59,92.69,10/16/2022,16:51:52,1.249,0.201
mediterranean,Grilled Mediterranean Chicken,mediterranean,130.0,17.89,28.89,10/16/2022,16:51:52,7.267,0.619
mediterranean,Mediterranean Tuna Salad,mediterranean,77.27,17.59,51.56,10/16/2022,16:51:52,4.393,0.341
mediterranean,Mediterranean Olive Bread,mediterranean,84.62,656.75,133.62,10/16/2022,16:51:52,0.129,4.915
mediterranean,Mediterranean Greek Salad,mediterranean,45.45,82.17,69.35,10/16/2022,16:51:52,0.553,1.185
mediterranean,Mediterranean Tuna Cups,mediterranean,94.14,50.34,15.1,10/16/2022,16:51:52,1.87,3.334
mediterranean,Mediterranean Veggie Wrap,mediterranean,20.52,60.14,24.79,10/16/2022,16:51:52,0.341,2.426
mediterranean,Mediterranean Tuna Linguine,mediterranean,93.42,234.27,27.0,10/16/2022,16:51:52,0.399,8.677
mediterranean,Mediterranean Bulgur Wheat,mediterranean,46.67,190.01,22.49,10/16/2022,16:51:59,0.246,8.449
mediterranean,Mediterranean Pasta recipes,mediterranean,151.81,210.45,101.45,10/16/2022,16:51:59,0.721,2.074
mediterranean,Mediterranean Baked Cod,mediterranean,127.37,29.93,68.81,10/16/2022,16:51:59,4.256,0.435
mediterranean,Mediterranean Broccoflower Salad,mediterranean,17.15,86.23,32.71,10/16/2022,16:51:59,0.199,2.636
mediterranean,Mediterranean Quinoa Salad,mediterranean,33.99,131.08,29.47,10/16/2022,16:51:59,0.259,4.448
mediterranean,Mediterranean Pork Kabobs,mediterranean,102.72,23.97,53.77,10/16/2022,16:51:59,4.285,0.446
mediterranean,Mediterranean Palmiers Recipe,french,55.71,240.03,247.16,10/16/2022,16:51:59,0.232,0.971
mediterranean,Mediterranean Chicken Marinade,mediterranean,1.71,13.79,55.0,10/16/2022,16:51:59,0.124,0.251
mediterranean,Mediterranean Fish Stew,mediterranean,125.54,130.24,35.93,10/16/2022,16:51:59,0.964,3.625
mediterranean,Mediterranean Tuna Pasta,mediterranean,81.25,202.44,55.02,10/16/2022,16:51:59,0.401,3.679
mediterranean,Mediterranean Quinoa Salad,mediterranean,35.58,137.71,52.42,10/16/2022,16:51:59,0.258,2.627
mediterranean,Mediterranean Avocado Dip,mediterranean,40.33,86.13,97.19,10/16/2022,16:51:59,0.468,0.886
mediterranean,Marinated Mediterranean Steaks,mediterranean,42.01,39.21,164.32,10/16/2022,16:51:59,1.071,0.239
mediterranean,Mediterranean Fish Marinade,mediterranean,4.25,26.14,56.76,10/16/2022,16:51:59,0.163,0.461
mediterranean,Mediterranean Salad Recipe,mediterranean,157.78,366.84,513.94,10/16/2022,16:51:59,0.43,0.714
mediterranean,Mediterranean Medley Salad,mediterranean,20.93,56.59,44.63,10/16/2022,16:51:59,0.37,1.268
mediterranean,Mediterranean Chickpea Salad,mediterranean,98.45,287.54,127.43,10/16/2022,16:51:59,0.342,2.256
mediterranean,Mediterranean Hummus Bites,mediterranean,52.13,142.15,53.65,10/16/2022,16:51:59,0.367,2.65
mediterranean,Mediterranean Tomatoes & Mozzarella,italian,54.64,29.97,84.16,10/16/2022,16:51:59,1.823,0.356
mediterranean,Mediterranean Quinoa Salad,mediterranean,69.35,269.75,55.58,10/16/2022,16:51:59,0.257,4.853
mediterranean,Mediterranean meatball subs,mediterranean,216.92,699.93,171.56,10/16/2022,16:52:06,0.31,4.08
mediterranean,Mediterranean baked sausages,mediterranean,135.14,57.15,208.01,10/16/2022,16:52:06,2.365,0.275
mediterranean,Mediterranean Cod recipes,mediterranean,130.29,669.57,27.17,10/16/2022,16:52:06,0.195,24.644
mediterranean,Mediterranean Chopped Salad,mediterranean,4.17,19.13,31.41,10/16/2022,16:52:06,0.218,0.609
mediterranean,Mediterranean Salad recipes,mediterranean,27.65,69.18,64.67,10/16/2022,16:52:06,0.4,1.07
mediterranean,Mediterranean Quinoa — Steemit,mediterranean,78.17,338.55,51.33,10/16/2022,16:52:06,0.231,6.596
mediterranean,Mediterranean Tortellini Salad,italian,99.42,287.03,81.28,10/16/2022,16:52:06,0.346,3.531
mediterranean,Mediterranean Macaroni Salad,mediterranean,42.82,186.66,112.92,10/16/2022,16:52:06,0.229,1.653
mediterranean,Mediterranean Pasta Salad,mediterranean,66.87,236.67,25.59,10/16/2022,16:52:06,0.283,9.249
mediterranean,Mediterranean Rice Pilaf,mediterranean,29.19,178.41,51.61,10/16/2022,16:52:06,0.164,3.457
mediterranean,Mediterranean capsicum rolls,mediterranean,24.69,72.29,104.29,10/16/2022,16:52:06,0.342,0.693
mediterranean,Mediterranean Fried Rice,mediterranean,30.3,98.92,60.28,10/16/2022,16:52:06,0.306,1.641
mediterranean,Mediterranean Tuna Salad,mediterranean,48.32,6.0,44.4,10/16/2022,16:52:06,8.053,0.135
mediterranean,Rigatoni Mediterranean Casserole,mediterranean,234.6,526.92,216.68,10/16/2022,16:52:06,0.445,2.432
mediterranean,Mediterranean Turkey Wrap,american,106.31,126.39,55.61,10/16/2022,16:52:06,0.841,2.273
mediterranean,Mediterranean Tofu Pie,asian,83.38,214.44,56.91,10/16/2022,16:52:06,0.389,3.768
mediterranean,Mediterranean Pasta Salad,mediterranean,64.66,287.97,70.56,10/16/2022,16:52:06,0.225,4.081
mediterranean,Mediterranean American Loaf,mediterranean,190.26,202.28,98.83,10/16/2022,16:52:06,0.941,2.047
mediterranean,Easy Mediterranean Chicken,mediterranean,130.73,12.48,33.59,10/16/2022,16:52:06,10.475,0.372
mediterranean,Mediterranean Potato Salad,mediterranean,24.04,176.53,83.77,10/16/2022,16:52:06,0.136,2.107
mediterranean,Mediterranean Summer Salad,mediterranean,38.29,32.83,50.66,10/16/2022,16:52:12,1.166,0.648
mediterranean,Mediterranean Potatoes recipes,mediterranean,42.19,232.08,74.11,10/16/2022,16:52:12,0.182,3.132
mediterranean,Mediterranean Layered Dip,mediterranean,56.91,64.23,217.7,10/16/2022,16:52:12,0.886,0.295
mediterranean,Mediterranean Tomato Salad,mediterranean,31.51,63.05,88.72,10/16/2022,16:52:12,0.5,0.711
mediterranean,Mediterranean Quinoa Salad,mediterranean,47.42,153.25,146.6,10/16/2022,16:52:12,0.309,1.045
mediterranean,Mediterranean Vegetarian Bites,mediterranean,86.94,17.12,97.85,10/16/2022,16:52:12,5.078,0.175
mediterranean,Mediterranean Chicken Wrap,mediterranean,112.21,199.81,121.64,10/16/2022,16:52:12,0.562,1.643
mediterranean,Chicken Mediterranean recipes,mediterranean,76.68,104.36,49.95,10/16/2022,16:52:12,0.735,2.089
mediterranean,Mediterranean Mussel Salad,mediterranean,52.19,286.24,77.77,10/16/2022,16:52:12,0.182,3.681
mediterranean,Mediterranean Quesadillas recipes,mexican,122.02,292.21,123.83,10/16/2022,16:52:12,0.418,2.36
mediterranean,Mediterranean Barley Salad,mediterranean,74.7,256.95,142.49,10/16/2022,16:52:12,0.291,1.803
mediterranean,Mediterranean Avocado Toast,mediterranean,17.06,48.92,39.44,10/16/2022,16:52:12,0.349,1.24
mediterranean,Mediterranean vegie cakes,mediterranean,43.86,127.06,33.68,10/16/2022,16:52:12,0.345,3.773
mediterranean,Mediterranean Crunch Salad,mediterranean,6.84,30.44,12.97,10/16/2022,16:52:12,0.225,2.347
mediterranean,Mediterranean Pizza recipes,italian,370.85,86.18,160.17,10/16/2022,16:52:12,4.303,0.538
mediterranean,Mediterranean Mashed Potatoes,mediterranean,20.33,164.14,55.36,10/16/2022,16:52:12,0.124,2.965
mediterranean,Mediterranean Salmon Burgers,nordic,76.28,24.09,48.76,10/16/2022,16:52:12,3.166,0.494
mediterranean,Mediterranean Cauliflower Salad,mediterranean,38.39,113.01,40.4,10/16/2022,16:52:12,0.34,2.797
mediterranean,Mediterranean Pasta Frittata,mediterranean,96.39,126.2,90.21,10/16/2022,16:52:12,0.764,1.399
mediterranean,Mediterranean Chicken Salad,mediterranean,120.5,94.66,126.0,10/16/2022,16:52:19,1.273,0.751
mediterranean,Mediterranean Chicken Packets,mediterranean,207.97,77.55,52.58,10/16/2022,16:52:19,2.682,1.475
mediterranean,Mediterranean Baked Fish,mediterranean,100.07,36.49,52.77,10/16/2022,16:52:19,2.742,0.691
mediterranean,Mediterranean Filled Loaf,mediterranean,80.75,244.13,68.82,10/16/2022,16:52:19,0.331,3.547
mediterranean,Mediterranean Feta Dip,mediterranean,25.25,15.49,80.5,10/16/2022,16:52:19,1.63,0.192
mediterranean,Mediterranean Roasted Fingerlings,mediterranean,32.81,191.19,45.05,10/16/2022,16:52:19,0.172,4.244
mediterranean,Mediterranean Garden Salad,mediterranean,15.46,41.16,55.98,10/16/2022,16:52:19,0.376,0.735
mediterranean,Mediterranean Spinach Pie,mediterranean,62.45,53.28,75.4,10/16/2022,16:52:19,1.172,0.707
mediterranean,Mediterranean Cauliflower Steaks,mediterranean,41.47,81.91,45.07,10/16/2022,16:52:19,0.506,1.817
mediterranean,Mediterranean Peasant Soup,mediterranean,23.25,72.91,8.86,10/16/2022,16:52:19,0.319,8.229
mediterranean,Mediterranean veggie tart,mediterranean,74.04,250.85,236.13,10/16/2022,16:52:19,0.295,1.062
mediterranean,Mediterranean Mozza-Chicken,mediterranean,163.5,37.93,100.69,10/16/2022,16:52:19,4.311,0.377
mediterranean,Mediterranean Roasted Cauliflower,mediterranean,18.89,27.15,37.67,10/16/2022,16:52:19,0.696,0.721
mediterranean,Mediterranean fish bake,mediterranean,145.21,124.45,38.28,10/16/2022,16:52:19,1.167,3.251
mediterranean,Mediterranean Chicken Salad,mediterranean,74.67,82.62,151.94,10/16/2022,16:52:19,0.904,0.544
mediterranean,Mediterranean Broccoflower Salad,mediterranean,17.62,88.33,32.77,10/16/2022,16:52:19,0.199,2.695
mediterranean,Mediterranean Layer Dip,mediterranean,63.35,234.24,79.27,10/16/2022,16:52:19,0.27,2.955
mediterranean,Mediterranean Egg Salad,mediterranean,67.0,39.79,50.55,10/16/2022,16:52:19,1.684,0.787
mediterranean,Mediterranean Marinated Chicken,mediterranean,103.28,5.78,84.19,10/16/2022,16:52:19,17.869,0.069
mediterranean,Mediterranean Bean Salad,mediterranean,56.25,178.12,54.63,10/16/2022,16:52:19,0.316,3.26
mediterranean,Mediterranean Turkey Patties,american,100.48,6.75,91.45,10/16/2022,16:52:26,14.886,0.074
mediterranean,Chicken Mediterranean Pizza,italian,189.16,525.3,209.89,10/16/2022,16:52:26,0.36,2.503
mediterranean,Mediterranean Eggs Paleo,mediterranean,12.24,9.38,23.7,10/16/2022,16:52:26,1.305,0.396
mediterranean,Chopped Mediterranean Salad,mediterranean,52.33,138.3,45.16,10/16/2022,16:52:26,0.378,3.062
mediterranean,mediterranean chickpea salad,mediterranean,97.52,240.29,96.66,10/16/2022,16:52:26,0.406,2.486
mediterranean,Mediterranean Chicken Bake,mediterranean,114.37,43.53,71.47,10/16/2022,16:52:26,2.627,0.609
mediterranean,Mediterranean Quinoa Salad,mediterranean,60.72,219.69,105.97,10/16/2022,16:52:26,0.276,2.073
mediterranean,Mediterranean Tuna Casserole,mediterranean,188.35,255.65,139.76,10/16/2022,16:52:26,0.737,1.829
mediterranean,Mediterranean Salmon Burgers,nordic,79.51,28.19,61.12,10/16/2022,16:52:26,2.821,0.461
mediterranean,Mediterranean Vegetable Gratin,french,40.47,72.77,65.54,10/16/2022,16:52:26,0.556,1.11
mediterranean,Chopped Mediterranean Salad,mediterranean,5.61,27.4,28.19,10/16/2022,16:52:26,0.205,0.972
mediterranean,Mediterranean Pita Triangles,mediterranean,23.21,87.56,22.26,10/16/2022,16:52:26,0.265,3.934
mediterranean,Mediterranean Quinoa Salad,mediterranean,49.3,170.85,66.13,10/16/2022,16:52:26,0.289,2.584
mediterranean,Mediterranean Tuna Salad,mediterranean,121.19,182.23,65.25,10/16/2022,16:52:26,0.665,2.793
mediterranean,Mediterranean Couscous Salad,mediterranean,73.14,123.49,68.58,10/16/2022,16:52:26,0.592,1.801
mediterranean,Mediterranean Green Beans,mediterranean,5.48,24.72,23.65,10/16/2022,16:52:26,0.222,1.045
mediterranean,Mediterranean Asparagus Quiche,french,102.08,279.38,265.32,10/16/2022,16:52:26,0.365,1.053
mediterranean,Mediterranean Pork Medallions,mediterranean,130.01,325.07,130.98,10/16/2022,16:52:26,0.4,2.482
mediterranean,Mediterranean Tuna Salad,mediterranean,58.35,50.85,60.53,10/16/2022,16:52:26,1.147,0.84
mediterranean,Mediterranean watermelon salsa,mediterranean,22.44,74.32,37.82,10/16/2022,16:52:26,0.302,1.965
mediterranean,Mediterranean Lentil Soup,mediterranean,242.28,653.67,38.43,10/16/2022,16:52:32,0.371,17.009
mediterranean,Lamb Shanks Mediterranean,mediterranean,353.38,106.35,293.06,10/16/2022,16:52:32,3.323,0.363
mediterranean,Mediterranean Pork Roulade,american,214.74,22.19,155.9,10/16/2022,16:52:32,9.677,0.142
mediterranean,Mediterranean Tuna Salad,mediterranean,48.24,24.79,44.95,10/16/2022,16:52:32,1.946,0.552
mediterranean,Mediterranean Vegan Bowl,american,33.75,147.86,66.38,10/16/2022,16:52:32,0.228,2.227
mediterranean,Mediterranean Quinoa Bowl,mediterranean,105.76,301.74,69.35,10/16/2022,16:52:32,0.351,4.351
mediterranean,Mediterranean Breakfast Wrap,mediterranean,18.12,34.75,12.27,10/16/2022,16:52:32,0.521,2.832
mediterranean,Mediterranean Chicken Casserole,mediterranean,103.02,75.06,46.85,10/16/2022,16:52:32,1.373,1.602
mediterranean,Mediterranean Lentil Salad,mediterranean,20.6,51.31,7.77,10/16/2022,16:52:32,0.401,6.604
mediterranean,Mediterranean Tuna Salad,mediterranean,109.33,95.02,78.61,10/16/2022,16:52:32,1.151,1.209
mediterranean,Mediterranean Seafood Salad,mediterranean,122.99,103.28,369.35,10/16/2022,16:52:32,1.191,0.28
mediterranean,Mediterranean Pasta Salad,mediterranean,140.34,345.98,258.55,10/16/2022,16:52:32,0.406,1.338
mediterranean,MEDITERRANEAN PASTA SALAD,mediterranean,44.48,220.77,62.48,10/16/2022,16:52:32,0.201,3.533
mediterranean,Grilled Mediterranean Chicken,mediterranean,124.75,104.39,128.97,10/16/2022,16:52:32,1.195,0.809
mediterranean,Mediterranean Pork Loin,mediterranean,224.93,67.17,271.27,10/16/2022,16:52:32,3.349,0.248
mediterranean,Mediterranean Orzo Salad,mediterranean,74.84,383.19,138.89,10/16/2022,16:52:32,0.195,2.759
mediterranean,Mediterranean Potato Salad,mediterranean,26.28,132.87,72.74,10/16/2022,16:52:32,0.198,1.827
mediterranean,Mediterranean Pasta Salad,mediterranean,139.88,281.21,147.63,10/16/2022,16:52:32,0.497,1.905
mediterranean,Mediterranean Tuna Salad,mediterranean,87.83,144.25,40.02,10/16/2022,16:52:32,0.609,3.604
mediterranean,Mediterranean Vegetable Pizza,italian,109.51,146.24,109.73,10/16/2022,16:52:32,0.749,1.333
mediterranean,Mediterranean Deviled Eggs,mediterranean,37.22,5.64,59.98,10/16/2022,16:52:39,6.599,0.094
mediterranean,Mediterranean Kale Salad,mediterranean,65.73,50.0,89.07,10/16/2022,16:52:39,1.315,0.561
mediterranean,Mediterranean-style prawns,mediterranean,151.49,92.26,50.03,10/16/2022,16:52:39,1.642,1.844
mediterranean,Mediterranean Vegetable Broth,mediterranean,0.44,3.1,1.16,10/16/2022,16:52:39,0.142,2.672
mediterranean,Mediterranean Bean Salad,mediterranean,59.4,175.16,88.37,10/16/2022,16:52:39,0.339,1.982
mediterranean,Mediterranean Cauliflower Couscous,mediterranean,27.41,72.07,63.71,10/16/2022,16:52:39,0.38,1.131
mediterranean,Mediterranean Pasta Salad,mediterranean,152.48,343.16,257.39,10/16/2022,16:52:39,0.444,1.333
mediterranean,Mediterranean Chicken Alfredo,mediterranean,217.5,192.13,79.72,10/16/2022,16:52:39,1.132,2.41
mediterranean,Mediterranean-Style Onions,mediterranean,9.76,135.61,28.19,10/16/2022,16:52:39,0.072,4.811
mediterranean,Mediterranean Style Couscous,mediterranean,48.27,202.1,44.22,10/16/2022,16:52:39,0.239,4.57
mediterranean,Mediterranean Salmon recipes,nordic,193.03,49.31,139.65,10/16/2022,16:52:39,3.915,0.353
mediterranean,Mediterranean Olive Spread,mediterranean,15.33,15.12,92.69,10/16/2022,16:52:39,1.014,0.163
mediterranean,Flounder Mediterranean recipes,mediterranean,69.04,17.28,51.6,10/16/2022,16:52:39,3.995,0.335
mediterranean,Mediterranean Quinoa Patties,mediterranean,56.32,231.83,11.15,10/16/2022,16:52:39,0.243,20.792
mediterranean,Mediterranean Orzo Salad,mediterranean,98.41,386.62,115.44,10/16/2022,16:52:39,0.255,3.349
mediterranean,Grilled Mediterranean Chicken,mediterranean,187.83,14.67,197.64,10/16/2022,16:52:39,12.804,0.074
mediterranean,Mediterranean Turkey Skillet,american,132.14,300.03,100.99,10/16/2022,16:52:39,0.44,2.971
mediterranean,Mediterranean Rice Salad,mediterranean,19.36,189.03,56.95,10/16/2022,16:52:39,0.102,3.319
mediterranean,Half-Sours Pickles | Fermenting! recipes,american,4.03,21.76,0.84,10/16/2022,16:52:39,0.185,25.905
mediterranean,Mediterranean Grilled Vegetables,mediterranean,12.77,39.65,29.21,10/16/2022,16:52:39,0.322,1.357
mediterranean,Mediterranean Bean Patties,mediterranean,27.53,257.47,9.55,10/16/2022,16:52:46,0.107,26.96
mediterranean,Mediterranean Calamari Stew,mediterranean,86.38,95.3,40.58,10/16/2022,16:52:46,0.906,2.348
mediterranean,PHILADELPHIA Mediterranean Dip,american,19.36,34.69,100.56,10/16/2022,16:52:46,0.558,0.345
mediterranean,Mediterranean Stuffed Mushrooms,mediterranean,40.79,48.42,81.02,10/16/2022,16:52:46,0.842,0.598
mediterranean,Mediterranean Quinoa Salad,mediterranean,35.48,181.53,21.6,10/16/2022,16:52:46,0.195,8.404
mediterranean,Mediterranean Salad recipes,mediterranean,32.33,89.86,44.19,10/16/2022,16:52:46,0.36,2.033
mediterranean,Mediterranean Layered Dip,mediterranean,150.88,434.7,133.59,10/16/2022,16:52:46,0.347,3.254
mediterranean,Healthy Mediterranean Cooking,mediterranean,84.44,215.58,96.75,10/16/2022,16:52:46,0.392,2.228
mediterranean,Mediterranean Chickpea Guacamole,mediterranean,71.54,236.41,77.58,10/16/2022,16:52:46,0.303,3.047
mediterranean,Mediterranean lamb pizza,italian,141.2,146.67,184.09,10/16/2022,16:52:46,0.963,0.797
mediterranean,Mediterranean Pasta Salad,mediterranean,32.05,147.24,37.25,10/16/2022,16:52:46,0.218,3.953
mediterranean,Speedy Mediterranean Chicken,mediterranean,138.74,133.68,129.21,10/16/2022,16:52:46,1.038,1.035
mediterranean,Mediterranean Pita Pizzas,italian,42.1,172.33,30.48,10/16/2022,16:52:46,0.244,5.654
mediterranean,Mediterranean Tuna Wrap,mediterranean,44.45,28.54,32.95,10/16/2022,16:52:46,1.557,0.866
mediterranean,Mediterranean Quinoa Salad,mediterranean,36.01,136.89,28.95,10/16/2022,16:52:46,0.263,4.728
mediterranean,Mediterranean Orzo Salad,mediterranean,96.09,186.19,158.95,10/16/2022,16:52:46,0.516,1.171
mediterranean,Mediterranean Pasta Salad,mediterranean,59.07,354.42,83.53,10/16/2022,16:52:46,0.167,4.243
mediterranean,Mediterranean Bean Salad,mediterranean,135.61,452.17,22.44,10/16/2022,16:52:46,0.3,20.15
mediterranean,Mediterranean Chicken Salad,mediterranean,164.19,40.57,135.96,10/16/2022,16:52:52,4.047,0.298
mediterranean,Mediterranean Bulgur Salad,mediterranean,48.49,210.31,40.92,10/16/2022,16:52:52,0.231,5.14
mediterranean,Mediterranean pasta salad,mediterranean,71.99,324.78,195.05,10/16/2022,16:52:52,0.222,1.665
mediterranean,Mediterranean Socca Pizza,italian,37.44,93.87,54.63,10/16/2022,16:52:52,0.399,1.718
mediterranean,Organic Grilled Portabella Mushroom Burger With Roasted Red Peppers And Goat Cheese Recipe,american,43.98,84.11,53.6,10/16/2022,16:52:52,0.523,1.569
mediterranean,Mediterranean Pork Roast,mediterranean,223.24,108.67,214.68,10/16/2022,16:52:52,2.054,0.506
mediterranean,Mediterranean Quinoa Salad,mediterranean,35.5,137.02,52.39,10/16/2022,16:52:52,0.259,2.615
mediterranean,Mediterranean Chicken & Rice,mediterranean,264.03,116.86,112.5,10/16/2022,16:52:52,2.259,1.039
mediterranean,Mediterranean Shrimp Wraps,mediterranean,88.45,159.05,41.17,10/16/2022,16:52:52,0.556,3.863
mediterranean,Mediterranean Chicken Drumsticks,mediterranean,98.55,20.63,103.39,10/16/2022,16:52:52,4.777,0.2
mediterranean,Mediterranean Tuna Casserole,mediterranean,365.34,489.82,232.64,10/16/2022,16:52:52,0.746,2.105
mediterranean,Mediterranean Chickpea Wrap,mediterranean,13.99,106.7,31.26,10/16/2022,16:52:52,0.131,3.413
mediterranean,Mediterranean Chicken Stew,mediterranean,119.84,91.82,172.78,10/16/2022,16:52:52,1.305,0.531
mediterranean,Mediterranean Crunch Salad,mediterranean,27.22,97.18,9.99,10/16/2022,16:52:52,0.28,9.728
mediterranean,Mediterranean Grilled Artichokes,mediterranean,24.84,52.46,198.55,10/16/2022,16:52:52,0.474,0.264
mediterranean,Roasted Mediterranean Cauliflower,mediterranean,36.65,119.52,90.97,10/16/2022,16:52:52,0.307,1.314
mediterranean,Mediterranean Stuffed Peppers,mediterranean,97.35,155.86,52.33,10/16/2022,16:52:52,0.625,2.978
mediterranean,Mediterranean Chicken Salad,mediterranean,61.22,207.0,133.96,10/16/2022,16:52:52,0.296,1.545
mediterranean,Mediterranean Shrimp recipes,mediterranean,97.71,29.56,33.95,10/16/2022,16:52:52,3.305,0.871
mediterranean,Mediterranean Grilled Veggies,mediterranean,27.55,151.75,75.31,10/16/2022,16:52:52,0.182,2.015
mediterranean,Penne Rigate with Mixed Greens and Pine Nuts,italian,98.21,362.25,126.16,10/16/2022,16:52:59,0.271,2.871
mediterranean,Mediterranean Pita Pizzas,italian,396.48,370.46,589.02,10/16/2022,16:52:59,1.07,0.629
mediterranean,Mediterranean Chicken Bake,mediterranean,83.63,96.73,105.44,10/16/2022,16:52:59,0.865,0.917
mediterranean,Mediterranean Chickpea Salad,mediterranean,118.0,302.32,68.15,10/16/2022,16:52:59,0.39,4.436
mediterranean,Mediterranean Chicken Stacks,mediterranean,154.81,64.44,131.11,10/16/2022,16:52:59,2.402,0.491
mediterranean,Mediterranean baguette pizza,italian,90.49,185.8,124.37,10/16/2022,16:52:59,0.487,1.494
mediterranean,Mediterranean inspired Shrimp,mediterranean,55.43,15.4,115.03,10/16/2022,16:52:59,3.599,0.134
mediterranean,Mediterranean Chicken Recipe,mediterranean,284.78,69.32,97.59,10/16/2022,16:52:59,4.108,0.71
mediterranean,Skillet Mediterranean Chicken,mediterranean,139.66,40.31,79.24,10/16/2022,16:52:59,3.465,0.509
mediterranean,Mediterranean Melt recipes,mediterranean,100.94,320.71,125.91,10/16/2022,16:52:59,0.315,2.547
mediterranean,Mediterranean Veggie Sandwich,mediterranean,12.89,46.06,8.4,10/16/2022,16:52:59,0.28,5.483
mediterranean,Mediterranean-style sandwiches,mediterranean,68.58,128.32,100.43,10/16/2022,16:52:59,0.534,1.278
mediterranean,Mediterranean Couscous Salad,mediterranean,50.44,159.69,71.5,10/16/2022,16:52:59,0.316,2.233
mediterranean,Mediterranean Potato Salad,mediterranean,40.83,286.82,125.46,10/16/2022,16:52:59,0.142,2.286
mediterranean,Mediterranean Chicken recipes,mediterranean,251.35,38.08,124.93,10/16/2022,16:52:59,6.601,0.305
mediterranean,Poached Mediterranean Salmon,nordic,141.28,12.85,92.73,10/16/2022,16:52:59,10.995,0.139
mediterranean,Brownies Mediterranean Fish,french,87.39,44.94,36.23,10/16/2022,16:52:59,1.945,1.24
mediterranean,Mediterranean Spaghetti Squash,mediterranean,17.52,57.97,53.3,10/16/2022,16:52:59,0.302,1.088
mediterranean,Mediterranean Fish Stew,mediterranean,79.89,78.38,9.03,10/16/2022,16:52:59,1.019,8.68
mediterranean,Mediterranean Pasta Salad,mediterranean,89.25,383.59,155.75,10/16/2022,16:52:59,0.233,2.463
mediterranean,Mediterranean Feta Dip,mediterranean,29.4,57.93,33.6,10/16/2022,16:53:06,0.508,1.724
mediterranean,Mediterranean chopped salad,mediterranean,29.81,83.7,54.1,10/16/2022,16:53:06,0.356,1.547
mediterranean,Mediterranean Quinoa Salad,mediterranean,136.69,462.72,44.88,10/16/2022,16:53:06,0.295,10.31
mediterranean,Mediterranean Bulgur Salad,mediterranean,36.0,172.28,16.76,10/16/2022,16:53:06,0.209,10.279
mediterranean,Quick Mediterranean Chicken,mediterranean,126.34,39.98,77.67,10/16/2022,16:53:06,3.16,0.515
mediterranean,MEDITERRANEAN SUMMER PASTA,mediterranean,24.86,143.12,30.54,10/16/2022,16:53:06,0.174,4.686
mediterranean,Mediterranean Seafood Pasta,mediterranean,163.61,444.26,73.31,10/16/2022,16:53:06,0.368,6.06
mediterranean,Mediterranean Chicken Kabobs,mediterranean,158.27,40.29,100.87,10/16/2022,16:53:06,3.928,0.399
mediterranean,Mediterranean Quinoa Salad,mediterranean,55.08,154.39,92.82,10/16/2022,16:53:06,0.357,1.663
mediterranean,Mediterranean Roast Peppers,mediterranean,24.63,55.06,64.83,10/16/2022,16:53:06,0.447,0.849
mediterranean,Mediterranean baked sausages,mediterranean,135.14,57.15,208.01,10/16/2022,16:53:06,2.365,0.275
mediterranean,Mediterranean Lemon Chicken,mediterranean,112.07,36.37,43.39,10/16/2022,16:53:06,3.081,0.838
mediterranean,Veggie Frittata Breakfast Sandwiches,italian,140.19,229.04,88.4,10/16/2022,16:53:06,0.612,2.591
mediterranean,Greek Pasta Salad recipes,mediterranean,85.26,372.58,115.38,10/16/2022,16:53:06,0.229,3.229
mediterranean,Mediterranean Flatbread recipes,mediterranean,19.89,74.99,37.22,10/16/2022,16:53:06,0.265,2.015
mediterranean,Mediterranean Vegetable Salad,mediterranean,56.26,84.68,85.02,10/16/2022,16:53:06,0.664,0.996
mediterranean,Pumpkin Amaretti Mousse,french,18.66,147.52,107.98,10/16/2022,16:53:06,0.126,1.366
mediterranean,Mediterranean Quinoa Salad,mediterranean,38.62,136.32,88.22,10/16/2022,16:53:06,0.283,1.545
mediterranean,Mediterranean Quinoa recipes,mediterranean,40.07,137.12,41.06,10/16/2022,16:53:06,0.292,3.34
mediterranean,Mediterranean lamb pizza,italian,73.29,151.48,57.0,10/16/2022,16:53:06,0.484,2.658
mediterranean,Mediterranean Skillet Chicken,mediterranean,155.19,27.48,86.89,10/16/2022,16:53:12,5.647,0.316
mediterranean,Crockpot Mediterranean Chicken,mediterranean,230.09,69.01,80.62,10/16/2022,16:53:12,3.334,0.856
mediterranean,Mediterranean Chicken Breasts,mediterranean,238.41,392.19,34.03,10/16/2022,16:53:12,0.608,11.525
mediterranean,Mediterranean Stuffed Mushrooms,mediterranean,20.55,19.6,27.96,10/16/2022,16:53:12,1.048,0.701
mediterranean,Mediterranean Spaghetti Squash,mediterranean,30.0,119.71,66.82,10/16/2022,16:53:12,0.251,1.792
mediterranean,Baked Mediterranean Tilapia,mediterranean,110.34,127.93,68.38,10/16/2022,16:53:12,0.863,1.871
mediterranean,The Mediterranean Pasta Salad,mediterranean,56.57,239.05,89.2,10/16/2022,16:53:12,0.237,2.68
mediterranean,Mediterranean Couscous Salad,mediterranean,24.33,84.56,35.1,10/16/2022,16:53:12,0.288,2.409
mediterranean,Mediterranean Baked Fish,mediterranean,92.45,53.77,27.72,10/16/2022,16:53:12,1.719,1.94
mediterranean,Beefy Mediterranean Soup,american,99.92,40.15,108.74,10/16/2022,16:53:12,2.489,0.369
mediterranean,Mediterranean Veggie Saute,mediterranean,7.15,32.31,10.82,10/16/2022,16:53:12,0.221,2.986
mediterranean,Mediterranean Salad recipes,mediterranean,10.34,36.17,28.73,10/16/2022,16:53:12,0.286,1.259
mediterranean,Mediterranean Roast Peppers,mediterranean,24.63,55.06,64.83,10/16/2022,16:53:12,0.447,0.849
mediterranean,Mediterranean Chicken Recipe,mediterranean,107.59,183.51,20.94,10/16/2022,16:53:12,0.586,8.764
mediterranean,Mediterranean mince tarts,american,71.68,93.69,116.02,10/16/2022,16:53:12,0.765,0.808
mediterranean,Mediterranean Cheese Strata,mediterranean,97.62,128.44,84.26,10/16/2022,16:53:12,0.76,1.524
mediterranean,Mediterranean-Style Mushrooms,mediterranean,9.3,18.75,28.35,10/16/2022,16:53:12,0.496,0.661
mediterranean,Mediterranean baked fish,mediterranean,249.18,47.03,49.35,10/16/2022,16:53:12,5.298,0.953
mediterranean,Mediterranean Spring Salad,mediterranean,39.45,79.5,29.97,10/16/2022,16:53:12,0.496,2.653
mediterranean,Mediterranean Herbed Rice,mediterranean,22.45,167.61,16.09,10/16/2022,16:53:12,0.134,10.417
mediterranean,Mediterranean Skillet Chicken,mediterranean,155.19,27.48,86.89,10/16/2022,16:53:19,5.647,0.316
mediterranean,Crockpot Mediterranean Chicken,mediterranean,230.09,69.01,80.62,10/16/2022,16:53:19,3.334,0.856
mediterranean,Mediterranean Chicken Breasts,mediterranean,238.41,392.19,34.03,10/16/2022,16:53:19,0.608,11.525
mediterranean,Mediterranean Stuffed Mushrooms,mediterranean,20.55,19.6,27.96,10/16/2022,16:53:19,1.048,0.701
mediterranean,Mediterranean Spaghetti Squash,mediterranean,30.0,119.71,66.82,10/16/2022,16:53:19,0.251,1.792
mediterranean,Baked Mediterranean Tilapia,mediterranean,110.34,127.93,68.38,10/16/2022,16:53:19,0.863,1.871
mediterranean,The Mediterranean Pasta Salad,mediterranean,56.57,239.05,89.2,10/16/2022,16:53:19,0.237,2.68
mediterranean,Mediterranean Couscous Salad,mediterranean,24.33,84.56,35.1,10/16/2022,16:53:19,0.288,2.409
mediterranean,Mediterranean Baked Fish,mediterranean,92.45,53.77,27.72,10/16/2022,16:53:19,1.719,1.94
mediterranean,Beefy Mediterranean Soup,american,99.92,40.15,108.74,10/16/2022,16:53:19,2.489,0.369
mediterranean,Mediterranean Veggie Saute,mediterranean,7.15,32.31,10.82,10/16/2022,16:53:19,0.221,2.986
mediterranean,Mediterranean Salad recipes,mediterranean,10.34,36.17,28.73,10/16/2022,16:53:19,0.286,1.259
mediterranean,Mediterranean Roast Peppers,mediterranean,24.63,55.06,64.83,10/16/2022,16:53:19,0.447,0.849
mediterranean,Mediterranean Chicken Recipe,mediterranean,107.59,183.51,20.94,10/16/2022,16:53:19,0.586,8.764
mediterranean,Mediterranean mince tarts,american,71.68,93.69,116.02,10/16/2022,16:53:19,0.765,0.808
mediterranean,Mediterranean Cheese Strata,mediterranean,97.62,128.44,84.26,10/16/2022,16:53:19,0.76,1.524
mediterranean,Mediterranean-Style Mushrooms,mediterranean,9.3,18.75,28.35,10/16/2022,16:53:19,0.496,0.661
mediterranean,Mediterranean baked fish,mediterranean,249.18,47.03,49.35,10/16/2022,16:53:19,5.298,0.953
mediterranean,Mediterranean Spring Salad,mediterranean,39.45,79.5,29.97,10/16/2022,16:53:19,0.496,2.653
mediterranean,Mediterranean Herbed Rice,mediterranean,22.45,167.61,16.09,10/16/2022,16:53:19,0.134,10.417
dash,100-Mile Dash,american,1.9,236.76,1.02,10/16/2022,20:29:20,0.008,232.118
dash,Goulash In A Dash,french,137.31,120.32,35.92,10/16/2022,20:29:20,1.141,3.35
dash,Garlicky Wilted Kale (with a dash of Nutmeg),american,29.41,75.78,47.8,10/16/2022,20:29:20,0.388,1.585
dash,Modern Cocktail No. 2 Recipe,world,0.06,18.81,0.17,10/16/2022,20:29:20,0.003,110.647
dash,Three Dots And A Dash,american,0.51,139.67,0.0,10/16/2022,20:29:20,0.004,
dash,Brooklyn Cocktail recipes,world,0.02,1.06,0.0,10/16/2022,20:29:20,0.019,
dash,Pegu,world,0.12,10.92,0.1,10/16/2022,20:29:20,0.011,109.2
dash,Aztec Chocolate Bark,american,34.28,227.68,134.18,10/16/2022,20:29:20,0.151,1.697
dash,Celery Cider,mediterranean,0.07,7.07,0.08,10/16/2022,20:29:20,0.01,88.375
dash,Spaghetti Squash with Maple Syrup and Shallots recipes,american,8.54,128.66,39.43,10/16/2022,20:29:20,0.066,3.263
dash,Emeril's Sazerac,world,0.09,5.2,0.02,10/16/2022,20:29:20,0.017,260.0
dash,Al's Bloody Best,world,1.0,4.81,0.35,10/16/2022,20:29:20,0.208,13.743
dash,My Favorite Bloody Mary,world,0.81,4.85,0.26,10/16/2022,20:29:20,0.167,18.654
dash,The Fourth Regiment Cocktail recipes,world,0.11,1.76,0.02,10/16/2022,20:29:20,0.062,88.0
dash,Vieux Carré Recipe,world,0.02,1.53,0.01,10/16/2022,20:29:20,0.013,153.0
dash,The Berkeley Free Speech Cocktail,world,0.08,11.69,0.04,10/16/2022,20:29:20,0.007,292.25
dash,Sazerac,world,0.0,4.87,0.0,10/16/2022,20:29:20,0.0,
dash,H-O-T Hot Boneless Buffalo Wings,american,274.74,32.48,228.5,10/16/2022,20:29:20,8.459,0.142
dash,Garbo Gargle Cocktail recipes,world,0.06,6.05,0.02,10/16/2022,20:29:27,0.01,302.5
dash,Pinnacleandreg; Sunday Funday,world,4.34,19.35,0.99,10/16/2022,20:29:27,0.224,19.545
dash,The Red Snapper from the King Cole Bar recipes,world,0.56,2.84,0.25,10/16/2022,20:29:27,0.197,11.36
dash,3 Delicious Ways To Roast Your Cauliflower recipes,american,2.85,15.5,1.13,10/16/2022,20:29:27,0.184,13.717
dash,Lemon-Basil Risotto with Tomato Topping,italian,2.28,11.32,7.3,10/16/2022,20:29:27,0.201,1.551
dash,Green Beans with Shallots,british,22.61,103.61,15.74,10/16/2022,20:29:27,0.218,6.583
dash,The Cool Cucumber,world,0.41,4.71,0.09,10/16/2022,20:29:27,0.087,52.333
dash,Asparagus with Warm Vinaigrette,french,10.38,31.92,0.63,10/16/2022,20:29:27,0.325,50.667
dash,Agave Lime Chicken recipes,american,150.85,124.57,144.13,10/16/2022,20:29:27,1.211,0.864
dash,The Ginger Side,world,0.03,5.49,0.0,10/16/2022,20:29:27,0.005,
dash,Cuba Libre,world,0.18,9.9,0.05,10/16/2022,20:29:27,0.018,198.0
dash,Spiced Old Fashioned,american,0.25,9.07,0.15,10/16/2022,20:29:27,0.028,60.467
dash,Agave Lime Chicken,american,228.97,115.98,222.1,10/16/2022,20:29:27,1.974,0.522
dash,Love In Jalisco,world,0.05,5.45,0.05,10/16/2022,20:29:27,0.009,109.0
dash,Biriyani,indian,284.38,496.15,245.96,10/16/2022,20:29:27,0.573,2.017
dash,Pomegranate Chicken with Preserved Lemon and Almond Rice Pilaf Recipe,mediterranean,280.03,290.25,277.65,10/16/2022,20:29:27,0.965,1.045
dash,Pecan Butter,american,18.36,47.61,162.93,10/16/2022,20:29:27,0.386,0.292
dash,La Paloma,world,0.23,3.59,0.07,10/16/2022,20:29:27,0.064,51.286
dash,Bonus Recipe: Do the Cabbage Pack!,american,10.9,35.69,34.85,10/16/2022,20:29:33,0.305,1.024
dash,Michelada,world,2.12,19.87,0.14,10/16/2022,20:29:33,0.107,141.929
dash,I Love Ny Veggie Pizza,italian,51.86,169.4,30.88,10/16/2022,20:29:33,0.306,5.486
dash,The Ginger Side,world,0.03,5.49,0.0,10/16/2022,20:29:33,0.005,
dash,Baked Cheese Spread,american,66.25,36.82,440.83,10/16/2022,20:29:33,1.799,0.084
dash,Healthy Whiskey & Ginger,world,0.11,6.38,0.04,10/16/2022,20:29:33,0.017,159.5
dash,Maple-Gingerbread Pots de Crème,american,34.51,152.25,85.14,10/16/2022,20:29:33,0.227,1.788
dash,Bloody Mary,world,1.08,5.44,0.36,10/16/2022,20:29:33,0.199,15.111
dash,Easy Pot Roast,nordic,492.51,78.8,153.25,10/16/2022,20:29:33,6.25,0.514
dash,"Garganelli Pasta with Scallops, Tomatoes and Green Beans",italian,65.15,303.67,36.05,10/16/2022,20:29:33,0.215,8.424
dash,Bourbon Old Fashioned Recipe,british,0.0,10.42,0.0,10/16/2022,20:29:33,0.0,
dash,Jalapeño-Spiked Cherry Preserves,american,7.28,593.23,2.23,10/16/2022,20:29:33,0.012,266.022
dash,"Potato, Leek and Parmesan Cheese Dumplings",chinese,219.19,653.27,99.29,10/16/2022,20:29:33,0.336,6.579
dash,Old-Fashioned Cornbread Stuffing,american,62.04,264.05,147.9,10/16/2022,20:29:33,0.235,1.785
dash,Mezcal Paloma,world,0.06,1.25,0.01,10/16/2022,20:29:33,0.048,125.0
dash,Avocado-Sprout Toast,american,5.54,17.37,9.62,10/16/2022,20:29:33,0.319,1.806
dash,Pepperoni Pizza Wrap,italian,50.91,31.1,84.27,10/16/2022,20:29:33,1.637,0.369
dash,"Peaches With Creme Fraiche, Brown Sugar, Cinnamon And Nutmeg",french,1.51,19.1,3.2,10/16/2022,20:29:33,0.079,5.969
dash,Men Are From Mars,world,0.27,10.65,0.1,10/16/2022,20:29:40,0.025,106.5
dash,Crunchy Baked Fish,american,131.61,14.66,21.66,10/16/2022,20:29:40,8.977,0.677
dash,Simple Savory Scallops,american,3.03,0.92,0.14,10/16/2022,20:29:40,3.293,6.571
dash,Karthago Cocktail,world,0.46,4.56,0.15,10/16/2022,20:29:40,0.101,30.4
dash,Pink Pasta,italian,72.88,388.59,124.26,10/16/2022,20:29:40,0.188,3.127
dash,Candy Corn Milkshake,american,20.41,105.95,44.92,10/16/2022,20:29:40,0.193,2.359
dash,Coconut Black Beans,south east asian,60.77,177.7,92.44,10/16/2022,20:29:40,0.342,1.922
dash,Pasta with tuna and roasted asparagus,italian,57.42,217.37,45.53,10/16/2022,20:29:40,0.264,4.774
dash,Spiked Eggnog,british,5.47,27.03,4.28,10/16/2022,20:29:40,0.202,6.315
dash,Sweet Potato Hash,south american,36.91,132.92,48.02,10/16/2022,20:29:40,0.278,2.768
dash,Ketel One Vodka Dutch Chocolate,eastern europe,28.26,83.18,27.33,10/16/2022,20:29:40,0.34,3.044
dash,Mezcal Michelada,world,0.38,15.01,0.03,10/16/2022,20:29:40,0.025,500.333
dash,Screwdriver Recipe,world,0.0,0.07,0.0,10/16/2022,20:29:40,0.0,
dash,Stuffed Shells with Creamy Tomato Parmesan Sauce,italian,315.57,424.32,326.86,10/16/2022,20:29:40,0.744,1.298
dash,Very Merry Bourbon Alexander,american,9.27,18.46,7.19,10/16/2022,20:29:40,0.502,2.567
dash,Milk and Honey Recipe,american,7.18,16.97,7.37,10/16/2022,20:29:40,0.423,2.303
dash,Carrot Gnocchi with Chard two ways,italian,64.63,207.5,139.97,10/16/2022,20:29:40,0.311,1.482
dash,Oven-Dried Kale,mediterranean,8.76,18.4,15.38,10/16/2022,20:29:40,0.476,1.196
dash,kale and cheese calzone,italian,24.56,37.88,24.28,10/16/2022,20:29:40,0.648,1.56
dash,Chocolate Hummus with Candied Bacon,mediterranean,91.45,177.59,193.53,10/16/2022,20:29:47,0.515,0.918
dash,All-Purpose Citrus Dressing,mediterranean,0.64,3.77,27.41,10/16/2022,20:29:47,0.17,0.138
dash,Honey Walnut Crusted Salmon,nordic,151.1,80.12,151.21,10/16/2022,20:29:47,1.886,0.53
dash,Sriracha Bloody Mary Recipe,world,1.06,5.58,0.39,10/16/2022,20:29:47,0.19,14.308
dash,Raw Shiitake Kale Salad recipes,mediterranean,10.38,22.63,38.08,10/16/2022,20:29:47,0.459,0.594
dash,Cod with Rosemary Polenta and Beans,italian,23.91,41.84,11.13,10/16/2022,20:29:47,0.571,3.759
dash,Pineapple Mango Salsa recipes,mexican,9.22,183.91,2.68,10/16/2022,20:29:47,0.05,68.623
dash,Burrata Pizza,italian,72.76,130.13,59.23,10/16/2022,20:29:47,0.559,2.197
dash,"Sweet, Spicy, Easy Green Beans",mexican,29.4,14.45,21.51,10/16/2022,20:29:47,2.035,0.672
dash,Scones with Currants,british,18.2,137.06,25.92,10/16/2022,20:29:47,0.133,5.288
dash,Double Avocado Cobb Salad,american,71.44,82.8,276.64,10/16/2022,20:29:47,0.863,0.299
dash,The Ultimate Ketel One Bloody Mary,world,1.35,9.04,0.41,10/16/2022,20:29:47,0.149,22.049
dash,Carrots and Blue Cheese,american,12.18,38.19,38.32,10/16/2022,20:29:47,0.319,0.997
dash,Raita (Indian Yogurt and Cucumber Condiment),indian,19.64,41.6,16.6,10/16/2022,20:29:47,0.472,2.506
dash,Roast Chicken,american,399.78,44.14,355.83,10/16/2022,20:29:47,9.057,0.124
dash,Chicken with Mango Salsa,mexican,250.16,65.49,52.86,10/16/2022,20:29:47,3.82,1.239
dash,Dinner Tonight: Jacques Pépin's Spicy Ginger and Lemon Chicken Recipe,french,116.46,43.58,121.62,10/16/2022,20:29:47,2.672,0.358
dash,Carrot-Thyme Soup with Cream,american,12.39,212.88,46.59,10/16/2022,20:29:53,0.058,4.569
dash,Crab Cakes With Green Onion And Mustard,french,49.36,17.16,7.27,10/16/2022,20:29:53,2.876,2.36
dash,Sweet Potato & Broccoli Shepard's Pie,american,94.3,87.07,111.87,10/16/2022,20:29:53,1.083,0.778
dash,Macaroni and Cheese,italian,223.44,468.96,277.66,10/16/2022,20:29:53,0.476,1.689
dash,Roasted Pencil-thin Asparagus,american,5.82,4.76,9.29,10/16/2022,20:29:53,1.223,0.512
dash,Sweet Potato Julius,italian,5.14,63.09,2.9,10/16/2022,20:29:53,0.081,21.755
dash,The Rolls-Royce,world,0.21,3.35,0.03,10/16/2022,20:29:53,0.063,111.667
dash,151 Swizzle,world,0.14,31.75,0.03,10/16/2022,20:29:53,0.004,1058.333
dash,Three Cheese Hot Artichoke Dip,mediterranean,78.45,59.07,300.49,10/16/2022,20:29:53,1.328,0.197
dash,Pork Medallions with Cranberry-Onion Relish,american,75.19,59.98,45.96,10/16/2022,20:29:53,1.254,1.305
dash,The Manchester,world,0.0,10.42,0.0,10/16/2022,20:29:53,0.0,
dash,Aperol Spritz Cocktail,world,0.29,6.1,0.02,10/16/2022,20:29:53,0.048,305.0
dash,Fiesta Chicken Drummettes,italian,80.04,3.94,60.14,10/16/2022,20:29:53,20.315,0.066
dash,Scallops Ceviche And Kumquats,south american,33.27,40.05,16.09,10/16/2022,20:29:53,0.831,2.489
dash,Emerald Cocktail,world,0.02,0.83,0.0,10/16/2022,20:29:53,0.024,
dash,Oven-Roasted Rosemary Potatoes,mediterranean,17.94,161.41,14.76,10/16/2022,20:29:53,0.111,10.936
dash,Swiss Chard au Gratin,french,106.11,150.75,398.24,10/16/2022,20:29:53,0.704,0.379
dash,Savory Zucchini Puff Pastry Tarts,french,7.77,32.46,34.39,10/16/2022,20:29:53,0.239,0.944
dash,Pizza in a bread bowl Recipe,italian,186.16,105.55,210.63,10/16/2022,20:30:03,1.764,0.501
dash,Fancy Free Recipe,french,0.01,4.62,0.04,10/16/2022,20:30:03,0.002,115.5
dash,The Augustus Club,world,0.12,15.56,0.08,10/16/2022,20:30:03,0.008,194.5
dash,Green Onion and Mustard Crab Cakes,french,49.36,17.16,7.27,10/16/2022,20:30:03,2.876,2.36
dash,Juice Marinara Recipe,south american,6.47,36.7,1.64,10/16/2022,20:30:03,0.176,22.378
dash,The Old Hickory Cocktail Recipe,american,0.06,2.31,0.0,10/16/2022,20:30:03,0.026,
dash,The Sherry Martini,italian,0.11,6.62,0.0,10/16/2022,20:30:03,0.017,
dash,Southern Comfort Champagne Cocktail,world,0.2,13.04,0.1,10/16/2022,20:30:03,0.015,130.4
dash,"Apricot, Cucumber, Pluot, and Lime Basil Salad",american,3.14,28.6,0.86,10/16/2022,20:30:03,0.11,33.256
dash,Chickpea & Butternut Squash Soup,american,43.03,182.75,93.72,10/16/2022,20:30:03,0.235,1.95
dash,Apple and cabbage salad with apple molasses dressing,middle eastern,52.14,217.83,197.97,10/16/2022,20:30:03,0.239,1.1
dash,Duck breast stuffed with dried fruits,american,22.18,299.11,44.09,10/16/2022,20:30:03,0.074,6.784
dash,Homemade Strawberry Conserve,mediterranean,2.12,124.18,0.93,10/16/2022,20:30:03,0.017,133.527
dash,Oysters,mediterranean,38.98,30.54,9.75,10/16/2022,20:30:03,1.276,3.132
dash,Lemon Lavender Fizz,world,0.07,32.57,0.05,10/16/2022,20:30:03,0.002,651.4
dash,New Columbia Harvest,world,0.2,7.04,0.18,10/16/2022,20:30:03,0.028,39.111
dash,Black River Pearl,world,0.08,14.18,0.08,10/16/2022,20:30:03,0.006,177.25
dash,Broccoli Bacon Quiches,french,32.59,9.49,78.87,10/16/2022,20:30:03,3.434,0.12
dash,Arugula With Steak,american,183.23,9.68,134.77,10/16/2022,20:30:03,18.929,0.072
dash,Gazpacho,mediterranean,17.5,101.58,58.73,10/16/2022,20:30:10,0.172,1.73
dash,Appetizer Meatballs (Frozen Meatballs),american,161.54,279.67,181.99,10/16/2022,20:30:10,0.578,1.537
dash,Spinach and Italian Cheese Omelet,italian,20.07,4.42,21.83,10/16/2022,20:30:10,4.541,0.202
dash,Cucumber Gazpacho,mediterranean,5.01,32.66,54.86,10/16/2022,20:30:10,0.153,0.595
dash,Time for a Drink: the Gypsy Recipe,world,0.03,9.13,0.09,10/16/2022,20:30:10,0.003,101.444
dash,Alaska Cocktail Recipe,world,0.01,4.56,0.04,10/16/2022,20:30:10,0.002,114.0
dash,Mom’s Blueberry Pie,american,20.57,346.14,210.47,10/16/2022,20:30:10,0.059,1.645
dash,Asian-Spiced Pecans,american,39.9,62.85,293.97,10/16/2022,20:30:10,0.635,0.214
dash,Golden Milk Tea,indian,10.18,36.91,96.75,10/16/2022,20:30:10,0.276,0.381
dash,Individual Chili-Cheddar Meatloaves,american,48.59,58.25,21.74,10/16/2022,20:30:10,0.834,2.679
dash,Whiskey Ginger Recipe,british,0.0,0.08,0.0,10/16/2022,20:30:10,0.0,
dash,Eggplant Lasagna,italian,143.09,221.09,106.68,10/16/2022,20:30:10,0.647,2.072
dash,Fifty-Fifty Martini recipes,world,0.67,6.56,0.17,10/16/2022,20:30:10,0.102,38.588
dash,Gin and Sin recipes,world,0.21,4.13,0.1,10/16/2022,20:30:10,0.051,41.3
dash,Classic Baked Acorn Squash,american,3.6,71.5,11.96,10/16/2022,20:30:10,0.05,5.978
dash,Cranberry Salsa,american,2.22,98.65,0.56,10/16/2022,20:30:10,0.023,176.161
dash,Norwegian Wood,world,0.02,2.86,0.02,10/16/2022,20:30:10,0.007,143.0
dash,Winter Solstice Recipe,world,0.23,4.02,0.09,10/16/2022,20:30:10,0.057,44.667
dash,Easy Spanish Chicken Breast for 1-or more,mediterranean,23.99,1.64,10.84,10/16/2022,20:30:17,14.628,0.151
dash,World Cup Cucumber & Lamb Sosatie,mediterranean,21.19,43.59,195.01,10/16/2022,20:30:17,0.486,0.224
dash,His & Hers,world,0.04,7.03,0.07,10/16/2022,20:30:17,0.006,100.429
dash,Oven Roasted Elote,south american,71.36,136.73,141.19,10/16/2022,20:30:17,0.522,0.968
dash,Rum punch,british,2.0,87.01,0.52,10/16/2022,20:30:17,0.023,167.327
dash,Edamame Crunch,south east asian,8.96,8.41,5.52,10/16/2022,20:30:17,1.065,1.524
dash,Creamy Pesto Tiger Shrimp and Asparagus Lasagna Bundles,italian,135.94,210.92,139.86,10/16/2022,20:30:17,0.645,1.508
dash,Microwave Shepherds Pie,british,115.92,218.04,156.39,10/16/2022,20:30:17,0.532,1.394
dash,Butternut Squash Puree,american,5.5,85.3,46.35,10/16/2022,20:30:17,0.064,1.84
dash,The Darby's Three Cheese Macaroni,american,68.24,66.5,119.84,10/16/2022,20:30:17,1.026,0.555
dash,Beer-Braised Pork Chops with Pears and Apples Recipe,american,172.36,144.92,123.38,10/16/2022,20:30:17,1.189,1.175
dash,The Ultimate Raw Taco,mexican,9.88,40.98,30.65,10/16/2022,20:30:17,0.241,1.337
dash,The New American Omelet,french,30.4,8.98,29.77,10/16/2022,20:30:17,3.385,0.302
dash,Tokyo Geisha,world,0.07,5.4,0.06,10/16/2022,20:30:17,0.013,90.0
dash,Cranberry Chicken Tagine,american,191.07,319.25,74.17,10/16/2022,20:30:17,0.598,4.304
dash,Crustless Quiche with Goat Cheese and Scallions,french,56.1,29.92,104.26,10/16/2022,20:30:17,1.875,0.287
dash,Homemade Cavatelli Recipe,american,159.49,342.31,128.03,10/16/2022,20:30:17,0.466,2.674
dash,Tropical Salad with Sriracha,south east asian,13.21,132.56,47.51,10/16/2022,20:30:17,0.1,2.79
dash,Garlic Mashed Potatoes,american,59.21,356.0,11.8,10/16/2022,20:30:23,0.166,30.169
dash,Sloe Gin,world,0.13,27.64,0.19,10/16/2022,20:30:23,0.005,145.474
dash,Avocado-Tomato Open-Face Sandwich,american,5.47,19.42,8.72,10/16/2022,20:30:23,0.282,2.227
dash,Prescription Julep #2,american,0.54,203.77,0.12,10/16/2022,20:30:23,0.003,1698.083
dash,Tunacado Salad,french,28.47,28.5,62.93,10/16/2022,20:30:23,0.999,0.453
dash,Fresh Summer Succotash,american,59.68,201.56,78.2,10/16/2022,20:30:23,0.296,2.577
dash,Creamy Sweet Potato Soup,chinese,19.67,91.77,4.79,10/16/2022,20:30:23,0.214,19.159
dash,Hot Sazerac,world,0.88,16.45,0.67,10/16/2022,20:30:23,0.053,24.552
dash,Galbi Jjim (Korean Braised Short Ribs),mediterranean,185.9,314.07,385.82,10/16/2022,20:30:23,0.592,0.814
dash,Ratatouille Tatin Tartlets,french,76.73,317.64,152.49,10/16/2022,20:30:23,0.242,2.083
dash,Apple 'Cider' Soup,american,20.42,186.74,10.57,10/16/2022,20:30:23,0.109,17.667
dash,Lemon-Dill Orzo Pilaf,mediterranean,11.79,43.05,17.02,10/16/2022,20:30:23,0.274,2.529
dash,Greenpoint,world,0.03,2.7,0.02,10/16/2022,20:30:23,0.011,135.0
dash,Blue Cheese Dressing,american,31.05,13.44,234.32,10/16/2022,20:30:23,2.31,0.057
dash,Curried Chicken Salad with Fruit,eastern europe,135.82,99.45,50.83,10/16/2022,20:30:23,1.366,1.957
dash,Kona Swizzle,world,1.63,31.42,0.35,10/16/2022,20:30:23,0.052,89.771
dash,Red And Orange Pavlovas,eastern europe,14.47,165.86,60.1,10/16/2022,20:30:23,0.087,2.76
dash,Nicky Finn,world,0.28,3.88,0.1,10/16/2022,20:30:23,0.072,38.8
dash,Celebration Manhattans,world,0.02,2.66,0.01,10/16/2022,20:30:23,0.008,266.0
dash,Shamrock Shake Recipe,world,0.12,11.35,0.04,10/16/2022,20:30:30,0.011,283.75
dash,Planter's Punch Cocktail recipes,world,0.16,2.19,0.07,10/16/2022,20:30:30,0.073,31.286
dash,Cucumber-Coconut,mediterranean,3.91,45.97,1.09,10/16/2022,20:30:30,0.085,42.174
dash,Icecream French Toast,french,46.42,107.64,33.22,10/16/2022,20:30:30,0.431,3.24
dash,New Fashioned,world,0.04,10.28,0.05,10/16/2022,20:30:30,0.004,205.6
dash,Gin Sangria,world,1.38,34.85,0.32,10/16/2022,20:30:30,0.04,108.906
dash,Lemon Stinger Swizzle,mediterranean,0.12,21.88,0.07,10/16/2022,20:30:30,0.005,312.571
dash,Rusty Nail Recipe,world,0.01,4.56,0.04,10/16/2022,20:30:30,0.002,114.0
dash,Classic Martini,world,0.15,1.1,1.86,10/16/2022,20:30:30,0.136,0.591
dash,Sweet and Salty Prosciutto-Wrapped Asparagus,italian,287.78,73.74,85.09,10/16/2022,20:30:30,3.903,0.867
dash,Fallen Angel,world,0.02,12.59,0.09,10/16/2022,20:30:30,0.002,139.889
dash,Broccoli Cheese Strata,american,48.67,44.68,40.35,10/16/2022,20:30:30,1.089,1.107
dash,Clementini,world,1.26,17.79,0.22,10/16/2022,20:30:30,0.071,80.864
dash,Raspberry Pops,american,10.61,53.77,9.12,10/16/2022,20:30:30,0.197,5.896
dash,Sidecar,world,0.12,11.25,0.15,10/16/2022,20:30:30,0.011,75.0
dash,Louis Dressing,american,3.03,21.45,182.6,10/16/2022,20:30:30,0.141,0.117
dash,Bourbon Maple Cider Recipe,world,2.11,54.23,0.03,10/16/2022,20:30:30,0.039,1807.667
dash,Between The Sheets Cocktail Recipe,world,0.15,12.12,0.1,10/16/2022,20:30:30,0.012,121.2
dash,White wine sardines with chickpeas and sliced potatoes,american,65.01,134.91,38.25,10/16/2022,20:30:37,0.482,3.527
dash,Pineapple Cobbler,mediterranean,0.55,14.26,0.19,10/16/2022,20:30:37,0.039,75.053
dash,Maple Bourbon Old-Fashioned,world,0.05,11.45,0.02,10/16/2022,20:30:37,0.004,572.5
dash,Lillet Spritz,world,1.1,9.73,0.26,10/16/2022,20:30:37,0.113,37.423
dash,Gabriella's Farmer Cheese Gnocchi,italian,66.49,63.92,28.47,10/16/2022,20:30:37,1.04,2.245
dash,Liquid Autumn,world,0.61,11.66,0.17,10/16/2022,20:30:37,0.052,68.588
dash,Torino,world,0.06,2.37,0.0,10/16/2022,20:30:37,0.025,
dash,Squash and Sweet Potato Croquettes,french,13.05,70.28,17.24,10/16/2022,20:30:37,0.186,4.077
dash,Stuffed Mushrooms,american,70.69,164.03,70.38,10/16/2022,20:30:37,0.431,2.331
dash,Maple Old-Fashioned,american,0.0,4.46,0.0,10/16/2022,20:30:37,0.0,
dash,Piping Plum Recipe,american,0.05,20.01,0.13,10/16/2022,20:30:37,0.002,153.923
dash,Bobby Axelrod,world,0.03,0.22,0.34,10/16/2022,20:30:37,0.136,0.647
dash,Cauliflower Soup,american,26.69,18.64,34.75,10/16/2022,20:30:37,1.432,0.536
dash,Time for a Drink: Bijou Cocktail Recipe,world,0.05,9.9,0.09,10/16/2022,20:30:37,0.005,110.0
dash,Day At The Beach by LaPlaya Beach & Golf Resort,world,0.53,23.58,0.24,10/16/2022,20:30:37,0.022,98.25
dash,Zelma's Punch,french,2.69,25.53,1.3,10/16/2022,20:30:37,0.105,19.638
dash,Velveeta Tuna Shell Casserole,american,135.24,160.67,75.9,10/16/2022,20:30:37,0.842,2.117
dash,El Guapo Cocktail Recipe With Mezcal recipes,world,0.5,20.54,0.11,10/16/2022,20:30:37,0.024,186.727
dash,Very Rustic Custard Tart with Guava Sauce,american,56.23,184.04,62.54,10/16/2022,20:30:37,0.306,2.943
dash,Russian REBBL,eastern europe,24.78,169.9,6.24,10/16/2022,20:30:43,0.146,27.228
dash,Martini Recipe,world,0.02,0.77,0.0,10/16/2022,20:30:43,0.026,
dash,L.A. Burdick Classic Hot Chocolate,american,10.09,61.27,30.93,10/16/2022,20:30:43,0.165,1.981
dash,Charred Onion Dip,italian,14.76,47.42,96.49,10/16/2022,20:30:43,0.311,0.491
dash,Poison Arrow,world,0.25,13.74,0.09,10/16/2022,20:30:43,0.018,152.667
dash,Cucumber-Tomato Salad,mediterranean,8.87,43.96,33.17,10/16/2022,20:30:43,0.202,1.325
dash,Dimitri Lezinska's Maple Leaf Martini,world,0.1,19.63,0.08,10/16/2022,20:30:43,0.005,245.375
dash,Purple Tai Rice Cooker Sticky Rice,chinese,15.16,168.81,1.59,10/16/2022,20:30:43,0.09,106.17
dash,Simple Trout Duxelles,mediterranean,286.76,22.38,106.3,10/16/2022,20:30:43,12.813,0.211
dash,Barbecue Bloody Mary,american,29.66,296.55,22.83,10/16/2022,20:30:43,0.1,12.989
dash,Liquid Fireworks,world,0.59,6.78,0.17,10/16/2022,20:30:43,0.087,39.882
dash,Dark Mojito,world,0.3,21.41,0.08,10/16/2022,20:30:43,0.014,267.625
dash,Sherry Martini,world,0.33,9.72,0.03,10/16/2022,20:30:43,0.034,324.0
dash,Americano Cocktail,world,0.22,3.51,0.02,10/16/2022,20:30:43,0.063,175.5
dash,Spicy Steak Fries,british,15.94,135.69,28.34,10/16/2022,20:30:43,0.117,4.788
dash,Vegan Roasted Sweet Potato Quesadillas,mexican,77.95,361.1,76.6,10/16/2022,20:30:43,0.216,4.714
dash,Classic Sazerac,american,0.0,0.06,0.0,10/16/2022,20:30:43,0.0,
dash,Gazpacho,mediterranean,125.27,131.24,75.08,10/16/2022,20:30:50,0.955,1.748
dash,Potted Shrimp Recipe,mediterranean,97.31,11.02,370.83,10/16/2022,20:30:50,8.83,0.03
dash,The Claridge Cocktail,world,0.03,1.16,0.0,10/16/2022,20:30:50,0.026,
dash,Butternut Squash Bisque,french,11.78,169.06,24.22,10/16/2022,20:30:50,0.07,6.98
dash,Cotton Candy Cocktail,american,0.06,21.87,0.2,10/16/2022,20:30:50,0.003,109.35
dash,Police Gazette Cocktail,world,0.11,6.14,0.06,10/16/2022,20:30:50,0.018,102.333
dash,Tequila Sunrise Jelly Shots,american,13.87,50.79,0.51,10/16/2022,20:30:50,0.273,99.588
dash,Bacon-Wrapped Scallops With Chili Butter,american,139.74,34.63,186.92,10/16/2022,20:30:50,4.035,0.185
dash,Lemon Dipping Sauce,american,5.43,14.46,45.56,10/16/2022,20:30:50,0.376,0.317
dash,Some Like It Hot Recipe,french,10.43,22.9,2.79,10/16/2022,20:30:50,0.455,8.208
dash,German CREPES,french,91.1,361.99,51.75,10/16/2022,20:30:50,0.252,6.995
dash,Slaw and Order,british,22.63,43.87,9.36,10/16/2022,20:30:50,0.516,4.687
dash,Chile-Salt Michelada,world,1.21,10.95,0.06,10/16/2022,20:30:50,0.111,182.5
dash,Blackthorn Cocktail Recipe,italian,0.08,19.03,0.17,10/16/2022,20:30:50,0.004,111.941
dash,Grilled Chicken,american,148.38,57.14,79.0,10/16/2022,20:30:50,2.597,0.723
dash,Shrimp Po Boy Sandwich Recipe,american,153.25,280.77,1860.2,10/16/2022,20:30:56,0.546,0.151
dash,Pisco Sour,world,1.5,16.84,0.03,10/16/2022,20:30:56,0.089,561.333
dash,Grilled Salmon Steak,nordic,23.22,1.08,19.76,10/16/2022,20:30:56,21.5,0.055
dash,"""Fruit Cocktail"" Crisp",american,10.34,166.68,26.0,10/16/2022,20:30:56,0.062,6.411
dash,The Pumpkin Martini,world,0.12,40.11,0.33,10/16/2022,20:30:56,0.003,121.545
dash,Recipe: The Income Tax Cocktail,world,0.21,3.33,0.06,10/16/2022,20:30:56,0.063,55.5
dash,Lychee Martini,world,0.11,15.44,0.13,10/16/2022,20:30:56,0.007,118.769
dash,Cider Delighter,world,0.96,16.01,1.32,10/16/2022,20:30:56,0.06,12.129
dash,Pineapple Saffron Martini,world,0.34,29.59,0.15,10/16/2022,20:30:56,0.011,197.267
dash,Leap Year Cocktail Recipe,world,0.01,0.43,0.0,10/16/2022,20:30:56,0.023,
dash,Foil Pack Cinnamon Apples,middle eastern,0.99,61.56,6.23,10/16/2022,20:30:56,0.016,9.881
dash,Pumpkin Old Fashioned,world,0.38,22.03,0.11,10/16/2022,20:30:56,0.017,200.273
dash,Tarragon-Mustard Rémoulade,french,0.89,1.87,44.98,10/16/2022,20:30:56,0.476,0.042
dash,Neely's BBQ Pulled Pork Egg Rolls,south east asian,165.77,492.02,480.58,10/16/2022,20:30:56,0.337,1.024
dash,Sweet and Crunchy Garden Salad,american,41.32,246.54,282.63,10/16/2022,20:30:56,0.168,0.872
dash,A Cuban version of a Manhattan Recipe,american,0.01,0.39,0.0,10/16/2022,20:30:56,0.026,
dash,Watermelon and Basil Martini,world,1.07,12.35,0.26,10/16/2022,20:30:56,0.087,47.5
dash,White Knight,american,0.03,3.85,0.02,10/16/2022,20:31:04,0.008,192.5
dash,Grilled Vegetable Pitas,mediterranean,22.8,48.47,19.7,10/16/2022,20:31:04,0.47,2.46
dash,Hearty Chicken and Rice Casserole,american,277.77,185.65,48.77,10/16/2022,20:31:04,1.496,3.807
dash,Vanilla Bean Crème Brûlée,french,52.16,163.36,53.35,10/16/2022,20:31:04,0.319,3.062
dash,Hummus Tartine with Sprouts recipes,mediterranean,8.37,34.76,18.01,10/16/2022,20:31:04,0.241,1.93
dash,Vegan (Or Not) Peach Creamsicle Sherbet,american,55.03,439.96,52.51,10/16/2022,20:31:04,0.125,8.379
dash,Cîroc Champagne Cosmo,world,1.31,23.07,0.21,10/16/2022,20:31:04,0.057,109.857
dash,Adonis Recipe,british,0.13,7.39,0.0,10/16/2022,20:31:04,0.018,
dash,Shrimp Newburg on Toast Points,american,70.99,61.58,22.27,10/16/2022,20:31:04,1.153,2.765
dash,Oven roasted brussel sprouts with rosemary,american,6.02,16.17,14.13,10/16/2022,20:31:04,0.372,1.144
dash,Turkey Burgers,american,89.86,5.98,34.81,10/16/2022,20:31:04,15.027,0.172
dash,Sepia's Death & Taxes Recipe,american,0.33,218.13,0.16,10/16/2022,20:31:04,0.002,1363.312
dash,Healthy & Delicious: Broiled Grapefruit Recipe,american,1.72,23.93,4.19,10/16/2022,20:31:04,0.072,5.711
dash,Oeufs En Cocotte,mediterranean,98.02,3.33,72.21,10/16/2022,20:31:04,29.435,0.046
dash,Simple Buttermilk Biscuits Recipe,american,34.91,205.9,96.26,10/16/2022,20:31:04,0.17,2.139
dash,Grilled Coconut Rum French Toast,french,68.16,232.38,46.14,10/16/2022,20:31:04,0.293,5.036
dash,Blueberry Tart,central europe,14.68,223.12,61.31,10/16/2022,20:31:04,0.066,3.639
dash,Coconut Macaroons,french,9.06,115.8,33.32,10/16/2022,20:31:04,0.078,3.475
dash,Pumpkin Soup recipes,american,58.63,302.3,104.44,10/16/2022,20:31:04,0.194,2.894
dash,Sage-Butter Gnocchi recipes,italian,35.31,145.17,60.43,10/16/2022,20:31:11,0.243,2.402
dash,O' Mai Mai Juice,american,6.78,139.45,2.46,10/16/2022,20:31:11,0.049,56.687
dash,Grilled Bread with Goat Cheese & Green Olives,mediterranean,186.54,751.87,133.44,10/16/2022,20:31:11,0.248,5.635
dash,Tomato Daiquiri,world,0.2,23.49,0.03,10/16/2022,20:31:11,0.009,783.0
dash,Lady Genevieve,french,0.07,20.97,0.09,10/16/2022,20:31:11,0.003,233.0
dash,Grilled Cheese with Roasted Tomato Spread,american,63.54,115.83,103.45,10/16/2022,20:31:11,0.549,1.12
dash,Watercress Salad with Fennel and Citrus,mediterranean,9.0,73.4,21.63,10/16/2022,20:31:11,0.123,3.393
dash,Delmonico's Eggs Benedict,french,151.62,239.33,238.3,10/16/2022,20:31:11,0.634,1.004
dash,Sparkling Apricot Sorbet,french,10.03,289.77,2.69,10/16/2022,20:31:11,0.035,107.721
dash,The Lumière,world,0.16,27.62,0.22,10/16/2022,20:31:11,0.006,125.545
dash,Apple Cinnamon Rum recipes,world,0.2,11.97,0.15,10/16/2022,20:31:11,0.017,79.8
dash,"Bloody Carrot ""Bacon""",american,2.44,53.64,14.15,10/16/2022,20:31:11,0.045,3.791
dash,Green Monster Recipe,world,0.16,10.71,0.12,10/16/2022,20:31:11,0.015,89.25
dash,Chef Phil's Deviled Eggs Recipe,japanese,34.33,5.62,114.35,10/16/2022,20:31:11,6.109,0.049
dash,Champs-Élysées Cocktail,world,0.09,7.86,0.08,10/16/2022,20:31:11,0.011,98.25
dash,A Spanish Potato Tortilla On Hiking Trails,mediterranean,33.91,71.29,28.06,10/16/2022,20:31:11,0.476,2.541
dash,Widow's Kiss,world,0.03,10.16,0.09,10/16/2022,20:31:11,0.003,112.889
dash,Lime Rickey Recipe,mediterranean,0.51,125.75,0.08,10/16/2022,20:31:11,0.004,1571.875
dash,The Presidential Cocktail,world,1.47,30.72,0.98,10/16/2022,20:31:17,0.048,31.347
dash,Horn & Hardart’s Macaroni and Cheese,american,76.33,208.33,86.88,10/16/2022,20:31:17,0.366,2.398
dash,Avocado Dressing,american,4.18,18.97,118.42,10/16/2022,20:31:17,0.22,0.16
dash,Corpse Reviver No. 2,french,0.12,2.73,0.07,10/16/2022,20:31:17,0.044,39.0
dash,Little Black Dress,british,14.88,128.37,58.96,10/16/2022,20:31:17,0.116,2.177
dash,One-Eyed Sailor,american,121.62,68.3,200.02,10/16/2022,20:31:17,1.781,0.341
dash,The Obamatini Cocktail Recipe,world,0.44,28.44,0.13,10/16/2022,20:31:17,0.015,218.769
dash,Time for a Drink: Fallen Leaves Recipe,world,0.02,0.77,0.0,10/16/2022,20:31:17,0.026,
dash,DIY Vinaigrette,french,1.15,29.18,109.03,10/16/2022,20:31:17,0.039,0.268
dash,Deviled Eggs,italian,66.49,6.44,94.97,10/16/2022,20:31:17,10.325,0.068
dash,Easy Roasted Potatoes with Garlic recipes,american,32.71,273.54,74.46,10/16/2022,20:31:17,0.12,3.674
dash,Grilled Pesto Potato Salad,mediterranean,77.6,110.33,539.65,10/16/2022,20:31:17,0.703,0.204
dash,Bourbon Renewal,world,0.11,19.01,0.11,10/16/2022,20:31:17,0.006,172.818
dash,Collard Green and Artichoke Dip,mediterranean,94.87,128.8,271.76,10/16/2022,20:31:17,0.737,0.474
dash,Cinnamon Honey Butter,american,2.11,65.66,184.19,10/16/2022,20:31:17,0.032,0.356
dash,Chicken Anticuchos,american,119.55,29.61,79.74,10/16/2022,20:31:24,4.037,0.371
dash,Rosemary-Grapefruit Fizz,world,4.37,172.29,1.91,10/16/2022,20:31:24,0.025,90.204
dash,Carrot Ribbons with Sesame,mediterranean,1.71,17.71,4.95,10/16/2022,20:31:24,0.097,3.578
dash,Rum Swizzle,british,0.85,51.98,0.16,10/16/2022,20:31:24,0.016,324.875
dash,Steak?And?Egg Salad Sandwiches,american,204.63,110.44,235.8,10/16/2022,20:31:24,1.853,0.468
dash,Gin & Gomme,world,0.27,6.33,0.13,10/16/2022,20:31:24,0.043,48.692
dash,Middle Eastern Hummus,mediterranean,73.13,183.21,155.98,10/16/2022,20:31:24,0.399,1.175
dash,Yogurt Pops,american,9.07,34.05,7.9,10/16/2022,20:31:24,0.266,4.31
dash,Dad's Eggnog,world,54.72,167.63,145.07,10/16/2022,20:31:24,0.326,1.156
dash,Wine Spritzer,world,0.24,3.66,0.04,10/16/2022,20:31:24,0.066,91.5
dash,Baileys Cherry Cafe,world,1.5,27.77,6.77,10/16/2022,20:31:24,0.054,4.102
dash,El Presidente Recipe,american,0.04,7.98,0.06,10/16/2022,20:31:24,0.005,133.0
dash,Crunch Top Apple Pie,french,25.57,407.29,44.01,10/16/2022,20:31:24,0.063,9.254
dash,Gabriella's Farmers Cheese Gnocchi,italian,66.49,63.92,28.47,10/16/2022,20:31:24,1.04,2.245
dash,Nick'S Chipotle Grilled Shrimp With Black Bean Salsa,mexican,16.66,4.35,28.34,10/16/2022,20:31:24,3.83,0.153
dash,Carrot-Thyme Soup With Cream,american,12.37,212.76,46.58,10/16/2022,20:31:24,0.058,4.568
dash,Spring Spice,american,0.63,19.31,0.23,10/16/2022,20:31:24,0.033,83.957
dash,Whipped Butternut Squash and Red Onions,south american,14.49,148.93,64.02,10/16/2022,20:31:24,0.097,2.326
dash,Warm Bulgur & Lentil Salad,middle eastern,24.1,79.63,7.4,10/16/2022,20:31:31,0.303,10.761
dash,French 95 Cocktail Recipe,world,1.98,59.79,0.17,10/16/2022,20:31:31,0.033,351.706
dash,Cajun Grilled Chicken,american,246.33,20.33,41.76,10/16/2022,20:31:31,12.117,0.487
dash,Brown Rice Sushi Balls,japanese,24.34,155.96,40.16,10/16/2022,20:31:31,0.156,3.883
dash,Orrechiette with red Kale and Bacon cubes,american,55.18,133.72,74.68,10/16/2022,20:31:31,0.413,1.791
dash,Chocolate-Pomegranate Toasted Walnuts,american,2.6,99.34,72.74,10/16/2022,20:31:31,0.026,1.366
dash,Maple Manhattan,american,0.03,9.6,0.01,10/16/2022,20:31:31,0.003,960.0
dash,Midnight Ride Cocktail Recipe,world,0.51,13.62,0.17,10/16/2022,20:31:31,0.037,80.118
dash,Vanilla Roasted Walnuts,american,1.24,33.92,18.73,10/16/2022,20:31:31,0.037,1.811
dash,Parchment Candied Beets & Greens with Blood Orange & Balsamic,american,30.83,246.37,44.16,10/16/2022,20:31:31,0.125,5.579
dash,Scofflaw recipes,world,0.24,13.0,0.07,10/16/2022,20:31:31,0.018,185.714
dash,Herb-Infused Pisco Sour,world,2.25,23.82,0.44,10/16/2022,20:31:31,0.094,54.136
dash,Cranberry-Chipotle Turkey,american,150.43,219.51,51.6,10/16/2022,20:31:31,0.685,4.254
dash,Parmesan Flans with Tomatoes and Basil,mediterranean,70.88,48.99,44.47,10/16/2022,20:31:31,1.447,1.102
dash,Fast Blue Cheese Dressing,american,12.83,6.31,115.22,10/16/2022,20:31:31,2.033,0.055
dash,Slow Roast Tomatoes,mediterranean,3.55,24.14,1.22,10/16/2022,20:31:31,0.147,19.787
dash,Tivoli cakes,american,20.25,380.96,60.85,10/16/2022,20:31:31,0.053,6.261
dash,"Sweet Potato, Cranberry and Pecan Salad",american,9.55,140.8,65.44,10/16/2022,20:31:31,0.068,2.152
dash,Orange Chicken,chinese,142.59,58.69,299.67,10/16/2022,20:31:38,2.43,0.196
dash,Time for a Drink: Suffering Bastard Recipe,world,0.12,12.36,0.02,10/16/2022,20:31:38,0.01,618.0
dash,Sloe 75,world,0.39,68.49,0.26,10/16/2022,20:31:38,0.006,263.423
dash,Ginger-Champagne Cocktail,world,0.23,6.24,0.05,10/16/2022,20:31:38,0.037,124.8
dash,Endive with sweet cheese,italian,24.7,75.98,60.12,10/16/2022,20:31:38,0.325,1.264
dash,Nana's Chicken Seafood Gumbo,american,277.57,200.76,152.65,10/16/2022,20:31:38,1.383,1.315
dash,Peach Cooler Recipe,mediterranean,0.37,29.1,0.09,10/16/2022,20:31:38,0.013,323.333
dash,Peanut Butter Banana Cake,american,78.91,255.43,140.81,10/16/2022,20:31:38,0.309,1.814
dash,Seafood Pizza,italian,43.62,36.3,32.35,10/16/2022,20:31:38,1.202,1.122
dash,Deviled Eggs,italian,66.49,6.44,94.97,10/16/2022,20:31:38,10.325,0.068
dash,Mexicali Chicken,american,128.05,3.77,28.7,10/16/2022,20:31:38,33.966,0.131
dash,Meatloaf,american,278.3,196.48,308.54,10/16/2022,20:31:38,1.416,0.637
dash,Scotch Negroni Recipe,american,0.05,9.9,0.09,10/16/2022,20:31:38,0.005,110.0
dash,Pomegranate Clementine Martini,world,0.18,6.59,0.14,10/16/2022,20:31:38,0.027,47.071
dash,Chile Mustard Pork Kabobs,middle eastern,15.83,20.59,77.1,10/16/2022,20:31:38,0.769,0.267
dash,Chicken Fried Rice,chinese,161.83,242.99,106.94,10/16/2022,20:31:38,0.666,2.272
dash,Oysters Rockefeller Soup Recipe,american,95.87,209.19,135.19,10/16/2022,20:31:38,0.458,1.547
dash,Manhattan Jelly Shots,american,12.2,77.48,0.01,10/16/2022,20:31:38,0.157,7748.0
dash,Overnight Eggnog French Toast,french,111.8,686.83,435.71,10/16/2022,20:31:44,0.163,1.576
dash,Chili Fries Recipe,american,116.64,210.6,190.5,10/16/2022,20:31:44,0.554,1.106
dash,Sesame Asparagus recipes,chinese,13.1,24.59,32.71,10/16/2022,20:31:44,0.533,0.752
dash,The Leviathan,world,0.09,1.82,0.02,10/16/2022,20:31:44,0.049,91.0
dash,Lemon-Basil Risotto with Tomato Topping,italian,89.49,310.5,73.18,10/16/2022,20:31:44,0.288,4.243
dash,Oven-Roasted Rack of Pork,american,284.2,357.58,170.08,10/16/2022,20:31:44,0.795,2.102
dash,"Absinthe, Anyone? Try The Necromancer Cocktail recipes",world,0.11,12.0,0.11,10/16/2022,20:31:44,0.009,109.091
dash,Glazed Walnuts,american,0.46,19.59,1.79,10/16/2022,20:31:44,0.023,10.944
dash,The Kilbeggan Dubliner Cocktail,world,0.23,16.04,0.01,10/16/2022,20:31:44,0.014,1604.0
dash,Cheeto-Crusted Jalapeño Poppers With Bacon,mexican,76.49,84.83,274.91,10/16/2022,20:31:44,0.902,0.309
dash,Norwegian Wood Recipe,mediterranean,0.02,2.86,0.02,10/16/2022,20:31:44,0.007,143.0
dash,Wine-Poached Peaches,american,11.54,161.96,59.71,10/16/2022,20:31:44,0.071,2.712
dash,Shrimp Kebabs,middle eastern,95.89,27.69,31.84,10/16/2022,20:31:44,3.463,0.87
dash,Singapore Fling,world,0.19,11.13,0.04,10/16/2022,20:31:44,0.017,278.25
dash,Pumpkin Soup,american,56.71,299.68,69.76,10/16/2022,20:31:44,0.189,4.296
dash,Citrus Grilled Salmon,nordic,27.34,38.86,21.63,10/16/2022,20:31:44,0.704,1.797
dash,Mashed potatoes with reconstituted milk,british,44.0,326.99,49.53,10/16/2022,20:31:44,0.135,6.602
dash,2 GINGERS Hot Toddy,world,0.13,32.69,0.15,10/16/2022,20:31:51,0.004,217.933
dash,Yellow Jacket Recipe,american,0.05,20.11,0.15,10/16/2022,20:31:51,0.002,134.067
dash,Tuna-Quinoa Toss,italian,24.2,33.28,15.96,10/16/2022,20:31:51,0.727,2.085
dash,Off The Wagon,world,1.33,57.28,0.51,10/16/2022,20:31:51,0.023,112.314
dash,Celebrate Fat Tuesday with the Pinnacle® Creole Mary!,american,15.63,64.48,5.44,10/16/2022,20:31:51,0.242,11.853
dash,Chess Pie,american,31.15,430.47,134.83,10/16/2022,20:31:51,0.072,3.193
dash,Broccoli Chicken Tortellini,italian,69.02,95.75,58.41,10/16/2022,20:31:51,0.721,1.639
dash,"Masala Soda (Lime, Whiskey, Blackcurrant, Etc.)",world,0.17,45.13,0.17,10/16/2022,20:31:51,0.004,265.471
dash,Sizzlin' Skillet Baked Chicken,french,246.41,13.9,55.01,10/16/2022,20:31:51,17.727,0.253
dash,Salsa,mexican,3.86,20.82,0.67,10/16/2022,20:31:51,0.185,31.075
dash,Cabbage Orange Salad,american,7.29,47.48,14.41,10/16/2022,20:31:51,0.154,3.295
dash,Spicy Maple and Rum Tottie,world,0.26,12.87,0.12,10/16/2022,20:31:51,0.02,107.25
dash,Orange-Asparagus Salad,french,6.54,27.63,9.58,10/16/2022,20:31:51,0.237,2.884
dash,Baked Chicken,american,108.97,0.86,48.36,10/16/2022,20:31:51,126.709,0.018
dash,Spicy Deviled Eggs,italian,66.49,6.44,94.97,10/16/2022,20:31:51,10.325,0.068
dash,Blackberry Smash,world,0.55,17.19,0.17,10/16/2022,20:31:51,0.032,101.118
dash,Persimmons Grand Marnier,world,0.53,17.02,11.72,10/16/2022,20:31:58,0.031,1.452
dash,Simple cheeseburger and handcut fries,american,44.37,110.53,64.95,10/16/2022,20:31:58,0.401,1.702
dash,Mimosa Granita,world,2.77,140.8,0.74,10/16/2022,20:31:58,0.02,190.27
dash,Cupid's Cider Cocktail,world,0.12,7.71,0.1,10/16/2022,20:31:58,0.016,77.1
dash,Ultimat Sparkler,world,0.32,16.32,0.08,10/16/2022,20:31:58,0.02,204.0
dash,Shrimp Creole,american,206.36,76.37,38.81,10/16/2022,20:31:58,2.702,1.968
dash,Roasted Delicata with Bacon-Shallots and Pomegranate,american,32.85,132.06,45.75,10/16/2022,20:31:58,0.249,2.887
dash,Virgin Mary,american,10.81,56.54,3.63,10/16/2022,20:31:58,0.191,15.576
dash,Mashed Rutabagas recipes,american,10.22,43.35,5.28,10/16/2022,20:31:58,0.236,8.21
dash,New Cuban,world,3.0,17.62,0.07,10/16/2022,20:31:58,0.17,251.714
dash,Herbed Lemon Chicken Breasts,french,246.71,16.47,55.44,10/16/2022,20:31:58,14.979,0.297
dash,"Coconut, caramel & pecan dairy-free ice cream",american,26.43,77.92,209.71,10/16/2022,20:31:58,0.339,0.372
dash,Good Eats Meatloaf,american,240.63,181.67,134.31,10/16/2022,20:31:58,1.325,1.353
dash,Pisco Sour Recipe,world,3.0,18.13,0.06,10/16/2022,20:32:04,0.165,302.167
dash,Remontel Toddy Recipe,world,0.98,25.76,0.29,10/16/2022,20:32:04,0.038,88.828
dash,Emerald Martini,world,0.48,18.37,0.21,10/16/2022,20:32:04,0.026,87.476
dash,Fried Oysters,mediterranean,204.24,339.24,617.63,10/16/2022,20:32:04,0.602,0.549
dash,Grilled Asparagus Rafts,chinese,8.25,13.59,7.87,10/16/2022,20:32:04,0.607,1.727
dash,Summer's Delight,world,1.46,40.52,0.37,10/16/2022,20:32:04,0.036,109.514
dash,Garden Fresh Israeli Couscous,middle eastern,34.49,205.58,30.03,10/16/2022,20:32:04,0.168,6.846
dash,Blue Crab Deviled Eggs,mediterranean,90.81,12.42,229.51,10/16/2022,20:32:04,7.312,0.054
dash,Rosemary Roasted Almonds,french,0.68,1.98,14.59,10/16/2022,20:32:04,0.343,0.136
dash,Red Snapper,world,0.69,4.5,0.22,10/16/2022,20:32:04,0.153,20.455
dash,Vanilla Bean Crème Brûlée,french,52.16,163.36,53.35,10/16/2022,20:32:04,0.319,3.062
dash,The Yellow Jacket Recipe,world,0.23,22.03,0.18,10/16/2022,20:32:04,0.01,122.389
dash,Tippled Red Wine Linguine,french,76.67,195.98,76.25,10/16/2022,20:32:04,0.391,2.57
dash,Hungry Girl’s Spiced Apple Salad,south american,2.86,20.04,4.11,10/16/2022,20:32:04,0.143,4.876
dash,Meatloaf Muffins,american,88.25,29.18,97.16,10/16/2022,20:32:04,3.024,0.3
dash,Knickerbocker Swizzle,world,1.34,33.32,0.22,10/16/2022,20:32:04,0.04,151.455
dash,Cashew-Crusted Tilapia With Wild Rice,mediterranean,13.7,46.89,12.95,10/16/2022,20:32:04,0.292,3.621
dash,Pok Pok's Rhubarb Blush Recipe,south east asian,0.14,3.16,0.02,10/16/2022,20:32:04,0.044,158.0
dash,Poor Man's Soup,american,28.98,93.73,10.66,10/16/2022,20:32:11,0.309,8.793
dash,Garlic Herb Chicken,mediterranean,103.2,8.17,21.79,10/16/2022,20:32:11,12.632,0.375
dash,Blue Cheese Dressing recipes,american,18.7,8.48,23.38,10/16/2022,20:32:11,2.205,0.363
dash,Faux Fried Chicken,american,38.07,117.44,13.4,10/16/2022,20:32:11,0.324,8.764
dash,Butternut Souffle,italian,6.17,20.92,4.17,10/16/2022,20:32:11,0.295,5.017
dash,Spinach & Cheese Strata,american,180.08,220.14,166.89,10/16/2022,20:32:11,0.818,1.319
dash,Chicken chow mein,italian,98.55,134.91,37.38,10/16/2022,20:32:11,0.73,3.609
dash,The Lion's Tail Recipe,world,0.92,16.29,1.24,10/16/2022,20:32:11,0.056,13.137
dash,Sesame Chicken,chinese,138.91,86.9,83.5,10/16/2022,20:32:11,1.599,1.041
dash,Grandmother's Banana Pudding,british,38.24,293.61,29.81,10/16/2022,20:32:11,0.13,9.849
dash,Come Fly With Us,world,0.34,17.03,0.09,10/16/2022,20:32:11,0.02,189.222
dash,Portmanteau Cocktail Recipe,world,0.34,11.73,0.12,10/16/2022,20:32:11,0.029,97.75
dash,The Chanel 75 Cocktail,world,0.09,14.0,0.04,10/16/2022,20:32:11,0.006,350.0
dash,Grandma's Rice Pudding,british,91.7,481.48,182.6,10/16/2022,20:32:11,0.19,2.637
dash,Pink Passion,world,0.07,14.77,0.09,10/16/2022,20:32:11,0.005,164.111
dash,Cheesy Onion Artichoke Dip,mediterranean,95.87,106.94,184.28,10/16/2022,20:32:18,0.896,0.58
dash,Wildly Interesting Wild Mushroom & Arugula Tart,american,80.66,199.24,697.65,10/16/2022,20:32:18,0.405,0.286
dash,3-Ingredient Walnut Flourless Cake,american,72.47,293.63,202.57,10/16/2022,20:32:18,0.247,1.45
dash,Gazpacho,mediterranean,4.24,15.49,0.59,10/16/2022,20:32:18,0.274,26.254
dash,Easy Roasted Potatoes With Garlic Recipe,american,33.27,276.96,74.64,10/16/2022,20:32:18,0.12,3.711
dash,Far-Out Curry Dip,indian,0.7,4.17,178.24,10/16/2022,20:32:18,0.168,0.023
dash,Sparkling Julep,world,0.12,18.16,0.01,10/16/2022,20:32:18,0.007,1816.0
dash,Rusty Gate,world,0.04,3.03,0.03,10/16/2022,20:32:18,0.013,101.0
dash,Chicken with Black Bean Salsa,mexican,47.6,34.91,18.33,10/16/2022,20:32:18,1.364,1.905
dash,Zombie Cocktail Recipe,american,0.79,9.05,0.22,10/16/2022,20:32:18,0.087,41.136
dash,Warm Turnip Spread,french,12.56,30.23,20.62,10/16/2022,20:32:18,0.415,1.466
dash,Peanut Butter Macaroons,french,24.82,163.56,66.47,10/16/2022,20:32:18,0.152,2.461
dash,Whiskey Cream Sauce,world,5.7,12.43,79.33,10/16/2022,20:32:18,0.459,0.157
dash,Porcini Mushroom Risotto,italian,37.1,179.31,79.93,10/16/2022,20:32:18,0.207,2.243
dash,BBQ Pot Stickers,american,136.57,670.24,279.41,10/16/2022,20:32:18,0.204,2.399
dash,Chocolate Coconut Nests with Jelly Bean Eggs Recipe,french,10.45,97.09,51.51,10/16/2022,20:32:18,0.108,1.885
dash,Chicken Sausage And Potato Skillet,american,20.94,65.36,19.01,10/16/2022,20:32:18,0.32,3.438
dash,Maryland Style Mac 'n' Cheese recipes,american,362.96,580.46,428.77,10/16/2022,20:32:24,0.625,1.354
dash,No Fail Black Beans And Rice Garnished With Crispy Baked Plantain Chips,south american,49.39,374.13,20.78,10/16/2022,20:32:24,0.132,18.004
dash,Raw Vegan Coconut Macaroons,american,31.57,95.83,112.34,10/16/2022,20:32:24,0.329,0.853
dash,Lithuanian Summer Borscht,south east asian,42.28,128.69,25.92,10/16/2022,20:32:24,0.329,4.965
dash,Don't Mind If I Do Recipe,world,0.1,18.79,0.06,10/16/2022,20:32:24,0.005,313.167
dash,Fennel-Mint Green Mix recipes,mediterranean,0.72,2.17,0.6,10/16/2022,20:32:24,0.332,3.617
dash,Homemade Mayonnaise,american,8.65,7.07,341.31,10/16/2022,20:32:24,1.223,0.021
dash,Korean Hwayo Negroni,world,0.02,0.86,0.0,10/16/2022,20:32:24,0.023,
dash,Mint Cream Dream,french,78.0,157.1,73.96,10/16/2022,20:32:24,0.496,2.124
dash,Apple Pie Grilled Cheese Sandwich recipes,american,20.42,63.28,44.17,10/16/2022,20:32:24,0.323,1.433
dash,Espresso Crème Brûlée,french,55.77,186.45,49.84,10/16/2022,20:32:24,0.299,3.741
dash,Spiced Oven Fries,american,11.23,93.43,14.7,10/16/2022,20:32:24,0.12,6.356
dash,Commodity Pasta,italian,93.43,344.51,88.59,10/16/2022,20:32:24,0.271,3.889
dash,Creamy Tomato Lasagna,italian,268.39,213.68,246.97,10/16/2022,20:32:24,1.256,0.865
dash,The Pessimist's Requiem,world,0.21,33.93,0.15,10/16/2022,20:32:24,0.006,226.2
dash,Baby Takes a Nap Recipe,world,0.0,10.48,0.0,10/16/2022,20:32:24,0.0,
dash,Cold Pudding with Bulgur Grain,british,49.03,116.12,148.69,10/16/2022,20:32:24,0.422,0.781
dash,Celery & Blue Cheese Dip with Tomato Juice,american,10.32,10.65,9.37,10/16/2022,20:32:31,0.969,1.137
dash,Spiked Vanilla Chai Froth,world,1.49,20.07,2.87,10/16/2022,20:32:31,0.074,6.993
dash,Roasted Asparagus with Balsamic Browned Butter,american,11.22,20.01,23.66,10/16/2022,20:32:31,0.561,0.846
dash,Thai spinach bites,south east asian,8.83,36.33,9.66,10/16/2022,20:32:31,0.243,3.761
dash,Raw Kale Shiitake Salad recipes,mediterranean,10.38,22.63,38.08,10/16/2022,20:32:31,0.459,0.594
dash,Fruit Crisp,american,25.33,316.89,99.11,10/16/2022,20:32:31,0.08,3.197
dash,Foolproof Chocolate Fudge,american,70.61,568.83,240.49,10/16/2022,20:32:31,0.124,2.365
dash,Cheese Straws,american,73.91,383.47,217.48,10/16/2022,20:32:31,0.193,1.763
dash,Lime Scallops,mediterranean,110.91,53.3,45.31,10/16/2022,20:32:31,2.081,1.176
dash,Cheddar Ginger Wafers Recipe,american,64.84,109.96,123.89,10/16/2022,20:32:31,0.59,0.888
dash,Lemon & Walnut Crusted Cod,american,47.49,17.28,44.54,10/16/2022,20:32:31,2.748,0.388
dash,Cranberry-Whiskey Sour Slush,world,1.93,258.75,0.7,10/16/2022,20:32:31,0.007,369.643
dash,Carpaccio of Cherries with Creme Fraiche,french,1.72,22.07,11.15,10/16/2022,20:32:31,0.078,1.979
dash,Chicken with Apricot Dijon Mustard,french,104.02,118.15,12.87,10/16/2022,20:32:31,0.88,9.18
dash,10-Minute Egg Drop Soup,chinese,43.17,69.38,42.96,10/16/2022,20:32:31,0.622,1.615
dash,Cheese Balls Three Ways,american,16.27,13.57,179.47,10/16/2022,20:32:31,1.199,0.076
dash,Ooey-Gooey Jam Jar Bars,american,28.27,508.59,164.98,10/16/2022,20:32:31,0.056,3.083
dash,Apple Pie,american,20.96,564.57,142.26,10/16/2022,20:32:31,0.037,3.969
dash,Scottish Breakfast,world,0.6,11.14,10.5,10/16/2022,20:32:37,0.054,1.061
dash,Hibiscus Mojito recipes,caribbean,0.24,82.21,0.07,10/16/2022,20:32:37,0.003,1174.429
dash,Hand-Formed Parmesan Tater Tots,italian,36.61,85.51,30.3,10/16/2022,20:32:37,0.428,2.822
dash,Fines-Herbes Omelet: Conventional and Classic,french,19.4,4.6,20.42,10/16/2022,20:32:37,4.217,0.225
dash,Patriots Punch,world,0.13,16.28,0.1,10/16/2022,20:32:37,0.008,162.8
dash,Ultimate Country Style Soup,american,78.05,104.08,175.56,10/16/2022,20:32:37,0.75,0.593
dash,Heavenly Bread,american,69.85,179.1,466.66,10/16/2022,20:32:37,0.39,0.384
dash,Prairie Fizz,world,0.59,15.67,0.17,10/16/2022,20:32:37,0.038,92.176
dash,Couscous with Orange,italian,9.97,54.46,0.5,10/16/2022,20:32:37,0.183,108.92
dash,Champagne and Summer Fruit Wedding Jelly recipes,french,24.82,70.45,0.26,10/16/2022,20:32:37,0.352,270.962
dash,Tennessee Hollow,world,0.04,1.12,0.0,10/16/2022,20:32:37,0.036,
dash,Kerouac Cocktail,american,0.18,8.32,0.1,10/16/2022,20:32:37,0.022,83.2
dash,Roasted Cedar-Plank Salmon with Mustard-Maple Glaze,nordic,149.32,77.47,41.86,10/16/2022,20:32:37,1.927,1.851
dash,Honeyed Cherry Daiquiri,world,0.85,31.88,0.17,10/16/2022,20:32:37,0.027,187.529
dash,Summer-Squash Bowl,caribbean,47.7,18.17,24.89,10/16/2022,20:32:37,2.625,0.73
dash,Grilled Fuji-n-Chick 'Wich,american,38.03,41.48,24.15,10/16/2022,20:32:37,0.917,1.718
dash,Fresh Peach Salsa,mexican,5.4,59.11,1.47,10/16/2022,20:32:37,0.091,40.211
dash,Beet and Hearts of Palm Salad Recipe,mediterranean,20.58,34.45,14.46,10/16/2022,20:32:44,0.597,2.382
dash,Lemon-Blueberry with Mascarpone Oatmeal,american,7.57,40.93,9.9,10/16/2022,20:32:44,0.185,4.134
dash,Green Beans with Caramelized Onions,italian,9.98,70.43,23.38,10/16/2022,20:32:44,0.142,3.012
dash,Original Ranchandreg; Pork Chops,american,106.57,19.57,35.82,10/16/2022,20:32:44,5.446,0.546
dash,The White Gold of Norway?!,french,47.49,17.28,44.54,10/16/2022,20:32:44,2.748,0.388
dash,Bite-size Cherry Pie Bites,french,35.04,310.51,186.53,10/16/2022,20:32:44,0.113,1.665
dash,Apple Cinnamon Turnovers,middle eastern,13.99,155.78,36.19,10/16/2022,20:32:44,0.09,4.305
dash,Spicy Chicken Salad,south american,52.15,3.69,6.73,10/16/2022,20:32:44,14.133,0.548
dash,"Strawberry, Arugula, And Goat Cheese Pizza",italian,51.79,191.02,56.56,10/16/2022,20:32:44,0.271,3.377
dash,Hasselback Eggplant Parmesan,american,139.61,159.23,148.51,10/16/2022,20:32:44,0.877,1.072
dash,Neely Clam Chowder,american,203.96,186.92,73.13,10/16/2022,20:32:44,1.091,2.556
dash,Intro to Aperol Recipe,french,0.11,8.19,0.05,10/16/2022,20:32:44,0.013,163.8
dash,Cauliflower Canapés,mediterranean,39.8,171.75,77.97,10/16/2022,20:32:44,0.232,2.203
dash,"grilled rock cod with miso, leek, and nectarine compote",japanese,67.22,66.34,33.57,10/16/2022,20:32:44,1.013,1.976
dash,Pépa (Cognac And Vodka Cocktail),world,0.12,2.12,0.02,10/16/2022,20:32:51,0.057,106.0
dash,Original Martini,american,0.1,6.69,0.01,10/16/2022,20:32:51,0.015,669.0
dash,Asian (Soy and Citrus) Glazed Chicken Thighs,indian,152.58,28.84,145.1,10/16/2022,20:32:51,5.291,0.199
dash,Southern Green Beans,american,207.94,82.62,58.92,10/16/2022,20:32:51,2.517,1.402
dash,The Cherry Bomb,world,1.03,19.76,0.23,10/16/2022,20:32:51,0.052,85.913
dash,Super Breakfast Burritos,mexican,76.58,143.62,61.97,10/16/2022,20:32:51,0.533,2.318
dash,Paloma Point (Mezcal Negroni With Grapefruit) Recipe,world,0.21,2.96,0.03,10/16/2022,20:32:51,0.071,98.667
dash,Smoky Iced Tea and Whiskey Cooler Recipe,british,0.13,11.37,0.15,10/16/2022,20:32:51,0.011,75.8
dash,Prosciutto-Melon Toast,italian,9.18,18.61,7.48,10/16/2022,20:32:51,0.493,2.488
dash,Breaded Chicken Fingers,american,102.95,36.31,43.9,10/16/2022,20:32:51,2.835,0.827
dash,"Dark Chocolate, Chia, and Cherry Pecan Bar",american,10.48,94.15,67.01,10/16/2022,20:32:51,0.111,1.405
dash,Cucumber-Radish Salad,south american,9.69,28.35,2.38,10/16/2022,20:32:51,0.342,11.912
dash,Grilled Corn Casserole,american,16.45,80.78,103.62,10/16/2022,20:32:51,0.204,0.78
dash,Country Chicken Pâté,french,151.74,33.72,65.53,10/16/2022,20:32:51,4.5,0.515
dash,The Scarlet Snake Cocktail,world,1.6,12.84,0.12,10/16/2022,20:32:51,0.125,107.0
dash,Ghanaian Inspired Black Eye Pea's,american,31.83,58.2,16.77,10/16/2022,20:32:51,0.547,3.47
dash,Ultra-Creamy Mashed Potatoes,american,69.03,370.79,77.97,10/16/2022,20:32:51,0.186,4.756
dash,Time for a Drink: Hai Karate Recipe,world,0.42,13.38,0.11,10/16/2022,20:32:58,0.031,121.636
dash,Simple Cucumber Salad,american,2.63,17.19,6.21,10/16/2022,20:32:58,0.153,2.768
dash,Fresh Mint Ice Cream,french,29.59,187.4,46.72,10/16/2022,20:32:58,0.158,4.011
dash,Rise and Shine,american,21.19,27.6,20.95,10/16/2022,20:32:58,0.768,1.317
dash,"Assorted Greens with Feta, Cinnamon Dusted Pecans and Raspberry Vinaigrette",american,24.97,173.85,306.44,10/16/2022,20:32:58,0.144,0.567
dash,Microwave Brownie in a Mug (single serving) Recipe recipes,french,3.74,55.72,29.63,10/16/2022,20:32:58,0.067,1.881
dash,Bloody Mary,world,0.92,5.55,0.3,10/16/2022,20:32:58,0.166,18.5
dash,Three Onion Mac and Cheese,american,113.95,285.32,126.13,10/16/2022,20:32:58,0.399,2.262
dash,Gin-To-The-Fire,american,0.19,9.84,0.08,10/16/2022,20:32:58,0.019,123.0
dash,Spicy Butterscotch Pudding,british,15.18,110.08,47.34,10/16/2022,20:32:58,0.138,2.325
dash,Savory Chinese Soybean Milk Soup,chinese,57.41,157.76,96.96,10/16/2022,20:32:58,0.364,1.627
dash,Tomatillo-Avocado Salsa Fresca Recipe,south american,6.28,35.79,24.24,10/16/2022,20:32:58,0.175,1.476
dash,Strega's Walnut Manhattan,world,0.2,9.32,0.08,10/16/2022,20:32:58,0.021,116.5
dash,Oregon Thanksgiving Special Recipe,world,0.77,0.8,0.02,10/16/2022,20:32:58,0.962,40.0
dash,Spicy Haddock Fish Cakes,mediterranean,102.58,164.23,3.68,10/16/2022,20:32:58,0.625,44.628
dash,Scotch Bonnet Marmalade Cocktail,world,0.34,22.14,0.13,10/16/2022,20:32:58,0.015,170.308
dash,Old Fashioned (Bourbon and Orange) Ice Cream Recipe,american,30.29,178.43,205.5,10/16/2022,20:32:58,0.17,0.868
dash,Barbecue Wings,american,400.36,49.21,656.96,10/16/2022,20:32:58,8.136,0.075
dash,Zucchini Custards with Tomatoes and Basil,italian,71.88,86.68,47.81,10/16/2022,20:33:04,0.829,1.813
dash,Bananas Foster,american,17.42,295.9,181.86,10/16/2022,20:33:04,0.059,1.627
dash,Skinnygirl Sweet Potato Pie Cocktail,world,1.1,20.76,4.2,10/16/2022,20:33:04,0.053,4.943
dash,Cranberry Citrus Dressing,american,7.64,747.92,3.26,10/16/2022,20:33:04,0.01,229.423
dash,Apple-Pecan Mini Pies recipes,american,48.31,380.02,104.58,10/16/2022,20:33:04,0.127,3.634
dash,Ring-My-Bella Mushroom Sandwich,american,15.21,40.5,28.64,10/16/2022,20:33:04,0.376,1.414
dash,City Lights,world,1.86,13.12,0.2,10/16/2022,20:33:04,0.142,65.6
dash,Blackwood's Gin Spring,world,0.58,14.85,0.17,10/16/2022,20:33:04,0.039,87.353
dash,Rice Pudding,british,60.7,608.7,195.5,10/16/2022,20:33:04,0.1,3.114
dash,Individual Sausage Casseroles recipes,british,134.95,21.16,121.68,10/16/2022,20:33:04,6.378,0.174
dash,Sammy’s Maui Mama,world,0.49,20.96,0.15,10/16/2022,20:33:04,0.023,139.733
dash,Toasted Paprika Chickpeas,mediterranean,30.39,99.03,28.82,10/16/2022,20:33:04,0.307,3.436
dash,The Prince Of Wales' Cocktail,world,0.31,9.79,0.06,10/16/2022,20:33:04,0.032,163.167
dash,Bloody Mary-Flavored Gazpacho Recipe,american,10.49,52.84,110.43,10/16/2022,20:33:04,0.199,0.478
dash,Meat Lite: Lentil Sausage Ragout,middle eastern,81.5,181.04,71.26,10/16/2022,20:33:04,0.45,2.541
dash,Bacon Cheddar Frittata,italian,37.88,9.08,56.85,10/16/2022,20:33:04,4.172,0.16
dash,Bourbon-Caramel Truffles,american,11.06,141.96,46.94,10/16/2022,20:33:11,0.078,3.024
dash,Marissa Hermer’s Apple Pie,british,34.18,397.77,194.93,10/16/2022,20:33:11,0.086,2.041
dash,Swiss Chard with Garlic and Oregano,eastern europe,5.33,11.86,5.1,10/16/2022,20:33:11,0.449,2.325
dash,School of Tapas: Garlic Soup Shots,mediterranean,101.61,36.44,228.64,10/16/2022,20:33:11,2.788,0.159
dash,Bourbon Renewal Recipe,world,0.33,19.7,0.13,10/16/2022,20:33:11,0.017,151.538
dash,French Toast ‘n’ Cheese Sandwich,french,15.51,60.45,29.26,10/16/2022,20:33:11,0.257,2.066
dash,Aunt Trish’s Salad Dressing,american,14.9,14.82,172.03,10/16/2022,20:33:11,1.005,0.086
dash,Tiramisu Truffles,italian,29.48,191.81,161.76,10/16/2022,20:33:11,0.154,1.186
dash,Caramel Pears,american,2.06,97.72,0.56,10/16/2022,20:33:11,0.021,174.5
dash,Turmeric Carrot Spread,mediterranean,7.34,31.2,44.58,10/16/2022,20:33:11,0.235,0.7
dash,Ruby Can't Fail,world,0.31,13.35,0.07,10/16/2022,20:33:11,0.023,190.714
dash,Chocolate Peanut Butter Sea Salt Power Bites,american,200.51,393.97,138.58,10/16/2022,20:33:11,0.509,2.843
dash,Chili Cheese Egg Bake recipes,american,226.5,94.25,314.04,10/16/2022,20:33:11,2.403,0.3
dash,Dinner Tonight: Chipped Beef Gravy,american,27.23,46.93,24.22,10/16/2022,20:33:11,0.58,1.938
dash,Crunchy Snow Peas with Toasted Almonds,american,17.31,44.63,37.23,10/16/2022,20:33:11,0.388,1.199
dash,Pommes De Terre En Robe Des Champs,mediterranean,40.14,259.98,40.45,10/16/2022,20:33:18,0.154,6.427
dash,Cheddar Potato Casserole,italian,20.46,122.46,48.55,10/16/2022,20:33:18,0.167,2.522
dash,Sweet-and-Sour Almond Chicken,chinese,22.41,30.71,7.18,10/16/2022,20:33:18,0.73,4.277
dash,Sunchoke Chips with Warm Blue-Cheese Dip,american,52.84,171.55,50.66,10/16/2022,20:33:18,0.308,3.386
dash,Blue Cheese-Topped Pork Chops,mediterranean,129.81,4.35,102.9,10/16/2022,20:33:18,29.841,0.042
dash,A Creamy Sauced Pasta With Artichokes And Bacon,mediterranean,136.18,322.0,152.19,10/16/2022,20:33:18,0.423,2.116
dash,Sensational Turkey Noodle Soup,american,65.4,50.29,16.52,10/16/2022,20:33:18,1.3,3.044
dash,Velvety Bittersweet Chocolate Pudding,british,26.76,207.68,74.93,10/16/2022,20:33:18,0.129,2.772
dash,Guacamole,mexican,18.66,86.54,118.41,10/16/2022,20:33:18,0.216,0.731
dash,Turkey Caesar Sandwich recipes,american,30.13,29.58,19.5,10/16/2022,20:33:18,1.019,1.517
dash,Pots De Creme A L’orange,french,36.91,221.5,123.57,10/16/2022,20:33:18,0.167,1.793
dash,Grilled Asparagus Rafts,british,12.59,21.26,8.11,10/16/2022,20:33:18,0.592,2.621
dash,Chicken Sicilian,italian,178.89,83.44,230.66,10/16/2022,20:33:18,2.144,0.362
dash,Fennel Coleslaw,mediterranean,8.9,64.51,1.39,10/16/2022,20:33:18,0.138,46.41
dash,Holiday Brunch Bake,american,151.32,153.24,256.1,10/16/2022,20:33:18,0.987,0.598
dash,Fire Roasted Tomato Soup,american,8.14,40.92,29.6,10/16/2022,20:33:18,0.199,1.382
dash,Pickled Cucumber and Onion Appetizer,american,12.86,94.98,10.46,10/16/2022,20:33:18,0.135,9.08
dash,The Rosita,american,0.02,0.77,0.0,10/16/2022,20:33:18,0.026,
dash,Apple Phyllo Cornucopias recipes,mediterranean,33.67,458.82,59.43,10/16/2022,20:33:24,0.073,7.72
dash,"Lime, Soy, and Maple Drizzle",american,2.37,32.94,7.83,10/16/2022,20:33:24,0.072,4.207
dash,Coconut Meringues,french,13.19,110.55,14.37,10/16/2022,20:33:24,0.119,7.693
dash,"Vidalia Onion Burger with Honeydew Melon, Caramelized Onions and Goat Cheese",american,108.71,170.01,117.39,10/16/2022,20:33:24,0.639,1.448
dash,Pumpkin Maple Milkshake,american,1.87,21.6,4.41,10/16/2022,20:33:24,0.087,4.898
dash,Jicama Salad With Cucumber And Lime,mexican,6.54,70.37,0.97,10/16/2022,20:33:24,0.093,72.546
dash,Peanut Butter Soufflé recipes,american,58.43,145.31,157.47,10/16/2022,20:33:24,0.402,0.923
dash,Sour Cream Cheesecake,american,48.13,274.31,275.52,10/16/2022,20:33:24,0.175,0.996
dash,Cherry-Grapefruit Basil Sorbet,american,6.69,193.45,1.25,10/16/2022,20:33:24,0.035,154.76
dash,Aunt Trish’s Salad Dressing recipes,american,14.9,14.82,172.03,10/16/2022,20:33:24,1.005,0.086
dash,Muckraker Punch Recipe,world,0.17,11.19,0.11,10/16/2022,20:33:24,0.015,101.727
dash,Overnight Quinoa Pudding,british,32.93,142.61,20.24,10/16/2022,20:33:24,0.231,7.046
dash,Fresh Mozzarella on Bruschetta with Garlic Pesto,italian,83.6,179.14,262.64,10/16/2022,20:33:24,0.467,0.682
dash,Lemon Verbena-Buttermilk Sherbet,british,20.83,234.28,5.53,10/16/2022,20:33:24,0.089,42.365
dash,Kim in the Swim,american,0.19,23.46,0.04,10/16/2022,20:33:24,0.008,586.5
dash,Turkey Caesar Sandwich,american,30.09,29.48,19.49,10/16/2022,20:33:24,1.021,1.513
dash,Chocolate Chip Meringues with Strawberries,american,4.63,46.28,3.72,10/16/2022,20:33:31,0.1,12.441
dash,"100-Year-Old Cigar (Rum, Scotch, and Cynar Cocktail) Recipe",world,0.03,9.13,0.09,10/16/2022,20:33:31,0.003,101.444
dash,Hot Crab Dip Recipe,american,44.74,13.73,112.39,10/16/2022,20:33:31,3.259,0.122
dash,Kicked Up Out of the Can French Onion Soup,french,66.72,185.0,40.84,10/16/2022,20:33:31,0.361,4.53
dash,Quick and Simple No-Tahini Hummus,mediterranean,62.57,209.24,240.07,10/16/2022,20:33:31,0.299,0.872
dash,Spinach Oshitashi Style recipes,american,21.28,26.44,5.36,10/16/2022,20:33:31,0.805,4.933
dash,Kimchi Avocado Quesadilla recipes,mexican,60.22,68.31,112.34,10/16/2022,20:33:31,0.882,0.608
dash,Mama Jean's Chicken Noodle Soup,asian,195.69,234.27,75.4,10/16/2022,20:33:31,0.835,3.107
dash,Golden Yellow Mustard,american,9.35,27.11,39.38,10/16/2022,20:33:31,0.345,0.688
dash,Fall Classic,american,2.59,115.57,0.83,10/16/2022,20:33:31,0.022,139.241
dash,Cranberry-Chocolate Fudge,american,27.92,370.54,145.28,10/16/2022,20:33:31,0.075,2.551
dash,Roasted Fish Sauce Brussels Sprouts,italian,38.73,144.8,29.92,10/16/2022,20:33:31,0.267,4.84
dash,Cheese & Chutney Tostados,indian,59.66,66.27,43.85,10/16/2022,20:33:31,0.9,1.511
dash,Butternut Squash 'Chawanmushi',south east asian,31.57,47.15,18.66,10/16/2022,20:33:38,0.67,2.527
dash,Goguma Twigim (Pan-Fried Sweet Potatoes),american,19.05,173.92,28.42,10/16/2022,20:33:38,0.11,6.12
dash,Chocolate-Hazelnut Meringue Kisses,british,21.28,207.12,32.13,10/16/2022,20:33:38,0.103,6.446
dash,Grilled Sweet and Tangy Pork Chops,american,168.38,37.09,73.51,10/16/2022,20:33:38,4.54,0.505
dash,Grilled Steak and Onion Salad,mediterranean,105.7,47.67,75.37,10/16/2022,20:33:38,2.217,0.632
dash,Stir-Fried Shrimp With Snow Peas And Ginger,chinese,98.51,20.68,31.74,10/16/2022,20:33:38,4.764,0.652
dash,Martha's Sandwich with Bitter Greens recipes,american,51.45,99.25,42.49,10/16/2022,20:33:38,0.518,2.336
dash,The Sea Grill's Grilled Day Boat Sea Scallops,mediterranean,29.83,57.47,231.72,10/16/2022,20:33:38,0.519,0.248
dash,Mashed Potatoes and Parsnips,american,28.46,227.57,44.81,10/16/2022,20:33:38,0.125,5.079
dash,Sweet & Smoky Brisket,french,341.99,126.64,446.5,10/16/2022,20:33:38,2.7,0.284
dash,Smooth guacamole,mexican,8.77,59.99,23.14,10/16/2022,20:33:38,0.146,2.592
dash,Creamy Broccoli Soup recipes,american,22.52,56.59,18.39,10/16/2022,20:33:38,0.398,3.077
dash,West Indies Salad,french,83.88,39.07,112.79,10/16/2022,20:33:38,2.147,0.346
dash,Parmesan Shrimp Quesadillas,mexican,96.53,80.5,75.63,10/16/2022,20:33:38,1.199,1.064
dash,Le Bleu Glacier,world,0.19,5.71,0.05,10/16/2022,20:33:38,0.033,114.2
dash,Roasted Root Vegetable Soup with Grilled Cheese Croutons,american,80.42,267.79,85.29,10/16/2022,20:33:38,0.3,3.14
dash,Glazed Aebleskivers,american,32.85,242.76,64.39,10/16/2022,20:33:44,0.135,3.77
dash,Chocolate-Caramel Angel Food Cake,american,34.76,484.98,95.62,10/16/2022,20:33:44,0.072,5.072
dash,Garlic Cheese Spread,american,266.51,510.79,542.37,10/16/2022,20:33:44,0.522,0.942
dash,Singapore Sling,south east asian,1.52,99.02,0.39,10/16/2022,20:33:44,0.015,253.897
dash,Slushies For Grownups,world,2.01,85.23,0.78,10/16/2022,20:33:44,0.024,109.269
dash,Kitchen Sink Vegetable Lasagna with Spiced Tofu Cream Sauce,italian,144.81,168.57,118.63,10/16/2022,20:33:44,0.859,1.421
dash,Gazpacho of Cucumber and Fennel with Tomato Sorbet Recipe,mediterranean,16.22,161.66,56.54,10/16/2022,20:33:44,0.1,2.859
dash,Chinese Lions Head Meatballs,chinese,233.08,260.15,243.08,10/16/2022,20:33:44,0.896,1.07
dash,Maui's Hot Dog Soprano,american,25.56,19.2,67.0,10/16/2022,20:33:44,1.331,0.287
dash,Extra-Crispy Lasagna,italian,221.61,261.56,202.3,10/16/2022,20:33:44,0.847,1.293
dash,Test Pilot,world,0.09,20.31,0.07,10/16/2022,20:33:44,0.004,290.143
dash,Pineapple Sage Mojito,world,0.87,20.62,0.71,10/16/2022,20:33:44,0.042,29.042
dash,Danish Hakkebøf with Soft Onions - Hakkebøf med Bløde Løg,nordic,25.53,50.33,40.86,10/16/2022,20:33:44,0.507,1.232
dash,Indian-Spiced Cashews,american,26.32,78.92,70.76,10/16/2022,20:33:44,0.334,1.115
dash,Zagorski Å¡Trukli,american,156.71,210.95,292.55,10/16/2022,20:33:44,0.743,0.721
dash,Ultra Creamy Mashed Potatoes,american,45.32,217.52,71.01,10/16/2022,20:33:44,0.208,3.063
dash,Anaheim Shrimp Scampi,chinese,125.48,102.63,151.58,10/16/2022,20:33:51,1.223,0.677
dash,Chocolate Coeurs a la Creme,french,31.19,180.37,229.52,10/16/2022,20:33:51,0.173,0.786
dash,Pisco Sour,south american,0.3,206.45,0.04,10/16/2022,20:33:51,0.001,5161.25
dash,The Singapore Sling,south east asian,0.28,20.08,0.14,10/16/2022,20:33:51,0.014,143.429
dash,Shallot Parsley Dip,american,22.8,20.99,19.91,10/16/2022,20:33:51,1.086,1.054
dash,Roti with Curried Filling,indian,50.34,204.19,22.93,10/16/2022,20:33:51,0.247,8.905
dash,Roasted Raw Bananas,american,8.11,80.46,75.44,10/16/2022,20:33:51,0.101,1.067
dash,Grilled Breadsticks,american,4.36,14.07,12.97,10/16/2022,20:33:51,0.31,1.085
dash,Test Pilot Recipe,world,0.06,10.68,0.01,10/16/2022,20:33:51,0.006,1068.0
dash,Kastel's Pumpkin Punch Cocktail Recipe,american,0.48,19.07,0.18,10/16/2022,20:33:51,0.025,105.944
dash,Shrimp Scampi,italian,162.42,401.28,113.57,10/16/2022,20:33:51,0.405,3.533
dash,Strawberry-Pecan Quick Bread,american,35.86,387.64,106.1,10/16/2022,20:33:51,0.093,3.654
dash,Spinach and Feta Puff Pastry Bites,mediterranean,27.72,36.65,36.38,10/16/2022,20:33:51,0.756,1.007
dash,Christmas Egg Pie,american,130.01,52.81,161.37,10/16/2022,20:33:51,2.462,0.327
dash,Drunken Cranberry-Orange Relish,world,4.94,230.76,5.56,10/16/2022,20:33:51,0.021,41.504
dash,Thai Iced Tea Ice Cream,south east asian,55.92,248.18,145.6,10/16/2022,20:33:51,0.225,1.705
dash,Absinthe and Old Lace Cocktail Recipe,american,3.19,17.14,5.47,10/16/2022,20:33:51,0.186,3.133
dash,Candy Corn Trifle,british,51.1,734.24,112.55,10/16/2022,20:33:51,0.07,6.524
dash,The Pink Drink,world,2.87,52.66,0.6,10/16/2022,20:33:58,0.055,87.767
dash,Manhattan Ice Cream Float,american,26.99,198.89,146.97,10/16/2022,20:33:58,0.136,1.353
dash,Cuban Pulled Pork Tacos,mexican,278.39,72.47,287.15,10/16/2022,20:33:58,3.841,0.252
dash,Almond Meal Encrusted Chicken Nuggets - REAL FOOD Healing Recipe from Mee Tracy McCormick,american,191.06,25.06,137.85,10/16/2022,20:33:58,7.624,0.182
dash,Campbell's Classic Green Bean Casserole,south east asian,25.26,147.27,63.74,10/16/2022,20:33:58,0.172,2.31
dash,Acorn Squash Fondue,french,71.36,81.84,191.57,10/16/2022,20:33:58,0.872,0.427
dash,"Twice Baked Sweet Potatoes with Rosemary, Gruyere and Coffee Spiced Pecans",american,14.69,85.49,46.72,10/16/2022,20:33:58,0.172,1.83
dash,Prosciutto-Wrapped Shrimp with Bourbon Barbecue Sauce recipes,american,83.39,95.48,45.97,10/16/2022,20:33:58,0.873,2.077
dash,The Bijou,world,0.03,5.34,0.04,10/16/2022,20:33:58,0.006,133.5
dash,Pork Chops with Peach Salsa,mexican,169.44,44.83,73.07,10/16/2022,20:33:58,3.78,0.614
dash,Iceberg Salad With Benihana Ginger Dressing,mediterranean,11.46,57.99,55.89,10/16/2022,20:33:58,0.198,1.038
dash,Quesadillas,mexican,120.6,295.0,177.32,10/16/2022,20:33:58,0.409,1.664
dash,Sensational Turkey Noodle Soup,american,65.41,49.96,16.52,10/16/2022,20:33:58,1.309,3.024
dash,Seared Salmon,nordic,81.1,1.38,59.35,10/16/2022,20:33:58,58.768,0.023
dash,Shaved Brussels Sprouts Salad,american,21.91,69.71,44.26,10/16/2022,20:34:04,0.314,1.575
dash,Stir-Fried Beef with Tomato and Basil,chinese,60.87,41.45,75.79,10/16/2022,20:34:04,1.469,0.547
dash,Seared Salmon With Cinnamon And Chili Powder,nordic,81.1,1.38,59.35,10/16/2022,20:34:04,58.768,0.023
dash,Pumpkin-Swirl Cheesecake,american,116.18,1331.1,374.13,10/16/2022,20:34:04,0.087,3.558
dash,Spinach-Artichoke Potato Topper,mediterranean,19.57,115.32,67.56,10/16/2022,20:34:04,0.17,1.707
dash,Basil Butter Broiled Oysters,american,115.45,63.68,119.49,10/16/2022,20:34:04,1.813,0.533
dash,East India Cocktail,american,0.08,10.95,0.02,10/16/2022,20:34:04,0.007,547.5
dash,Au Gratin Potatoes (Scalloped Potatoes),french,89.15,279.78,129.73,10/16/2022,20:34:04,0.319,2.157
dash,Asian Salmon Burgers with Grilled Scallions recipes,nordic,95.73,13.53,81.57,10/16/2022,20:34:04,7.075,0.166
dash,Quick Chicken Chasseur,american,185.75,32.21,158.22,10/16/2022,20:34:04,5.767,0.204
dash,Cilantro Grilled Chicken Breast,mediterranean,105.17,13.32,132.24,10/16/2022,20:34:04,7.896,0.101
dash,Roasted Brussels Sprouts and Chestnuts,american,26.1,140.25,33.81,10/16/2022,20:34:04,0.186,4.148
dash,Firecracker Chicken,american,179.41,42.81,82.87,10/16/2022,20:34:04,4.191,0.517
dash,Grandma Dora’s Chopped Liver,kosher,108.64,19.45,75.73,10/16/2022,20:34:04,5.586,0.257
dash,Smoked Tuna Dip,american,47.69,2.4,15.61,10/16/2022,20:34:04,19.871,0.154
dash,Savory Green Apple Salad,american,4.25,29.14,19.39,10/16/2022,20:34:11,0.146,1.503
dash,Macaroni and Cheese,american,132.92,224.58,224.77,10/16/2022,20:34:11,0.592,0.999
dash,Blue Cheese Turkey Rolls,american,30.85,3.56,31.32,10/16/2022,20:34:11,8.666,0.114
dash,Blackberry Mary,world,1.19,17.3,0.35,10/16/2022,20:34:11,0.069,49.429
dash,Chicken Stir Fry,chinese,124.52,11.77,42.06,10/16/2022,20:34:11,10.579,0.28
dash,Decadent Skinny Slaw,american,8.93,54.21,45.49,10/16/2022,20:34:11,0.165,1.192
dash,Pasion Andina,world,0.69,27.55,0.22,10/16/2022,20:34:11,0.025,125.227
dash,Mellow Yellow Spaghetti Squash Casserole,italian,65.58,267.24,43.81,10/16/2022,20:34:11,0.245,6.1
dash,El Chupacabra,mediterranean,4.02,54.42,0.82,10/16/2022,20:34:11,0.074,66.366
dash,Quick tomato soup with cheesy garlic dippers,american,41.38,87.13,41.62,10/16/2022,20:34:11,0.475,2.093
dash,Quinoa and Black eyed pea salad,american,30.28,151.97,39.21,10/16/2022,20:34:11,0.199,3.876
dash,Grits Cheesecake,american,65.26,514.5,240.49,10/16/2022,20:34:11,0.127,2.139
dash,Gentlemen's Relish Recipe,british,67.75,2.34,206.23,10/16/2022,20:34:11,28.953,0.011
dash,Corn Fritters a la New England,american,27.97,159.14,20.77,10/16/2022,20:34:11,0.176,7.662
dash,Louisiana Crab Cakes,french,44.18,47.47,26.8,10/16/2022,20:34:11,0.931,1.771
dash,Lemony Kale and Roasted Mushroom Salad with Pecans recipes,american,31.75,83.78,100.03,10/16/2022,20:34:18,0.379,0.838
dash,Agave teriyaki salmon and brown rice,nordic,225.47,399.61,133.27,10/16/2022,20:34:18,0.564,2.998
dash,"Purple sprouting broccoli, poached eggs & hollandaise",french,71.55,164.24,194.83,10/16/2022,20:34:18,0.436,0.843
dash,Easy Green Chile Quesadilla Recipe With Sprouted Corn Tortillas,mexican,34.34,48.42,50.87,10/16/2022,20:34:18,0.709,0.952
dash,Mediterranean Pasta Shells,mediterranean,38.58,168.61,42.05,10/16/2022,20:34:18,0.229,4.01
dash,Sweet 'n' Sassy Grilled Flank Steak,american,169.61,27.33,78.02,10/16/2022,20:34:18,6.206,0.35
dash,Rum-Raisin Rice Pudding,british,21.66,175.77,25.54,10/16/2022,20:34:18,0.123,6.882
dash,Chipotle Flourless Chocolate Cake recipes,mexican,44.5,395.17,189.79,10/16/2022,20:34:18,0.113,2.082
dash,Mini ginger latkes with dipping sauce,italian,35.33,118.37,16.72,10/16/2022,20:34:18,0.298,7.08
dash,Butternut Squash and Bacon Bloody Mary,american,2.09,19.71,0.57,10/16/2022,20:34:18,0.106,34.579
dash,Seared Salmon with Cinnamon and Chile Powder,nordic,81.1,1.38,59.35,10/16/2022,20:34:18,58.768,0.023
dash,Smoked Salmon Spread,nordic,43.65,13.74,106.8,10/16/2022,20:34:18,3.177,0.129
dash,Egg fried rice with tomatoes,chinese,34.1,111.44,45.35,10/16/2022,20:34:18,0.306,2.457
dash,My Family’s Noodle Kugel,asian,208.36,757.6,114.75,10/16/2022,20:34:18,0.275,6.602
dash,Chile Hold The Beans Add The Vegs,mexican,117.27,71.13,26.36,10/16/2022,20:34:18,1.649,2.698
dash,Low-Fat Warm Eggnog,british,31.97,105.23,14.15,10/16/2022,20:34:18,0.304,7.437
dash,Guinness Float,american,29.8,130.28,127.51,10/16/2022,20:34:18,0.229,1.022
dash,Shrimp Scampi for the Feast of the Fishes,south east asian,108.98,87.19,192.62,10/16/2022,20:34:18,1.25,0.453
dash,Eggs Benedict recipes,american,86.48,58.51,159.2,10/16/2022,20:34:25,1.478,0.368
dash,Edible Pantries Recipe,world,0.01,2.55,0.0,10/16/2022,20:34:25,0.004,
dash,Slow-Cooked Swedish Meatballs,nordic,175.53,319.14,129.57,10/16/2022,20:34:25,0.55,2.463
dash,Raw Chocolate Mousse,american,14.37,132.29,62.11,10/16/2022,20:34:25,0.109,2.13
dash,Caesar Salad,american,66.86,123.94,247.55,10/16/2022,20:34:25,0.539,0.501
dash,Easy Green Bean Casserole,italian,21.41,139.31,58.84,10/16/2022,20:34:25,0.154,2.368
dash,Grilled shrimp with olives and feta,mediterranean,67.66,9.4,70.22,10/16/2022,20:34:25,7.198,0.134
dash,"Roasted Chicken Butternut Squash, Potatoes and Leeks",american,49.4,116.2,26.29,10/16/2022,20:34:25,0.425,4.42
dash,Don't Be Sour,french,2.96,21.57,0.1,10/16/2022,20:34:25,0.137,215.7
dash,Guy Fieri's Fried Plantains with Sweet Heat,south american,11.84,206.46,120.46,10/16/2022,20:34:25,0.057,1.714
dash,Beef and Vegetable Kabob,middle eastern,98.58,18.15,87.59,10/16/2022,20:34:25,5.431,0.207
dash,Sweet & Spicy Roasted Carrots,south american,6.09,76.45,30.24,10/16/2022,20:34:25,0.08,2.528
dash,"Easy, Lemony Chicken & Rice Soup with Dill",japanese,200.16,277.52,67.05,10/16/2022,20:34:25,0.721,4.139
dash,Moist and Savory Stuffing,american,61.47,343.49,21.05,10/16/2022,20:34:25,0.179,16.318
dash,Apple-Bacon Egg Bake,american,43.18,48.95,76.63,10/16/2022,20:34:25,0.882,0.639
dash,Balsamic-glazed scallops,mediterranean,83.39,33.31,49.65,10/16/2022,20:34:25,2.503,0.671
dash,Grilled Mango and Marinated Sirloin Kebabs,american,115.86,96.18,25.33,10/16/2022,20:34:31,1.205,3.797
dash,Caesar Dressing recipes,american,12.08,6.85,64.18,10/16/2022,20:34:31,1.764,0.107
dash,Hot Artichoke-Parmesan Spread,mediterranean,70.23,52.11,60.7,10/16/2022,20:34:31,1.348,0.858
dash,"Spicy, Smoky Homemade Kale Chips",south american,11.21,23.5,36.59,10/16/2022,20:34:31,0.477,0.642
dash,Classic Chicken Salad recipes,american,26.47,2.52,28.67,10/16/2022,20:34:31,10.504,0.088
dash,Pad See Ew,south east asian,28.98,155.63,65.99,10/16/2022,20:34:31,0.186,2.358
dash,Lime-Glazed Angel Food Cake,american,34.65,596.87,15.97,10/16/2022,20:34:31,0.058,37.374
dash,Lobster With Thermidor Butter,american,70.84,21.45,128.56,10/16/2022,20:34:31,3.303,0.167
dash,Roasted Tomato Hummus,mediterranean,42.35,128.35,50.71,10/16/2022,20:34:31,0.33,2.531
dash,Sauteed fiddlehead ferns,french,25.99,32.7,29.31,10/16/2022,20:34:31,0.795,1.116
dash,Spicy Green Bean Salad,mediterranean,20.84,120.41,47.94,10/16/2022,20:34:31,0.173,2.512
dash,Drinking in Season: Cranberry Crush Recipe,american,0.44,218.38,0.13,10/16/2022,20:34:31,0.002,1679.846
dash,Lemon Linguine recipes,italian,73.7,184.16,57.89,10/16/2022,20:34:31,0.4,3.181
dash,Himalayan Salt Bowl Chocolate Fondue Recipe,italian,34.66,246.9,186.26,10/16/2022,20:34:31,0.14,1.326
dash,Caesar Brussels Sprouts Salad with Almonds,american,22.56,39.91,35.15,10/16/2022,20:34:31,0.565,1.135
dash,Quinoa Eetch (Red Quinoa Tabouli),middle eastern,35.52,169.51,28.17,10/16/2022,20:34:38,0.21,6.017
dash,Strawberry Love Dessert And Its Coconut Cream,french,16.52,119.84,76.99,10/16/2022,20:34:38,0.138,1.557
dash,Chocolate and Berry-Covered Meringue,american,21.74,252.41,15.87,10/16/2022,20:34:38,0.086,15.905
dash,Chinese Vegetarian Chicken,chinese,39.62,67.92,56.91,10/16/2022,20:34:38,0.583,1.193
dash,"Sautè of Liver, Bacon, and Shallots",central europe,103.84,59.26,145.62,10/16/2022,20:34:38,1.752,0.407
dash,Classic Canadian Bacon Eggs Benedict recipes,american,58.98,34.73,155.33,10/16/2022,20:34:38,1.698,0.224
dash,Chipotle Flourless Chocolate Cake,mexican,44.5,395.17,189.79,10/16/2022,20:34:38,0.113,2.082
dash,Roasted Fig Cocktail Recipe,mediterranean,5.0,135.28,1.88,10/16/2022,20:34:38,0.037,71.957
dash,Lemony Prawns & Avocado,british,187.4,413.56,190.68,10/16/2022,20:34:38,0.453,2.169
dash,Apple and Cashew Spread Sandwich,mediterranean,15.98,54.71,33.77,10/16/2022,20:34:38,0.292,1.62
dash,Sweet Heat Green Beans,south east asian,7.14,35.39,24.66,10/16/2022,20:34:38,0.202,1.435
dash,Baked Rice and Cheese,american,149.2,594.04,152.41,10/16/2022,20:34:38,0.251,3.898
dash,Party Cheese Ball,american,66.98,27.37,196.47,10/16/2022,20:34:38,2.447,0.139
dash,Cold Japanese Soba Noodles with Green Onion,asian,38.9,150.13,9.94,10/16/2022,20:34:38,0.259,15.104
dash,Ginger-Glazed Grilled Carrot And Pea Shoot Salad,south american,7.59,73.68,28.64,10/16/2022,20:34:38,0.103,2.573
dash,Fried ham and cheese sandwich,italian,94.87,36.26,157.3,10/16/2022,20:34:38,2.616,0.231
dash,The Chicago Hot Dog,american,12.32,38.71,14.84,10/16/2022,20:34:38,0.318,2.608
dash,Chipotle-Honey Roast Cauliflower with Basil,mediterranean,13.16,90.45,43.85,10/16/2022,20:34:45,0.145,2.063
dash,Lump Crab Cakes from Bowens Island,american,94.81,57.85,131.8,10/16/2022,20:34:45,1.639,0.439
dash,Ultra Creamy Mashed Potatoes,american,68.23,376.47,78.66,10/16/2022,20:34:45,0.181,4.786
dash,Caramelised Apple Cake With Cointreau Custard,american,56.46,389.76,159.32,10/16/2022,20:34:45,0.145,2.446
dash,Cheddar and Pumpkin-seed Oatcakes,mediterranean,43.5,92.78,61.37,10/16/2022,20:34:45,0.469,1.512
dash,Pimento Cheese recipes,south american,57.05,16.17,166.2,10/16/2022,20:34:45,3.528,0.097
dash,Pesto Cottage Cheese Dip,american,86.52,298.87,131.06,10/16/2022,20:34:45,0.289,2.28
dash,Fresh Raspberry Lemon Cheesecake Tart,american,34.42,314.07,177.51,10/16/2022,20:34:45,0.11,1.769
dash,Fig-Pecan Macaroons,american,18.18,249.45,78.93,10/16/2022,20:34:45,0.073,3.16
dash,Cilantro Chicken Milanese with Raita recipes,american,132.73,97.51,89.35,10/16/2022,20:34:45,1.361,1.091
dash,Fig & Squash Blossom Salad,mexican,6.35,30.01,46.25,10/16/2022,20:34:45,0.212,0.649
dash,Garlic Cheese Bread,italian,196.95,173.29,393.45,10/16/2022,20:34:45,1.137,0.44
dash,Cheater Baked beans,american,50.04,263.64,37.63,10/16/2022,20:34:45,0.19,7.006
dash,Grilled Plum & Strawberry Skewers with Sweet Mint Pesto,american,8.83,56.42,24.92,10/16/2022,20:34:45,0.157,2.264
dash,East of Ireland Recipe,american,1.32,331.48,1.09,10/16/2022,20:34:45,0.004,304.11
dash,Memphis Magic,american,3.89,39.52,35.41,10/16/2022,20:34:45,0.098,1.116
dash,“Gypsy” Celebration Soup,south american,79.32,295.36,55.55,10/16/2022,20:34:45,0.269,5.317
dash,Cheese Straws,american,258.22,398.13,493.73,10/16/2022,20:34:45,0.649,0.806
dash,Fresh Mint Ice Cream,french,28.01,205.21,44.29,10/16/2022,20:34:52,0.136,4.633
dash,Sugar Biscuits recipes,american,50.63,938.69,301.03,10/16/2022,20:34:52,0.054,3.118
dash,The Blood Orange Marmalade Sour,world,1.68,25.24,0.08,10/16/2022,20:34:52,0.067,315.5
dash,Spiced Butternut Soup with Crab,south american,52.77,79.05,8.49,10/16/2022,20:34:52,0.668,9.311
dash,Summer Spaghetti,italian,89.64,160.8,82.64,10/16/2022,20:34:52,0.557,1.946
dash,Honey-Orange Marshmallows,american,72.31,648.5,12.14,10/16/2022,20:34:52,0.112,53.418
dash,Fresh Strawberry Ice Cream,american,21.66,216.5,191.25,10/16/2022,20:34:52,0.1,1.132
dash,Roasted Cumin-Rubbed Snapper,mediterranean,123.34,66.65,66.84,10/16/2022,20:34:52,1.851,0.997
dash,Strawberry Yogurt Tartelette,american,48.96,185.03,50.98,10/16/2022,20:34:52,0.265,3.629
dash,Carmelized onion with bacon and green apple dip/spread,american,22.08,49.91,91.59,10/16/2022,20:34:52,0.442,0.545
dash,Frosted Cauliflower Recipe,american,32.93,20.61,112.92,10/16/2022,20:34:52,1.598,0.183
dash,Shrimp Toast,french,120.65,391.69,83.07,10/16/2022,20:34:52,0.308,4.715
dash,Black Skillet Cornbread,american,72.12,264.58,101.56,10/16/2022,20:34:52,0.273,2.605
dash,The Awesome-Est Blueberry Muffins,american,18.65,286.51,135.67,10/16/2022,20:34:52,0.065,2.112
dash,Frog Legs with Garlic and Parsley,french,89.79,6.43,21.01,10/16/2022,20:34:52,13.964,0.306
dash,Maple Water Golden Milk,american,0.41,4.7,27.34,10/16/2022,20:34:52,0.087,0.172
dash,Cranberry-Almond Green Salad with Honey Mustard Vinaigrette recipes,american,22.64,20.37,196.99,10/16/2022,20:34:52,1.111,0.103
dash,Scallops beurre blanc,french,19.13,25.49,102.68,10/16/2022,20:34:58,0.75,0.248
dash,Spiced-Pomegranate Poached Pears,american,6.72,108.36,20.4,10/16/2022,20:34:58,0.062,5.312
dash,Alexander McCream Spiced Pumpkin Ice Cream,american,15.35,136.14,59.35,10/16/2022,20:34:58,0.113,2.294
dash,Orange Sling,french,0.35,40.21,0.33,10/16/2022,20:34:58,0.009,121.848
dash,Viewing Party Cocktail: A Brief History of Thyme,world,0.6,11.19,0.29,10/16/2022,20:34:58,0.054,38.586
dash,Deviled ‘Guacamole’ Eggs Dip,south american,46.05,15.74,64.83,10/16/2022,20:34:58,2.926,0.243
dash,Hot Roast Beef Sandwiches,american,254.49,291.71,260.4,10/16/2022,20:34:58,0.872,1.12
dash,Funky Monkey Parfaits,french,32.04,381.37,60.28,10/16/2022,20:34:58,0.084,6.327
dash,Salmon Ceviche with Avocado and Ginger Recipe,nordic,74.69,31.41,75.43,10/16/2022,20:34:58,2.378,0.416
dash,Apple Injected Smoked Pork,mediterranean,422.8,112.22,300.14,10/16/2022,20:34:58,3.768,0.374
dash,Fudge Cake,american,66.2,508.28,342.13,10/16/2022,20:34:58,0.13,1.486
dash,Peach and Cardamon Crisp,american,11.19,171.65,48.76,10/16/2022,20:34:58,0.065,3.52
dash,Individual Sausage Casseroles recipes,british,204.66,25.38,234.08,10/16/2022,20:34:58,8.064,0.108
dash,Chorizo-and-Cilantro Eggs,mediterranean,71.88,7.22,159.5,10/16/2022,20:34:58,9.956,0.045
dash,Blood Mary Pickles,world,6.64,43.62,1.55,10/16/2022,20:35:05,0.152,28.142
dash,"Stuffed Red Peppers ,Creole.",american,26.61,84.66,41.17,10/16/2022,20:35:05,0.314,2.056
dash,Red Hot Apple Pie in a Mug,french,6.73,121.93,42.92,10/16/2022,20:35:05,0.055,2.841
dash,Flourless Chocolate Cake,american,57.67,392.69,297.45,10/16/2022,20:35:05,0.147,1.32
dash,Sweet-and-Spicy Yogurt,mediterranean,21.83,14.19,15.88,10/16/2022,20:35:05,1.538,0.894
dash,Cucumber Dill Yogurt Salad recipes,american,16.59,56.3,9.33,10/16/2022,20:35:05,0.295,6.034
dash,Heirloom Tomato with Mango Vinaigrette on a Toasted Baguette,american,75.82,261.78,138.47,10/16/2022,20:35:05,0.29,1.891
dash,Homegrown Microgreens Salad recipes,american,9.83,36.62,47.89,10/16/2022,20:35:05,0.268,0.765
dash,Tomatillo Corn Salsa Recipe,south american,4.85,35.43,2.54,10/16/2022,20:35:05,0.137,13.949
dash,Eat for Eight Bucks: Roasted Tomato Quesadillas with Cilantro Cream Recipe,mexican,47.77,95.1,93.53,10/16/2022,20:35:05,0.502,1.017
dash,Balsamic Onion and Thyme Carrots,american,6.59,66.0,28.25,10/16/2022,20:35:05,0.1,2.336
dash,Sneaky Stovetop Mac ’N‘ Cheese,american,138.13,224.79,151.29,10/16/2022,20:35:05,0.614,1.486
dash,Butternut Bowl o' Soup,south american,23.21,151.88,15.54,10/16/2022,20:35:05,0.153,9.773
dash,Thai Turkey Noodle Soup,american,162.99,246.95,80.25,10/16/2022,20:35:05,0.66,3.077
dash,Charleston Bread Pudding With Whiskey-Soaked Raisins,british,70.01,544.27,129.05,10/16/2022,20:35:05,0.129,4.218
dash,"Roast Beef, Arugula, and Pickled Onion Wrap",american,19.61,46.91,10.93,10/16/2022,20:35:05,0.418,4.292
dash,Honey-Pear Pizza,italian,37.72,183.99,64.54,10/16/2022,20:35:05,0.205,2.851
dash,Bloody Marys,french,10.36,42.54,2.9,10/16/2022,20:35:05,0.244,14.669
dash,Pimento Cheese,south american,132.27,48.53,232.39,10/16/2022,20:35:12,2.726,0.209
dash,Sauteed Bananas with Tangy Sweet Cream,american,7.59,166.29,34.2,10/16/2022,20:35:12,0.046,4.862
dash,MARINATED ZUCCHINI & TOMATO LASAGNA with CASHEW HERB CHEESE recipes,italian,35.64,80.72,78.88,10/16/2022,20:35:12,0.442,1.023
dash,Breakfast Burritos For 2,mexican,53.78,66.4,66.15,10/16/2022,20:35:12,0.81,1.004
dash,Balsamic Mushroom Quinoa,south american,27.03,136.63,37.38,10/16/2022,20:35:12,0.198,3.655
dash,Roasted Garlic Aioli,mediterranean,15.48,49.44,190.19,10/16/2022,20:35:12,0.313,0.26
dash,Garlic Cheese Bread recipes,italian,196.95,173.29,393.45,10/16/2022,20:35:12,1.137,0.44
dash,Pumpkin Flip,american,2.97,23.78,0.91,10/16/2022,20:35:12,0.125,26.132
dash,Game Day BBQ Chicken Pizzettes recipes,american,165.63,496.59,474.25,10/16/2022,20:35:12,0.334,1.047
dash,Swiss Chard Tzatziki (Yogurt Dip) recipes,mediterranean,22.94,90.83,31.37,10/16/2022,20:35:12,0.253,2.895
dash,The Pit Authentic Barbecue's Coleslaw,central europe,13.75,89.28,252.18,10/16/2022,20:35:12,0.154,0.354
dash,Vegetarian Pad See Ew,south east asian,28.98,155.63,65.99,10/16/2022,20:35:12,0.186,2.358
dash,Italian Pork and Pepper Stew ~ Crock Pot Style,italian,187.76,64.41,116.05,10/16/2022,20:35:12,2.915,0.555
dash,Baby Vegetable Antipasto,italian,38.01,117.57,38.46,10/16/2022,20:35:12,0.323,3.057
dash,My crumble topping,american,12.21,159.36,63.06,10/16/2022,20:35:12,0.077,2.527
dash,Leftover-Babka Bread Pudding Recipe,british,77.22,342.09,144.45,10/16/2022,20:35:12,0.226,2.368
dash,End of summer golden gazpacho,italian,38.72,203.87,90.84,10/16/2022,20:35:12,0.19,2.244
dash,Two Turtledoves Cocktail Recipe,american,1.72,163.83,1.87,10/16/2022,20:35:12,0.01,87.61
dash,Salmon BLT,nordic,94.29,128.53,134.93,10/16/2022,20:35:18,0.734,0.953
dash,Quinoa Stuffed Zucchini,mediterranean,28.09,116.91,74.06,10/16/2022,20:35:18,0.24,1.579
dash,Smoked Salmon Potato Nests,nordic,19.77,42.04,52.16,10/16/2022,20:35:18,0.47,0.806
dash,Du Barry Chocolate Cake,american,49.1,298.95,337.55,10/16/2022,20:35:18,0.164,0.886
dash,Mai Tai,world,0.49,16.72,0.14,10/16/2022,20:35:18,0.029,119.429
dash,Spinach Salad with Warm Bacon Dressing recipes,american,54.64,34.66,132.98,10/16/2022,20:35:18,1.576,0.261
dash,Asian Chicken Meatballs,south east asian,92.17,29.28,70.63,10/16/2022,20:35:18,3.148,0.415
dash,Fried Deviled Eggs,south east asian,95.46,145.3,237.92,10/16/2022,20:35:18,0.657,0.611
dash,Candied Orange Slices with Ganache Dipping Sauce,american,6.14,978.63,26.75,10/16/2022,20:35:18,0.006,36.584
dash,Pan-Fried Smoked Salmon With Green Beans & Chives,nordic,38.53,79.65,63.01,10/16/2022,20:35:18,0.484,1.264
dash,Sensational Chicken Noodle Soup,asian,62.76,54.19,21.87,10/16/2022,20:35:18,1.158,2.478
dash,Spaghetti with homemade canned tomatoes,italian,75.56,407.06,47.01,10/16/2022,20:35:18,0.186,8.659
dash,Grilled Peaches with Honey Cream,american,18.55,114.81,40.04,10/16/2022,20:35:18,0.162,2.867
dash,Creamy Vegan Butternut Squash Mac And Cheese,american,132.14,453.36,72.61,10/16/2022,20:35:18,0.291,6.244
dash,Spinach and Bacon Quiche,french,146.22,201.45,270.74,10/16/2022,20:35:18,0.726,0.744
dash,Marcie's Aioli Recipe,american,8.77,25.98,129.22,10/16/2022,20:35:25,0.338,0.201
dash,Turkey Re-Hash,american,303.67,566.02,183.75,10/16/2022,20:35:25,0.537,3.08
dash,Shredded Beef with Red Jalapeno Peppers,american,61.78,34.25,75.4,10/16/2022,20:35:25,1.804,0.454
dash,Ginger cran apple upside down cake,british,38.62,403.47,109.64,10/16/2022,20:35:25,0.096,3.68
dash,Mega Egga Macaroni Salad,american,191.16,689.16,625.54,10/16/2022,20:35:25,0.277,1.102
dash,Spanish Baked Chicken,mediterranean,228.28,87.12,285.21,10/16/2022,20:35:25,2.62,0.305
dash,Grilled Hanging Tenderloin,american,39.63,28.81,48.1,10/16/2022,20:35:25,1.376,0.599
dash,"Oysters with Creme Fraiche, Lemon, and Tarragon",french,16.31,17.86,26.95,10/16/2022,20:35:25,0.913,0.663
dash,Blueberry Pie Sundaes,american,40.69,218.37,19.61,10/16/2022,20:35:25,0.186,11.136
dash,Potato Latkes Made Simple: A Twitter Recipe,kosher,31.55,110.84,118.28,10/16/2022,20:35:25,0.285,0.937
dash,Green Bean Casserole,american,38.7,146.44,4.81,10/16/2022,20:35:25,0.264,30.445
dash,Crispy Pan-Fried Chicken with Ranch Dipping Sauce,american,36.92,34.66,54.64,10/16/2022,20:35:25,1.065,0.634
dash,Amalfi Style Shrimp,mediterranean,103.99,68.59,33.41,10/16/2022,20:35:25,1.516,2.053
dash,Quick Quarter-Pounders,mediterranean,120.63,35.91,66.3,10/16/2022,20:35:25,3.359,0.542
dash,Light Lemon Mayonnaise,mediterranean,5.63,2.76,167.25,10/16/2022,20:35:25,2.04,0.017
dash,Four-Onion Pizza with Goat Cheese,italian,52.32,201.89,100.59,10/16/2022,20:35:25,0.259,2.007
dash,Tabbouleh with Persimmons and Almonds recipes,middle eastern,27.0,110.27,69.26,10/16/2022,20:35:32,0.245,1.592
dash,Pasta Pomodoro,italian,26.9,134.36,88.3,10/16/2022,20:35:32,0.2,1.522
dash,Spiked Hot Chocolate,american,29.23,177.05,72.21,10/16/2022,20:35:32,0.165,2.452
dash,"Lemony Green Bean Salad with Feta, Red Onion, and Marjoram",mediterranean,25.7,46.68,79.5,10/16/2022,20:35:32,0.551,0.587
dash,Quick Cajun Chicken Alfredo,american,231.28,506.64,194.97,10/16/2022,20:35:32,0.456,2.599
dash,Shrimp Scampi,south east asian,103.75,47.06,82.09,10/16/2022,20:35:32,2.205,0.573
dash,Stuffed Acorn Squash,american,105.52,384.43,120.66,10/16/2022,20:35:32,0.274,3.186
dash,Orange Roughy with Parmesan and Green Onions,italian,139.15,5.86,103.46,10/16/2022,20:35:32,23.746,0.057
dash,Poc Chuc,mediterranean,147.72,34.08,67.33,10/16/2022,20:35:32,4.335,0.506
dash,Macaroni and Cheese Waffles Recipe,italian,204.41,419.87,229.87,10/16/2022,20:35:32,0.487,1.827
dash,Almond-Crusted Tilapia,mediterranean,78.56,19.76,39.02,10/16/2022,20:35:32,3.976,0.506
dash,Garden Vegetable Quiche,french,60.6,159.55,109.18,10/16/2022,20:35:32,0.38,1.461
dash,Halibut With Ginger & Cilantro,american,138.95,207.71,15.9,10/16/2022,20:35:32,0.669,13.064
dash,Bacon-Broccoli Quiche Cups,french,39.39,10.05,68.11,10/16/2022,20:35:32,3.919,0.148
dash,Crab Cake BLT,american,138.95,233.26,479.88,10/16/2022,20:35:32,0.596,0.486
dash,Baked Crabcakes Recipe,american,86.41,31.56,59.05,10/16/2022,20:35:32,2.738,0.534
dash,Shrimp Spaghetti And Asparagus Pesto,italian,187.85,288.56,100.95,10/16/2022,20:35:38,0.651,2.858
dash,Crema de Frijol (spicy cream of black bean),mexican,183.4,568.12,29.72,10/16/2022,20:35:38,0.323,19.116
dash,Browned Butter Bananas with Toasted Pecans,american,9.74,149.0,72.34,10/16/2022,20:35:38,0.065,2.06
dash,Fried Plantains with Sweet Heat,south american,11.85,206.52,120.48,10/16/2022,20:35:38,0.057,1.714
dash,Spicy Chili Chocolate Tofu Fries,asian,45.52,36.7,33.35,10/16/2022,20:35:38,1.24,1.1
dash,"Turkey, Apple and Havarti Sandwich",american,29.61,34.92,25.63,10/16/2022,20:35:38,0.848,1.362
dash,Cauliflower Soup,american,13.65,47.15,15.94,10/16/2022,20:35:38,0.29,2.958
dash,"Grilled Chicken, Mango And Jicama Salad With Tequila-Lime Vinaigrette",mexican,246.15,112.35,77.7,10/16/2022,20:35:38,2.191,1.446
dash,Chicken Stuffed with Spinach and Feta recipes,mediterranean,136.76,10.28,46.96,10/16/2022,20:35:38,13.304,0.219
dash,Slow-Cooker Italian Beef Sandwiches,italian,47.16,18.98,22.67,10/16/2022,20:35:38,2.485,0.837
dash,Pomato Ricotta Salad,mediterranean,17.93,87.45,13.46,10/16/2022,20:35:38,0.205,6.497
dash,Wedge Salad Dippers,american,31.66,27.84,214.78,10/16/2022,20:35:38,1.137,0.13
dash,Beet Pizza with Caramelized Onions and Goat Cheese,italian,35.43,159.53,72.93,10/16/2022,20:35:38,0.222,2.187
dash,Mama Mia!,italian,96.96,271.73,87.05,10/16/2022,20:35:38,0.357,3.122
dash,Chocolate-Hazelnut Meringue Kisses,british,21.28,207.12,32.13,10/16/2022,20:35:38,0.103,6.446
dash,Vanilla And Chocolate Tuiles,american,15.19,105.42,47.49,10/16/2022,20:35:38,0.144,2.22
dash,Holiday Brunch Bake,american,137.06,65.26,181.8,10/16/2022,20:35:45,2.1,0.359
dash,"Stella! (Gin Fizz with Cointreau, Orange Juice & Orange Flower Water)",world,2.35,9.79,10.59,10/16/2022,20:35:45,0.24,0.924
dash,Creamy Avocado Pasta,italian,62.16,288.86,111.61,10/16/2022,20:35:45,0.215,2.588
dash,Blackberry Cobbler,american,26.87,245.56,55.54,10/16/2022,20:35:45,0.109,4.421
dash,Cranberry-and-Sweet Potato Bake,american,24.95,424.78,47.33,10/16/2022,20:35:45,0.059,8.975
dash,Beef & Vegetable Casserole,french,124.13,62.52,105.02,10/16/2022,20:35:45,1.985,0.595
dash,Creamy Cheddar Soup,american,34.58,91.19,181.05,10/16/2022,20:35:45,0.379,0.504
dash,Petite Vanilla Bean Scones,british,54.95,738.21,262.12,10/16/2022,20:35:45,0.074,2.816
dash,Green With Envy,world,0.78,17.57,0.27,10/16/2022,20:35:45,0.044,65.074
dash,Gougères,american,120.01,122.01,143.68,10/16/2022,20:35:45,0.984,0.849
dash,Strawberries Tuiles,british,44.73,294.32,163.68,10/16/2022,20:35:45,0.152,1.798
dash,Pan-Seared Shrimp with Rosemary Spaghetti Squash,mediterranean,36.25,16.92,10.94,10/16/2022,20:35:45,2.142,1.547
dash,The Awesome-est Blueberry Muffins recipes,american,18.65,275.33,135.67,10/16/2022,20:35:45,0.068,2.029
dash,Bulgur with Steak and Chickpeas,middle eastern,20.12,40.09,20.02,10/16/2022,20:35:45,0.502,2.002
dash,Deep-Fried Guacamole,mexican,17.21,122.67,180.51,10/16/2022,20:35:45,0.14,0.68
dash,Ramos Gin Fizz,world,4.13,13.39,1.73,10/16/2022,20:35:45,0.308,7.74
dash,Sardines and Fennel,italian,35.0,36.49,32.48,10/16/2022,20:35:45,0.959,1.123
dash,Broccoli Cheese Soup recipes,american,239.95,319.04,333.96,10/16/2022,20:35:45,0.752,0.955
dash,Roasted Horseradish Hummus,mediterranean,95.93,286.79,84.42,10/16/2022,20:35:45,0.334,3.397
dash,Simple Grilled Beef with Rosemary,south american,247.34,21.15,72.77,10/16/2022,20:35:52,11.695,0.291
dash,Fritto del' Orto - Carbonated Water Batter,italian,107.54,766.4,87.63,10/16/2022,20:35:52,0.14,8.746
dash,Chicken Bulgur Pilaf,mediterranean,296.78,342.32,322.5,10/16/2022,20:35:52,0.867,1.061
dash,Spicy Spaghetti,french,133.45,382.41,154.24,10/16/2022,20:35:52,0.349,2.479
dash,Steak Fajitas with Avocado Lime Crema,mexican,1.85,8.83,1.8,10/16/2022,20:35:52,0.21,4.906
dash,Concord Cocktail,american,0.99,220.27,0.37,10/16/2022,20:35:52,0.004,595.324
dash,Best Tuna Salad,mediterranean,77.94,41.53,30.14,10/16/2022,20:35:52,1.877,1.378
dash,Piquant Potatoes,mediterranean,17.16,133.24,42.08,10/16/2022,20:35:52,0.129,3.166
dash,The Best Vegan Baked Mac & Cheese Recipe,american,83.66,441.39,81.04,10/16/2022,20:35:52,0.19,5.447
dash,Chicken Dippers Lunch,mediterranean,51.68,5.47,25.19,10/16/2022,20:35:52,9.448,0.217
dash,Bay-Scented Vanilla Pudding,british,20.75,110.57,26.23,10/16/2022,20:35:52,0.188,4.215
dash,Almond Potato Puff,french,58.57,147.97,154.35,10/16/2022,20:35:52,0.396,0.959
dash,Lemon Linguine,italian,73.59,183.61,57.86,10/16/2022,20:35:52,0.401,3.173
dash,Dark Chocolate Orange Cake,french,24.72,166.25,37.84,10/16/2022,20:35:52,0.149,4.393
dash,Mulligatawny Soup,indian,76.13,178.31,120.07,10/16/2022,20:35:52,0.427,1.485
dash,Crab Canapés with Cumin,indian,31.1,53.92,19.81,10/16/2022,20:35:52,0.577,2.722
dash,"Baby Artichoke, Parsley, and Celery Salad",mediterranean,41.56,140.14,75.12,10/16/2022,20:35:52,0.297,1.866
dash,Best-Ever Guacamole,mexican,14.17,68.1,88.94,10/16/2022,20:35:59,0.208,0.766
dash,Jane's Crab Cakes,american,180.66,39.65,167.32,10/16/2022,20:35:59,4.556,0.237
dash,"Avocado Tartine with Quail Eggs, Prosciutto & Goat Cheese",italian,33.69,103.03,33.54,10/16/2022,20:35:59,0.327,3.072
dash,Loaded Baked Potatoes with Broccoli & Cheese,italian,54.83,144.76,108.95,10/16/2022,20:35:59,0.379,1.329
dash,Lemon Cloud with Strawberry-Mint Compote,mediterranean,22.05,236.94,17.82,10/16/2022,20:35:59,0.093,13.296
dash,School for tapas: alioli potatoes,american,23.26,152.69,221.96,10/16/2022,20:35:59,0.152,0.688
dash,Vegetables Stacks with Mozzarella and Basil,italian,65.37,50.09,97.05,10/16/2022,20:35:59,1.305,0.516
dash,Scrambled Egg Burritos,mexican,36.61,55.52,43.66,10/16/2022,20:35:59,0.659,1.272
dash,Swiss and Mushroom BBQ Burger,french,283.11,228.84,312.78,10/16/2022,20:35:59,1.237,0.732
dash,Smoked Cauliflower Soup,american,49.78,134.47,17.29,10/16/2022,20:35:59,0.37,7.777
dash,Houlihan's Smashed Potatoes,american,36.6,278.59,9.95,10/16/2022,20:35:59,0.131,27.999
dash,Olive Crema,mediterranean,2.07,13.67,14.29,10/16/2022,20:35:59,0.151,0.957
dash,Soba Noodle Salad With Smoked Duck,asian,82.95,262.7,195.8,10/16/2022,20:35:59,0.316,1.342
dash,Garlic Lentil Soup,french,58.19,179.51,31.15,10/16/2022,20:35:59,0.324,5.763
dash,Roasted Herb and Garlic Smashed Potato Casserole,french,64.44,175.02,53.03,10/16/2022,20:35:59,0.368,3.3
dash,Curry Chicken Salad Lettuce Wraps,indian,56.33,42.53,14.11,10/16/2022,20:35:59,1.324,3.014
dash,Freezer Meal Moroccan-Spiced Chickpeas,middle eastern,64.69,218.26,39.61,10/16/2022,20:35:59,0.296,5.51
dash,Spiced Carrot Salad,south american,5.53,53.72,10.53,10/16/2022,20:36:05,0.103,5.102
dash,Celery Daisy,world,0.16,7.17,0.05,10/16/2022,20:36:05,0.022,143.4
dash,Blackberry Whole Wheat Coffee Cake Recipe,american,53.24,569.34,85.25,10/16/2022,20:36:05,0.094,6.678
dash,Charleston Cheese Dip,american,94.62,48.36,339.5,10/16/2022,20:36:05,1.957,0.142
dash,Pimento Cheese Potato Skins,american,83.54,163.84,206.78,10/16/2022,20:36:05,0.51,0.792
dash,Mrs Cobb's Meatloaf,american,142.09,183.21,152.63,10/16/2022,20:36:05,0.776,1.2
dash,Key Lime Pie Ice Cream,american,47.57,258.96,80.3,10/16/2022,20:36:05,0.184,3.225
dash,Swamp Dip,american,25.46,73.28,228.86,10/16/2022,20:36:05,0.347,0.32
dash,Horiatiki Salata (Greek Salad) recipes,mediterranean,4.61,13.6,12.27,10/16/2022,20:36:05,0.339,1.108
dash,Zucchini Quiche,french,96.2,65.37,87.78,10/16/2022,20:36:05,1.472,0.745
dash,Breakfast Burrito,mexican,78.51,156.56,111.0,10/16/2022,20:36:05,0.501,1.41
dash,Eggless Tofu Salad,asian,54.39,29.82,38.61,10/16/2022,20:36:05,1.824,0.772
dash,Yellow Zucchini Tarte Fine on a Yogurt-Based Crust,french,43.88,170.91,88.28,10/16/2022,20:36:05,0.257,1.936
dash,Time for a Drink: Reveillon Cocktail Recipe,world,0.87,10.42,1.23,10/16/2022,20:36:05,0.083,8.472
dash,BBQ Lentils recipes,american,26.77,127.78,10.4,10/16/2022,20:36:05,0.21,12.287
dash,Lime-y Veggie Stir-Fry with Crispy Tofu,asian,28.12,52.02,41.37,10/16/2022,20:36:05,0.541,1.257
dash,Shrimp-Pineapple Skewers,mediterranean,195.73,176.92,190.56,10/16/2022,20:36:05,1.106,0.928
dash,Potato-and-Rutabaga Gratin,french,65.19,243.04,215.84,10/16/2022,20:36:05,0.268,1.126
dash,Zucchini Custard Bake,mediterranean,52.26,61.57,81.18,10/16/2022,20:36:12,0.849,0.758
dash,Mocha Silk Pie,american,44.38,534.86,317.66,10/16/2022,20:36:12,0.083,1.684
dash,Chinese Shrimp & Egg Flower Soup (蛋花湯),chinese,75.51,116.87,43.08,10/16/2022,20:36:12,0.646,2.713
dash,Gluten-Free Roasted Vegetable Lasagna Recipe,italian,403.63,2772.11,274.51,10/16/2022,20:36:12,0.146,10.098
dash,Sake Ginger Glazed Salmon,nordic,148.83,74.87,106.95,10/16/2022,20:36:12,1.988,0.7
dash,Baked Bolognese,italian,220.24,464.83,266.83,10/16/2022,20:36:12,0.474,1.742
dash,Sweet Potato Fries With Avocado “Mayo” recipes,south american,17.74,176.05,92.39,10/16/2022,20:36:12,0.101,1.906
dash,Bordertown Beef and Bean Torta recipes,south american,159.3,215.68,180.55,10/16/2022,20:36:12,0.739,1.195
dash,Creamy Bacon Cheese Grits recipes,american,131.97,294.29,346.82,10/16/2022,20:36:12,0.448,0.849
dash,Essentials: Stuffed Eggs Recipe,italian,34.91,3.89,277.69,10/16/2022,20:36:12,8.974,0.014
dash,Dreamy Creamy Macaroni and Cheese,american,79.5,156.97,78.18,10/16/2022,20:36:12,0.506,2.008
dash,Soy Roast Duck With Hoisin Gravy,chinese,135.32,89.31,34.6,10/16/2022,20:36:12,1.515,2.581
dash,Braised Stuffed Tofu,asian,68.66,40.42,63.62,10/16/2022,20:36:12,1.699,0.635
dash,Two -Acid Mediterranean Pasta Salad,mediterranean,89.74,405.64,260.21,10/16/2022,20:36:12,0.221,1.559
dash,Blackberry Peach Bread Pudding With Toasted Pecans,british,115.26,679.82,192.89,10/16/2022,20:36:12,0.17,3.524
dash,Myron's Crab Cocktail,american,186.67,91.39,128.73,10/16/2022,20:36:12,2.043,0.71
dash,Butter Turnip-It-Up Creamy Comfort Soup,french,7.96,46.36,147.53,10/16/2022,20:36:12,0.172,0.314
dash,Sumac-Spiced Eggplant Schnitzel recipes,central europe,58.84,252.2,42.25,10/16/2022,20:36:12,0.233,5.969
dash,Dawn's Scampi,italian,182.36,188.74,217.6,10/16/2022,20:36:19,0.966,0.867
dash,Drinking in Season: Spiced and Spiked Blood Orange Cocktail Recipe,american,0.99,223.21,1.0,10/16/2022,20:36:19,0.004,223.21
dash,Spinach And Feta Turnovers,mediterranean,59.01,224.63,156.0,10/16/2022,20:36:19,0.263,1.44
dash,Minced beef pie,american,129.95,203.97,285.17,10/16/2022,20:36:19,0.637,0.715
dash,Kale-Ing Your Way Through Meatless Monday recipes,mediterranean,125.51,532.14,128.21,10/16/2022,20:36:19,0.236,4.151
dash,Broccoli Crescent Appetizers,mediterranean,51.31,137.46,36.24,10/16/2022,20:36:19,0.373,3.793
dash,Chocolate Lava Cakes with Pistachio Cream,american,70.17,462.65,101.81,10/16/2022,20:36:19,0.152,4.544
dash,Tomato Basil Sandwich with Feta Aioli,mediterranean,8.84,31.82,9.76,10/16/2022,20:36:19,0.278,3.26
dash,Easy Kalamata Hummus Recipe,mediterranean,46.6,125.28,95.83,10/16/2022,20:36:19,0.372,1.307
dash,Chickadee - Spinach and Chick Peas,south american,48.14,144.05,30.19,10/16/2022,20:36:19,0.334,4.771
dash,S'mores Martini,american,25.55,204.33,42.22,10/16/2022,20:36:19,0.125,4.84
dash,Blueberry Almond Rum Cake,american,69.75,630.1,365.2,10/16/2022,20:36:19,0.111,1.725
dash,Plum and Berry Crumble,american,23.5,295.77,107.02,10/16/2022,20:36:19,0.079,2.764
dash,Blue Cheese & Berry Tossed Salad,american,38.01,45.54,212.73,10/16/2022,20:36:19,0.835,0.214
dash,Herb Meatballs with Maple Sweet and Sour,american,136.57,118.71,164.0,10/16/2022,20:36:25,1.15,0.724
dash,Stuffed 'n Squashed Mushroom Foil Pack,mediterranean,24.47,20.31,18.3,10/16/2022,20:36:25,1.205,1.11
dash,Southern Barbecue Bowl,american,29.03,99.62,28.99,10/16/2022,20:36:25,0.291,3.436
dash,Ham-Broccoli Strata,american,140.21,137.64,106.47,10/16/2022,20:36:25,1.019,1.293
dash,Sunday Brunch: Deviled Kidneys on Toast Recipe,french,320.79,164.51,82.22,10/16/2022,20:36:25,1.95,2.001
dash,My Family’s Noodle Kugel recipes,asian,210.34,891.81,115.2,10/16/2022,20:36:25,0.236,7.741
dash,Cream of Cauliflower or Broccoli Soup,american,44.84,60.7,97.28,10/16/2022,20:36:25,0.739,0.624
dash,Middle Eastern Eggplant Salad,middle eastern,10.59,58.25,56.07,10/16/2022,20:36:25,0.182,1.039
dash,Spanish Baked Chicken recipes,mediterranean,228.28,87.12,285.21,10/16/2022,20:36:25,2.62,0.305
dash,"Pistachio, Golden Raisin, Cardamom-Scented Pilaf",mediterranean,32.36,208.39,25.57,10/16/2022,20:36:25,0.155,8.15
dash,Lavender-Chamomile Tequila,american,0.71,143.0,0.38,10/16/2022,20:36:25,0.005,376.316
dash,Dreamy Apple Pie,american,26.85,422.09,246.43,10/16/2022,20:36:25,0.064,1.713
dash,Beef and Mushroom Cobbler,french,88.64,129.87,94.59,10/16/2022,20:36:25,0.683,1.373
dash,Borscht,french,22.55,60.76,24.55,10/16/2022,20:36:25,0.371,2.475
dash,Little Neck Clams with Sungold Tomatoes,south american,79.37,169.99,58.91,10/16/2022,20:36:25,0.467,2.886
dash,Lasagna Grilled Cheese,italian,58.51,80.45,76.09,10/16/2022,20:36:25,0.727,1.057
dash,Quinoa-Stuffed Acorn Squash recipes,mexican,55.63,243.6,49.09,10/16/2022,20:36:25,0.228,4.962
dash,Apple Camembert Salad,mediterranean,15.0,43.27,59.51,10/16/2022,20:36:25,0.347,0.727
dash,Samuel Adams Boston Lager Glazed Early Winter Roots,american,7.58,44.85,93.19,10/16/2022,20:36:32,0.169,0.481
dash,Greek Spaghetti Squash Toss,mediterranean,20.48,60.8,16.18,10/16/2022,20:36:32,0.337,3.758
dash,Andrew Zimmern’s Hot Crab and Artichoke Dip,mediterranean,108.01,53.22,159.59,10/16/2022,20:36:32,2.03,0.333
dash,Cold-Poached Trout With Watercress Mayo,british,74.56,57.82,66.87,10/16/2022,20:36:32,1.29,0.865
dash,Baked Apple Rings with Caramel Sauce,american,20.58,267.05,13.55,10/16/2022,20:36:32,0.077,19.708
dash,"Pomegranate, Cranberry & Brie Bruschetta",american,56.15,147.49,58.78,10/16/2022,20:36:32,0.381,2.509
dash,"Lemon Herb Quinoa with Hemp Seeds, Spring Peas, and Basil",south american,47.43,153.89,59.65,10/16/2022,20:36:32,0.308,2.58
dash,Sticky Sesame Wings,chinese,245.19,56.22,191.61,10/16/2022,20:36:32,4.361,0.293
dash,Nutted Chicken-Rice Noodle Casserole,asian,123.95,236.09,189.42,10/16/2022,20:36:32,0.525,1.246
dash,Bbq Meatballs,american,160.95,291.62,175.4,10/16/2022,20:36:32,0.552,1.663
dash,Bacon and Egg Sandwiches with Caramelized Onions and Arugula,american,37.52,51.14,75.39,10/16/2022,20:36:32,0.734,0.678
dash,Fresh Fusilli and Prosciutto di Parma with a Pumpkin Cream Sauce,american,177.51,342.22,275.06,10/16/2022,20:36:32,0.519,1.244
dash,Curried Egg Salad with Mango Chutney recipes,indian,32.09,113.28,37.24,10/16/2022,20:36:32,0.283,3.042
dash,Creamy Bacon Cheese Grits,american,131.97,294.29,346.82,10/16/2022,20:36:32,0.448,0.849
dash,Barbecue Baked Onion Rings,american,32.23,190.67,33.66,10/16/2022,20:36:32,0.169,5.665
dash,Bordertown Beef and Bean Torta,mediterranean,159.3,215.68,180.55,10/16/2022,20:36:32,0.739,1.195
dash,Broccoli Shrimp Alfredo,italian,182.84,391.59,209.82,10/16/2022,20:36:32,0.467,1.866
dash,Old-Time Beef Stew,american,200.99,61.12,72.78,10/16/2022,20:36:32,3.288,0.84
dash,Collard Greens Braised in Coconut Milk,south american,21.76,46.18,52.82,10/16/2022,20:36:32,0.471,0.874
dash,Chicken Salad with Apples and Cranberries,american,73.48,192.44,123.08,10/16/2022,20:36:32,0.382,1.564
dash,Classic Potato Latkes,kosher,28.31,199.21,60.18,10/16/2022,20:36:39,0.142,3.31
dash,Kentucky Hot Brown Recipe,american,123.28,69.8,298.59,10/16/2022,20:36:39,1.766,0.234
dash,"Smoked Trout Salad With Apples, Fennel And Creamy Horseradish Dressing",mediterranean,13.51,56.2,73.46,10/16/2022,20:36:39,0.24,0.765
dash,Marinated Flank Steak with Blue Cheese Sauce,american,131.23,25.4,83.55,10/16/2022,20:36:39,5.167,0.304
dash,Crab and Avocado Mimosa recipes,british,55.88,47.19,101.47,10/16/2022,20:36:39,1.184,0.465
dash,Ultimate Mashed Potatoes,american,75.03,360.54,129.02,10/16/2022,20:36:39,0.208,2.794
dash,Garlic Chive Shrimp Fried Rice With Garlic Chips,chinese,26.5,95.49,23.71,10/16/2022,20:36:39,0.278,4.027
dash,Noodles For Sunday Brunch,asian,15.45,31.52,20.69,10/16/2022,20:36:39,0.49,1.523
dash,Turkey Re-Hash,american,149.37,272.83,91.91,10/16/2022,20:36:39,0.547,2.968
dash,Lamb chops with blood orange and mint compote and feta mash potatos,mediterranean,55.83,84.18,110.31,10/16/2022,20:36:39,0.663,0.763
dash,Kale and Feta Burrito,mediterranean,53.53,184.53,32.14,10/16/2022,20:36:39,0.29,5.741
dash,The last of the good pears tart,american,16.87,255.14,93.35,10/16/2022,20:36:39,0.066,2.733
dash,Kafta Mishwiyyeh - Lebanese Meatballs,nordic,177.6,22.82,223.44,10/16/2022,20:36:39,7.783,0.102
dash,Cheese and Bacon Soufflé Recipe,american,124.88,40.01,217.71,10/16/2022,20:36:39,3.121,0.184
dash,Cheesy Bruschetta Chicken,italian,276.85,23.72,201.23,10/16/2022,20:36:39,11.672,0.118
dash,Butternut Penne with Feta and Pecans,mediterranean,83.87,421.77,87.9,10/16/2022,20:36:39,0.199,4.798
dash,Roasted Foie Gras with Apple Onion Compote,mediterranean,43.99,60.12,161.61,10/16/2022,20:36:39,0.732,0.372
dash,Creamy Carrot Soup,french,23.53,126.72,32.81,10/16/2022,20:36:39,0.186,3.862
dash,12th Man Hot Wings,american,807.03,49.17,649.49,10/16/2022,20:36:46,16.413,0.076
dash,Anything-But-Clementine Clafoutis,french,34.82,237.19,100.71,10/16/2022,20:36:46,0.147,2.355
dash,Deluxe Redeye Gravy with Pork Shoulder Picnic,american,123.97,39.42,124.93,10/16/2022,20:36:46,3.145,0.316
dash,Loaded Organic Baked Potato with Broccoli and Cheese,italian,59.69,179.9,109.31,10/16/2022,20:36:46,0.332,1.646
dash,Tuna Melt,american,101.24,72.96,40.45,10/16/2022,20:36:46,1.388,1.804
dash,Grated Carrot Salad (Carottes Râpées),american,9.42,92.42,56.52,10/16/2022,20:36:46,0.102,1.635
dash,Hoisin pork with garlic & ginger greens,american,120.25,75.21,81.17,10/16/2022,20:36:46,1.599,0.927
dash,Tarragon Corn recipes,french,17.31,96.28,52.21,10/16/2022,20:36:46,0.18,1.844
dash,Daniel Mancini’s Pasta Fa-zool! (Fagioli),italian,144.39,437.36,65.44,10/16/2022,20:36:46,0.33,6.683
dash,Daisy Brand Quiche,french,126.22,144.57,288.43,10/16/2022,20:36:46,0.873,0.501
dash,Eat For Eight Bucks: Curried Yellow Split Pea Soup,american,113.42,328.21,41.12,10/16/2022,20:36:46,0.346,7.982
dash,Coronation Chicken Rolls,south east asian,81.93,29.04,855.17,10/16/2022,20:36:46,2.821,0.034
dash,Roasted Squash Soup with Turkey Croquettes,american,146.13,268.78,77.29,10/16/2022,20:36:46,0.544,3.478
dash,Pineapple Fried Rice,chinese,92.1,292.94,63.35,10/16/2022,20:36:46,0.314,4.624
dash,Barbecue Chicken Legs,mediterranean,1017.25,241.93,1002.07,10/16/2022,20:36:46,4.205,0.241
dash,Big Daddy's Sloppy Joe Burgers,american,117.28,164.56,118.84,10/16/2022,20:36:46,0.713,1.385
dash,Milky Way Cake,american,78.91,1041.58,401.55,10/16/2022,20:36:46,0.076,2.594
dash,Crab Cakes,mediterranean,257.31,481.08,424.05,10/16/2022,20:36:46,0.535,1.134
dash,Barbecue Lentils,american,27.17,132.5,14.97,10/16/2022,20:36:52,0.205,8.851
dash,Beet Reuben,american,39.57,57.94,91.25,10/16/2022,20:36:52,0.683,0.635
dash,Roasted Pork and Potatoes With Creamy Applesauce,american,146.79,161.51,49.88,10/16/2022,20:36:52,0.909,3.238
dash,Veal in Savoy Cabbage with Mushroom Sauce,british,330.04,184.29,255.12,10/16/2022,20:36:52,1.791,0.722
dash,Nana's Chocolate Sheet Cake,american,63.37,1114.02,122.62,10/16/2022,20:36:52,0.057,9.085
dash,"Broccoli, Pancetta, and Parmesan Frittata",italian,73.47,22.99,69.66,10/16/2022,20:36:52,3.196,0.33
dash,"Bulgur And Freekeh Pilaf With Roasted Butternut Squash, Feta And Parsley",mediterranean,65.04,281.37,94.95,10/16/2022,20:36:52,0.231,2.963
dash,Black Bean Jalapeno Burritos,mexican,54.85,258.13,51.91,10/16/2022,20:36:52,0.212,4.973
dash,Prime Angus Beef Short Ribs,american,213.2,146.8,542.99,10/16/2022,20:36:52,1.452,0.27
dash,"Romaine, Celery, and Parmesan Salad",american,14.31,7.08,21.01,10/16/2022,20:36:52,2.021,0.337
dash,Lemon Chiffon Cake Recipe,american,64.76,864.34,201.65,10/16/2022,20:36:52,0.075,4.286
dash,Chipotle Ranch Egg Salad Wraps,american,19.88,59.61,39.48,10/16/2022,20:36:52,0.334,1.51
dash,Creamy Cucumber Chive Cups,eastern europe,37.79,46.16,7.48,10/16/2022,20:36:52,0.819,6.171
dash,Pasta Salad with Links,italian,55.65,179.63,99.26,10/16/2022,20:36:52,0.31,1.81
dash,A Better Mug Cake - from the Oven,french,11.86,90.85,27.46,10/16/2022,20:36:52,0.131,3.308
dash,Guacamole,mexican,13.3,62.46,93.13,10/16/2022,20:36:52,0.213,0.671
dash,Sumac-Spiced Eggplant Schnitzel Recipe,central europe,58.84,252.2,195.33,10/16/2022,20:36:52,0.233,1.291
dash,Chicken And Avocado Salad,asian,57.41,114.18,235.61,10/16/2022,20:36:59,0.503,0.485
dash,Vegan Nachos,american,119.72,312.06,136.44,10/16/2022,20:36:59,0.384,2.287
dash,BBQ Chicken Tacos with Red Cabbage Slaw,mexican,80.86,173.4,13.31,10/16/2022,20:36:59,0.466,13.028
dash,Fresh Fennel and Red Pepper Chow-Chow,italian,9.56,156.79,73.52,10/16/2022,20:36:59,0.061,2.133
dash,Jarlsberg® Cheesy Corn Muffins,british,86.85,324.54,221.89,10/16/2022,20:36:59,0.268,1.463
dash,Creamy Clam Chowder,american,106.41,148.0,70.36,10/16/2022,20:36:59,0.719,2.103
dash,Buttery Apple Crumble,british,49.06,528.35,128.98,10/16/2022,20:36:59,0.093,4.096
dash,Sour Cream-Chicken Enchiladas,mexican,434.75,317.89,312.75,10/16/2022,20:36:59,1.368,1.016
dash,Garlic Cheese Bread,italian,198.49,177.69,416.73,10/16/2022,20:36:59,1.117,0.426
dash,Skillet Steak with Mushroom Sauce,american,99.25,58.82,61.16,10/16/2022,20:36:59,1.687,0.962
dash,Keto Breaded Shrimp,mediterranean,152.34,12.96,142.33,10/16/2022,20:36:59,11.755,0.091
dash,Hot Cocoa with Tipsy Peppermint Marshmallows,american,135.35,574.6,52.75,10/16/2022,20:36:59,0.236,10.893
dash,Samuel Adams OctoberFest Soft Pretzel,american,59.75,421.13,33.44,10/16/2022,20:36:59,0.142,12.594
dash,Garlic Cashew Chicken,south american,130.32,54.75,161.96,10/16/2022,20:36:59,2.38,0.338
dash,Salad With Caramelized Fennel And Apples,mediterranean,23.16,55.26,69.17,10/16/2022,20:36:59,0.419,0.799
dash,Grilled Salmon with Kale Sauté,nordic,65.86,19.13,42.0,10/16/2022,20:36:59,3.443,0.455
dash,Perfect Guacamole,mexican,9.64,45.21,59.22,10/16/2022,20:36:59,0.213,0.763
dash,Polish Style Nachos,mexican,143.73,308.56,260.77,10/16/2022,20:36:59,0.466,1.183
dash,Quick Punjabi Dal Fry,indian,55.03,152.18,51.74,10/16/2022,20:36:59,0.362,2.941
dash,The Ultimate Cheesecake,american,54.89,433.72,291.48,10/16/2022,20:36:59,0.127,1.488
dash,Crustless Broccoli Quiche,french,55.57,61.83,48.54,10/16/2022,20:37:06,0.899,1.274
dash,Old Fashioned,world,0.12,9.66,0.02,10/16/2022,20:37:06,0.012,483.0
dash,"Grilled Chicken, Mango, and Jicama Salad with Tequila-Lime Vinaigrette",american,247.16,119.4,78.32,10/16/2022,20:37:06,2.07,1.525
dash,Mediterranean Quinoa Bowl,mediterranean,65.37,233.41,74.62,10/16/2022,20:37:06,0.28,3.128
dash,Smashed Raspberry Chocolate Chunk Pancakes,american,33.11,160.57,63.97,10/16/2022,20:37:06,0.206,2.51
dash,Aunt Trish's Salad Dressing,american,16.96,25.42,172.45,10/16/2022,20:37:06,0.667,0.147
dash,"Halibut ""Lobster"" Roll with Green Goddess Slaw",south east asian,83.48,37.02,41.84,10/16/2022,20:37:06,2.255,0.885
dash,Tuna Melt,american,99.25,72.94,40.35,10/16/2022,20:37:06,1.361,1.808
dash,Double Crust Cherry Pie,american,45.17,549.08,201.12,10/16/2022,20:37:06,0.082,2.73
dash,Latke-Maki,japanese,38.76,321.27,215.81,10/16/2022,20:37:06,0.121,1.489
dash,Sticky Sesame Wings recipes,chinese,245.19,56.22,191.61,10/16/2022,20:37:06,4.361,0.293
dash,Spinach-and-Watermelon Salad,middle eastern,9.54,71.32,8.83,10/16/2022,20:37:06,0.134,8.077
dash,Rigatoni with Kale Pesto,italian,100.29,382.32,148.04,10/16/2022,20:37:06,0.262,2.583
dash,Butternut Buttermilk Biscuits,american,47.9,364.29,124.87,10/16/2022,20:37:06,0.131,2.917
dash,Tiny Meat Cakes (Bolos de Carne),mexican,100.98,26.94,59.47,10/16/2022,20:37:06,3.748,0.453
dash,Hamburger And Macaroni,italian,135.67,757.61,120.41,10/16/2022,20:37:06,0.179,6.292
dash,Game Day Chicken Wings,american,279.2,21.12,469.5,10/16/2022,20:37:06,13.22,0.045
dash,Goodbye Summer Salad,american,60.48,54.5,102.75,10/16/2022,20:37:06,1.11,0.53
dash,Tomato and Shrimp Stew,american,117.64,153.72,34.16,10/16/2022,20:37:06,0.765,4.5
dash,Mexi-Latkes recipes,kosher,31.3,182.24,264.75,10/16/2022,20:37:13,0.172,0.688
dash,Tulsi Tamatar Shorba,mediterranean,13.74,82.25,38.29,10/16/2022,20:37:13,0.167,2.148
dash,Shrimp “Egg Roll” Stir Fry,chinese,27.22,22.4,8.0,10/16/2022,20:37:13,1.215,2.8
dash,Gluten-Free Winter Squash Gnocchi recipes,italian,19.82,137.94,43.56,10/16/2022,20:37:13,0.144,3.167
dash,Kid Friendly Pasta Salad,american,121.47,282.11,221.64,10/16/2022,20:37:13,0.431,1.273
dash,Southwestern Breakfast Tostadas,american,29.53,47.08,23.4,10/16/2022,20:37:13,0.627,2.012
dash,Elliott's Easy Chocy Pudding,british,27.26,188.63,86.85,10/16/2022,20:37:13,0.145,2.172
dash,"Spicy, Peanutty Udon with Kale",american,32.54,85.66,35.11,10/16/2022,20:37:13,0.38,2.44
dash,Always Wonderful Refried Bean Dip,mexican,148.19,436.35,22.94,10/16/2022,20:37:13,0.34,19.021
dash,The Ultimate Cheesecake,american,68.34,442.95,369.14,10/16/2022,20:37:13,0.154,1.2
dash,Grilled Burgers with Curry Mustard,american,83.13,110.24,83.21,10/16/2022,20:37:13,0.754,1.325
dash,Stuffed Potatoes With Mushrooms,nordic,47.73,263.16,59.28,10/16/2022,20:37:13,0.181,4.439
dash,Grilled Flat Iron Steak with Pistachio Pesto Butter,italian,175.12,13.27,319.23,10/16/2022,20:37:13,13.197,0.042
dash,Lasagna Bella,italian,77.58,82.52,45.57,10/16/2022,20:37:13,0.94,1.811
dash,Asian Ketchup – “Cheater Method”,asian,19.45,146.57,8.88,10/16/2022,20:37:13,0.133,16.506
dash,Lightened-Up Chicken Caesar Platter recipes,mediterranean,51.04,26.35,83.95,10/16/2022,20:37:13,1.937,0.314
dash,Individual Cherry Almond Crisps,french,39.22,526.16,342.95,10/16/2022,20:37:13,0.075,1.534
dash,Hot Brown Burgers Recipe,american,146.68,73.99,369.77,10/16/2022,20:37:13,1.982,0.2
dash,Red Wine-Braised Lentils With (Veggie) Sausage,british,53.44,144.3,31.19,10/16/2022,20:37:19,0.37,4.626
dash,Kiddie (Goat) Stew,french,423.02,97.36,131.29,10/16/2022,20:37:19,4.345,0.742
dash,Jane's Crab Cakes,american,180.27,37.27,167.2,10/16/2022,20:37:19,4.837,0.223
dash,Steak with Smothered Caramelized Onion (Bistec Encebollado),american,192.47,50.95,393.12,10/16/2022,20:37:19,3.778,0.13
dash,Mocha Buttercream Cake recipes,american,78.6,1166.97,426.07,10/16/2022,20:37:19,0.067,2.739
dash,No-Bake Orange And Cream Pie,american,37.03,425.78,285.12,10/16/2022,20:37:19,0.087,1.493
dash,Chocolate Whiskey Tangerine Pie,american,81.4,533.83,409.52,10/16/2022,20:37:19,0.152,1.304
dash,Posole,american,99.16,83.4,36.92,10/16/2022,20:37:19,1.189,2.259
dash,Tilapia with a Neo-Soul Touch,mediterranean,87.56,121.6,125.1,10/16/2022,20:37:19,0.72,0.972
dash,Slow Cooker Shredded Pork with 'Skillet Apples',american,255.77,199.43,160.89,10/16/2022,20:37:19,1.283,1.24
dash,Chocolate Waffles with a Fresh Raspberry Syrup,american,58.18,417.01,220.63,10/16/2022,20:37:19,0.14,1.89
dash,Cook the Book: Cherry Tomato and Tofu Salad,asian,56.28,20.64,49.31,10/16/2022,20:37:19,2.727,0.419
dash,Gina's Simple Lemon Bars,american,54.98,595.01,192.04,10/16/2022,20:37:19,0.092,3.098
dash,Sweet Potato Casserole Trifle Recipe,american,39.71,377.61,414.27,10/16/2022,20:37:19,0.105,0.912
dash,Steamed Meat Bao with Preserved Vegetables,american,95.55,234.64,79.52,10/16/2022,20:37:19,0.407,2.951
dash,Turkey Meatballs,american,171.34,58.53,92.37,10/16/2022,20:37:19,2.927,0.634
dash,Asparagus Wrapped in Prosciutto,italian,77.41,12.4,96.55,10/16/2022,20:37:19,6.243,0.128
dash,Loco Moco,mexican,163.31,80.29,346.56,10/16/2022,20:37:26,2.034,0.232
dash,Not Red Velvet Cake With Fudge Glaze,american,64.86,736.98,242.18,10/16/2022,20:37:26,0.088,3.043
dash,Summer Melon and Ham Salad with Burrata and Chile,italian,49.86,139.98,63.23,10/16/2022,20:37:26,0.356,2.214
dash,Warm German Potato Salad,central europe,63.59,173.98,140.3,10/16/2022,20:37:26,0.366,1.24
dash,Spinach-Turkey Roll-Ups,american,28.47,7.15,25.42,10/16/2022,20:37:26,3.982,0.281
dash,Vegetarian Green Chile Recipe,mexican,9.34,52.88,2.28,10/16/2022,20:37:26,0.177,23.193
dash,Fal Harvest Quinoa Salad,american,28.64,157.66,42.75,10/16/2022,20:37:26,0.182,3.688
dash,"Cook the Book: Tomato, Montrachet, and Basil Salad",american,13.44,50.88,64.42,10/16/2022,20:37:26,0.264,0.79
dash,Frozen Pina Colada with Mango Puree,world,5.49,117.69,13.74,10/16/2022,20:37:26,0.047,8.566
dash,Dreamy Apple Pie recipes,american,26.63,483.85,246.3,10/16/2022,20:37:26,0.055,1.964
dash,Chocolate Cream Puffs with Salted Caramel Custard Filling,american,62.7,588.39,235.07,10/16/2022,20:37:26,0.107,2.503
dash,Cherry Almond Crisp,american,49.43,650.46,346.01,10/16/2022,20:37:26,0.076,1.88
dash,Catfish with Red Pepper Sauce,american,21.06,19.43,34.77,10/16/2022,20:37:26,1.084,0.559
dash,Restorative Turmeric Elixir,mediterranean,1.82,29.21,0.58,10/16/2022,20:37:26,0.062,50.362
dash,Bake Me Crazy Chicken with Gravy,american,145.68,76.57,125.32,10/16/2022,20:37:26,1.903,0.611
dash,Strawberry Goat Cheese Oat Pie with Whipped Goat Cheese,american,70.35,174.17,159.67,10/16/2022,20:37:33,0.404,1.091
dash,Lime Caesar Salad,american,26.9,43.45,90.48,10/16/2022,20:37:33,0.619,0.48
dash,Couscous with Mushrooms & Sun-Dried Tomatoes,italian,51.57,237.83,12.24,10/16/2022,20:37:33,0.217,19.431
dash,Cream of Spinach Bake,american,38.64,35.86,42.98,10/16/2022,20:37:33,1.078,0.834
dash,Sweet Challah,french,61.96,354.83,60.53,10/16/2022,20:37:33,0.175,5.862
dash,"Brussels Sprout Stir Fry With Egg, Chilli, Ginger And Garlic",chinese,36.52,306.37,24.63,10/16/2022,20:37:33,0.119,12.439
dash,Classic Shrimp Roll,american,115.87,132.85,34.84,10/16/2022,20:37:33,0.872,3.813
dash,Red Pepper-and-Pear Soup,french,34.13,160.31,45.42,10/16/2022,20:37:33,0.213,3.53
dash,Chicken and Dumplings,american,274.06,134.61,211.06,10/16/2022,20:37:33,2.036,0.638
dash,Black Cat Sandwich Cookies,american,29.35,430.88,109.86,10/16/2022,20:37:33,0.068,3.922
dash,"101 ""Whaler"" Fish Sandwich",american,166.86,291.0,206.96,10/16/2022,20:37:33,0.573,1.406
dash,Seafood Soup,american,70.67,70.08,7.64,10/16/2022,20:37:33,1.008,9.173
dash,Early Girl Tomato Soup,french,7.22,33.34,26.6,10/16/2022,20:37:33,0.217,1.253
dash,Spiced Carrot-Butternut Squash Soup with Pine Nut Cream,american,30.0,116.45,116.06,10/16/2022,20:37:33,0.258,1.003
dash,Vanilla Date Pudding,british,38.76,343.76,94.42,10/16/2022,20:37:33,0.113,3.641
dash,Sweet 'N Spicy Red Eye Ham Steaks With Cheese Grits And Seared Chard,american,215.37,172.29,174.02,10/16/2022,20:37:33,1.25,0.99
dash,Apple-Cranberry Crumb Pie,american,13.61,578.56,25.03,10/16/2022,20:37:33,0.024,23.115
dash,The Addictive Pot Stickers,chinese,204.27,303.45,110.41,10/16/2022,20:37:33,0.673,2.748
dash,PB 'n Chocolate Bread Pudding Bonanza,british,43.47,186.05,58.66,10/16/2022,20:37:33,0.234,3.172
dash,Time for a Drink: the 151 Swizzle Recipe,british,0.1,12.31,0.02,10/16/2022,20:37:40,0.008,615.5
dash,Turkey Meatball Sandwich,american,169.52,201.71,130.74,10/16/2022,20:37:40,0.84,1.543
dash,cream of tomato soup with orzo,american,40.34,154.42,61.38,10/16/2022,20:37:40,0.261,2.516
dash,Beet Spinach Salad (Mint And Raspberries),middle eastern,9.9,59.34,55.7,10/16/2022,20:37:40,0.167,1.065
dash,Gertie’s Crab Cakes,mediterranean,88.64,16.1,119.92,10/16/2022,20:37:40,5.506,0.134
dash,Date Butterscotch Pancakes,american,40.75,330.86,182.0,10/16/2022,20:37:40,0.123,1.818
dash,Baked Chicken Tenders,american,142.56,226.86,286.38,10/16/2022,20:37:40,0.628,0.792
dash,Stuffed Main Lobster,american,340.2,195.57,158.58,10/16/2022,20:37:40,1.74,1.233
dash,Quick Chicken Cacciatore,italian,93.61,51.65,25.34,10/16/2022,20:37:40,1.812,2.038
dash,Salisbury Steak with Onion Gravy,american,207.91,100.43,195.49,10/16/2022,20:37:40,2.07,0.514
dash,Chicken Souvlaki Salad,mediterranean,105.26,42.11,96.52,10/16/2022,20:37:40,2.5,0.436
dash,Drink the Book: The Dahlgren Recipe,world,1.83,94.39,0.7,10/16/2022,20:37:40,0.019,134.843
dash,Individual Cherry Almond Crisps recipes,american,49.43,650.46,346.01,10/16/2022,20:37:40,0.076,1.88
dash,Soba Noodle Broth with Chicken,asian,87.96,136.87,34.0,10/16/2022,20:37:40,0.643,4.026
dash,Mini Vanilla Scones with Vanilla Bean Glaze,british,54.95,937.12,262.76,10/16/2022,20:37:40,0.059,3.566
dash,Smoky Pear & Ginger Margarita,world,0.68,24.6,0.24,10/16/2022,20:37:46,0.028,102.5
dash,Butternut Squash Soup with Spiced Seeds,american,39.32,215.7,59.78,10/16/2022,20:37:46,0.182,3.608
dash,Creamy Stove-Top Mac and Cheese,american,170.47,404.64,245.26,10/16/2022,20:37:46,0.421,1.65
dash,Scrambled Egg Burritos,mexican,24.04,62.54,33.16,10/16/2022,20:37:46,0.384,1.886
dash,Leek And Comté Tartlets,french,31.84,38.97,68.42,10/16/2022,20:37:46,0.817,0.57
dash,Blue Cheese-Topped Steaks,american,98.69,16.43,94.04,10/16/2022,20:37:46,6.007,0.175
dash,Easy Green Gazpacho,mediterranean,16.9,88.24,83.5,10/16/2022,20:37:46,0.192,1.057
dash,Citrus Dressing and Arugula Salad,mediterranean,33.27,93.71,252.59,10/16/2022,20:37:46,0.355,0.371
dash,Chicken and Onion Kebabs,american,185.38,167.8,36.71,10/16/2022,20:37:46,1.105,4.571
dash,Beef Stew In Red Wine Sauce,american,227.75,96.07,139.91,10/16/2022,20:37:46,2.371,0.687
dash,Quick Paella,american,139.15,442.48,54.34,10/16/2022,20:37:46,0.314,8.143
dash,Classic Chicken Parmigiana,italian,310.39,158.83,98.56,10/16/2022,20:37:46,1.954,1.612
dash,Scoopy Salmon Salad,nordic,40.55,13.2,9.04,10/16/2022,20:37:46,3.072,1.46
dash,Mini Grilled Artichoke Hearts with Low Fat Spinach and Artichoke Dip,mediterranean,90.58,107.23,72.04,10/16/2022,20:37:46,0.845,1.488
dash,Christmas Eve Seafood Salad,mediterranean,421.73,83.36,69.74,10/16/2022,20:37:46,5.059,1.195
dash,Hazelnut-Pear Soufflé Recipe,french,43.06,411.15,51.88,10/16/2022,20:37:46,0.105,7.925
dash,"Potato, Porcini And Squash Gratin",french,88.74,252.69,184.56,10/16/2022,20:37:53,0.351,1.369
dash,Ceviche-Style Shrimp and Chips,south american,74.92,108.51,43.39,10/16/2022,20:37:53,0.69,2.501
dash,Shrimp Cocktail recipes,american,28.52,114.27,3.39,10/16/2022,20:37:53,0.25,33.708
dash,Easy cucumber peanut salad--Thai style,south east asian,39.42,92.91,52.35,10/16/2022,20:37:53,0.424,1.775
dash,Fresh Tomato Pie,italian,69.68,139.83,164.17,10/16/2022,20:37:53,0.498,0.852
dash,Oven-Roasted Spicy Potatoes and Glazed Carrots,italian,59.95,651.14,111.13,10/16/2022,20:37:53,0.092,5.859
dash,Baked Alaskas,french,115.08,312.14,65.99,10/16/2022,20:37:53,0.369,4.73
dash,Bread Salad,american,44.09,153.84,86.03,10/16/2022,20:37:53,0.287,1.788
dash,Spanish Chicken,mediterranean,252.59,217.32,213.23,10/16/2022,20:37:53,1.162,1.019
dash,Pumpkin Spice-Cream,american,73.33,351.16,91.91,10/16/2022,20:37:53,0.209,3.821
dash,Broccoli Biscuit Squares,american,200.94,193.97,235.72,10/16/2022,20:37:53,1.036,0.823
dash,Sweet Jewel Box Cookies,italian,54.63,543.54,197.01,10/16/2022,20:37:53,0.101,2.759
dash,Garlic roasted potato and spinach (or cauliflower) curry,south east asian,40.31,241.4,14.76,10/16/2022,20:37:53,0.167,16.355
dash,Classic Wedge Salad with Blue Cheese Dressing recipes,mediterranean,42.53,30.13,154.3,10/16/2022,20:37:53,1.412,0.195
dash,Candied Sweet Potato Ricotta Tart,south american,38.28,179.53,117.32,10/16/2022,20:37:53,0.213,1.53
dash,Brown Butter Pecan Pie,american,81.46,860.34,463.21,10/16/2022,20:37:53,0.095,1.857
dash,Fresh Crab Springrolls,south east asian,129.64,198.43,122.16,10/16/2022,20:37:53,0.653,1.624
dash,Flank Steak Tostadas,south american,67.9,114.46,54.53,10/16/2022,20:37:53,0.593,2.099
dash,Fallen Chocolate Cake with Cherry Red Wine Sauce,french,63.83,579.87,99.45,10/16/2022,20:38:00,0.11,5.831
dash,Blackened Catfish,indian,100.98,21.68,155.19,10/16/2022,20:38:00,4.658,0.14
dash,Ropa Vieja,caribbean,380.12,78.55,288.35,10/16/2022,20:38:00,4.839,0.272
dash,Chicken Parmesan with Broccolini,italian,70.21,41.05,30.67,10/16/2022,20:38:00,1.71,1.338
dash,Sopa de Lima - Mexican Chicken Lime Soup,mexican,179.81,101.55,106.95,10/16/2022,20:38:00,1.771,0.95
dash,Les Oeufs Jeannette,american,50.71,14.05,122.47,10/16/2022,20:38:00,3.609,0.115
dash,The Kale Mary Recipe,american,5.26,14.06,1.01,10/16/2022,20:38:00,0.374,13.921
dash,Hot Fudge Hat,american,40.21,442.35,213.56,10/16/2022,20:38:00,0.091,2.071
dash,Thai Beef Salad,south east asian,105.25,78.69,67.46,10/16/2022,20:38:00,1.338,1.166
dash,Paula Deen's Crab and Spinach Casserole,italian,248.3,167.04,147.31,10/16/2022,20:38:00,1.486,1.134
dash,Chilli Paneer,indian,58.34,97.07,20.16,10/16/2022,20:38:00,0.601,4.815
dash,Salmon and Asparagus Wraps,nordic,36.32,59.09,12.08,10/16/2022,20:38:00,0.615,4.892
dash,Apple Spinach Salad With Zippy Dressing,mediterranean,13.44,75.06,46.69,10/16/2022,20:38:00,0.179,1.608
dash,Sweet Potato & Spinach Dal,central europe,61.47,175.5,31.64,10/16/2022,20:38:00,0.35,5.547
dash,Chicken Salad with Asian Vinaigrette,asian,108.51,31.19,39.27,10/16/2022,20:38:00,3.479,0.794
dash,Fusilli with Basil Shiso Parmigiano-Reggiano Pesto,italian,34.63,81.23,102.17,10/16/2022,20:38:00,0.426,0.795
dash,Asian Meatballs with Shitake Mushrooms recipes,japanese,98.3,49.13,68.5,10/16/2022,20:38:00,2.001,0.717
dash,Veggie-Filled Burgers,nordic,91.74,117.89,37.23,10/16/2022,20:38:07,0.778,3.167
dash,Vegan Mediterranean Pita Pockets,american,120.28,197.28,115.53,10/16/2022,20:38:07,0.61,1.708
dash,Smokey Red Pepper Risotto with Pimentón,italian,75.01,307.04,33.42,10/16/2022,20:38:07,0.244,9.187
dash,Giant Beans Baked with Sorrel,american,35.3,147.08,223.91,10/16/2022,20:38:07,0.24,0.657
dash,Rosemary Cauliflower Soup,french,17.92,94.84,41.29,10/16/2022,20:38:07,0.189,2.297
dash,Greek Lemon Soup —Avgolemono,mediterranean,83.64,212.01,26.48,10/16/2022,20:38:07,0.395,8.006
dash,Grits and Sausage Casserole,italian,88.86,134.81,91.7,10/16/2022,20:38:07,0.659,1.47
dash,Lemon Rosemary Scones,british,57.52,948.19,285.25,10/16/2022,20:38:07,0.061,3.324
dash,Big Blue Buffalo Jala' Poppers,american,43.99,78.68,45.7,10/16/2022,20:38:07,0.559,1.722
dash,My Caesar Salad,american,39.2,96.25,178.76,10/16/2022,20:38:07,0.407,0.538
dash,Banana Chocolate Chip Cake,american,60.67,652.83,176.61,10/16/2022,20:38:07,0.093,3.696
dash,Rhubarb Berry Pie,central europe,16.94,275.56,61.79,10/16/2022,20:38:07,0.061,4.46
dash,Southern Yellow-Squash Casserole,italian,172.47,371.15,324.63,10/16/2022,20:38:07,0.465,1.143
dash,Trout Parmesan,french,418.33,347.7,519.37,10/16/2022,20:38:07,1.203,0.669
dash,Ham and Cheese Chicken,italian,167.25,27.17,53.89,10/16/2022,20:38:07,6.156,0.504
dash,The Ultimate Fully-Loaded Bloody Mary Recipe,world,1.69,8.33,0.55,10/16/2022,20:38:07,0.203,15.145
dash,"Tomato, Cucumber, and Fresh Herb Salad",mediterranean,34.89,52.87,135.0,10/16/2022,20:38:07,0.66,0.392
dash,Sweet & Savory Peach Tart,american,29.44,169.03,164.26,10/16/2022,20:38:07,0.174,1.029
dash,Cajun BBQ Chicken,american,111.01,135.57,38.95,10/16/2022,20:38:13,0.819,3.481
dash,Slow-Cooked Venison,french,423.07,149.48,103.45,10/16/2022,20:38:13,2.83,1.445
dash,English Pea Salad,british,125.12,276.04,149.07,10/16/2022,20:38:13,0.453,1.852
dash,Pasta Salad with Tomatoes and Grilled Salmon,nordic,243.23,328.71,144.12,10/16/2022,20:38:13,0.74,2.281
dash,Ginger Tofu Stir-Fry,asian,28.31,39.49,35.86,10/16/2022,20:38:13,0.717,1.101
dash,Mushroom Pie,british,75.84,112.14,194.46,10/16/2022,20:38:13,0.676,0.577
dash,Susan Feniger's Kaya Toast,south east asian,39.43,241.45,95.03,10/16/2022,20:38:13,0.163,2.541
dash,Rustic Plum-and-Almond Tart,french,42.82,341.54,66.27,10/16/2022,20:38:13,0.125,5.154
dash,Pull-Apart Bread,american,81.82,1238.87,248.68,10/16/2022,20:38:13,0.066,4.982
dash,Caesar Salad with Baby Romaine,mexican,46.73,112.64,89.06,10/16/2022,20:38:13,0.415,1.265
dash,Homemade Ranch Dressing,american,6.43,12.16,201.69,10/16/2022,20:38:13,0.529,0.06
dash,Red berry fruit compote (German rote grütze),american,34.32,196.14,37.01,10/16/2022,20:38:13,0.175,5.3
dash,Herring and Apple Salad,british,98.93,44.22,52.24,10/16/2022,20:38:13,2.237,0.846
dash,Christmas chocolate yule log,nordic,81.29,787.82,525.49,10/16/2022,20:38:13,0.103,1.499
dash,Grilled Vegetable Sandwiches,mediterranean,50.31,199.05,81.23,10/16/2022,20:38:13,0.253,2.45
dash,Double Winter Delights,middle eastern,36.47,96.83,35.48,10/16/2022,20:38:13,0.377,2.729
dash,Tomatoey Shrimp and Polenta,italian,61.31,99.14,15.23,10/16/2022,20:38:13,0.618,6.51
dash,Chop-Chop Beef Stir-Fry,chinese,34.66,25.15,22.12,10/16/2022,20:38:13,1.378,1.137
dash,Buche De Noel,french,52.37,530.77,137.42,10/16/2022,20:38:13,0.099,3.862
dash,Grilled Snapper with Red Pepper Sauce,south american,120.65,20.65,35.72,10/16/2022,20:38:20,5.843,0.578
dash,Broad bean and runner bean risotto,italian,65.08,314.49,102.18,10/16/2022,20:38:20,0.207,3.078
dash,Snapper Piccata,italian,120.02,11.85,33.02,10/16/2022,20:38:20,10.128,0.359
dash,Grilled Apples with Herbes de Provence and Micro Greens,american,7.74,93.4,77.17,10/16/2022,20:38:20,0.083,1.21
dash,Italian Seafood Salad (Insalata di Mare) Recipe,italian,272.1,82.36,264.57,10/16/2022,20:38:20,3.304,0.311
dash,Chinese Braised Shrimp E-Fu Noodles (伊麵 - Yee Mein),asian,62.17,256.65,18.66,10/16/2022,20:38:20,0.242,13.754
dash,Chicken Fajita Bar Party!,american,366.0,68.53,154.22,10/16/2022,20:38:20,5.341,0.444
dash,Ultra Moist Carrot Cake recipes,american,76.66,904.06,327.66,10/16/2022,20:38:20,0.085,2.759
dash,Creole Red Snapper,american,143.96,23.58,23.81,10/16/2022,20:38:20,6.105,0.99
dash,Hachis Parmentier,french,28.24,129.69,44.58,10/16/2022,20:38:20,0.218,2.909
dash,A Little Fruit with My Crisp,american,60.88,628.45,274.77,10/16/2022,20:38:20,0.097,2.287
dash,Smoked Fish & Cherry Tomato Rarebit,italian,232.28,126.99,163.44,10/16/2022,20:38:20,1.829,0.777
dash,'Dragon prawn' noodles,asian,165.01,267.89,49.48,10/16/2022,20:38:20,0.616,5.414
dash,Instant Pot Adobo Chicken Thighs with Bok Choy & Green Onions,chinese,119.35,41.79,66.65,10/16/2022,20:38:20,2.856,0.627
dash,"Zucchini, Kale And Onion Quiche",french,61.82,184.89,137.5,10/16/2022,20:38:20,0.334,1.345
dash,Christmas Sugar Wafers with Vanilla Icing,american,27.16,386.56,54.21,10/16/2022,20:38:20,0.07,7.131
dash,Demon Pork,american,93.98,0.22,49.97,10/16/2022,20:38:20,427.182,0.004
dash,English Pea Salad recipes,british,125.12,276.04,149.07,10/16/2022,20:38:20,0.453,1.852
dash,Savory Stuffed Acorn Squash,american,55.43,211.39,22.19,10/16/2022,20:38:27,0.262,9.526
dash,Roasted Sicilian Potatoes,italian,23.73,222.52,57.55,10/16/2022,20:38:27,0.107,3.867
dash,Happy Birthday Pancakes Recipe,french,19.52,88.59,74.39,10/16/2022,20:38:27,0.22,1.191
dash,CINNAMON ROLLS with COCONUT FROSTING & CARAMEL RAISIN FILLING recipes,american,50.73,649.31,66.02,10/16/2022,20:38:27,0.078,9.835
dash,Un-Fried Chicken,american,283.53,198.39,384.62,10/16/2022,20:38:27,1.429,0.516
dash,Skillet-Roasted Citrus Salmon with Grilled Vegetables,nordic,123.83,75.03,104.1,10/16/2022,20:38:27,1.65,0.721
dash,Chinois Grilled Lamb Chops,chinese,220.84,68.4,689.02,10/16/2022,20:38:27,3.229,0.099
dash,Salmon Mousse,nordic,1239.47,22.4,983.36,10/16/2022,20:38:27,55.333,0.023
dash,Sunny's Warm German Potato Salad,central europe,42.93,127.64,93.71,10/16/2022,20:38:27,0.336,1.362
dash,Gordon Ramsay's Christmas Pudding,british,80.69,922.26,264.56,10/16/2022,20:38:27,0.087,3.486
dash,"Penne With Chicken, Chorizo And Chile",mediterranean,172.16,341.05,161.09,10/16/2022,20:38:27,0.505,2.117
dash,Squash Casserole from 'Mastering the Art of Southern Cooking',american,132.65,235.16,463.56,10/16/2022,20:38:27,0.564,0.507
dash,Fresh Cheese And Cilantro Dip,mediterranean,17.26,22.3,16.45,10/16/2022,20:38:27,0.774,1.356
dash,Peppermint Patty Sheet Cake,american,49.45,1066.72,200.63,10/16/2022,20:38:27,0.046,5.317
dash,Tuna Burgers With Lemon Paprika Aioli,mediterranean,67.16,57.33,110.11,10/16/2022,20:38:27,1.171,0.521
dash,Potato Gateau,mediterranean,176.76,224.46,221.7,10/16/2022,20:38:27,0.787,1.012
dash,Gazpacho,italian,13.19,63.67,58.29,10/16/2022,20:38:27,0.207,1.092
dash,Arugula Salad with Chicken and Apricots,mediterranean,83.16,36.04,59.89,10/16/2022,20:38:27,2.307,0.602
dash,Seared Spiced Tuna With Zucchini,italian,62.56,27.81,57.81,10/16/2022,20:38:27,2.25,0.481
dash,French style lemon yogurt cake with fresh basil,french,49.82,357.35,163.89,10/16/2022,20:38:33,0.139,2.18
dash,Turkey Burger Pitas with Tahini Sauce,american,113.57,70.03,62.69,10/16/2022,20:38:33,1.622,1.117
dash,Mediterranean Pita Melts,mediterranean,46.57,139.71,37.7,10/16/2022,20:38:33,0.333,3.706
dash,Deep Dark Chocolate Layer Cake,american,68.46,1027.98,177.08,10/16/2022,20:38:33,0.067,5.805
dash,Healthy & Delicious: Italian Egg-Drop Soup Recipe,italian,113.9,193.71,47.54,10/16/2022,20:38:33,0.588,4.075
dash,Warm Brownie Pudding Slow-Cooker Dessert,french,40.09,538.92,71.08,10/16/2022,20:38:33,0.074,7.582
dash,Beautiful Lamb Shanks,middle eastern,370.1,154.13,307.04,10/16/2022,20:38:33,2.401,0.502
dash,Bacon And Tomato Salad,american,57.16,70.62,281.46,10/16/2022,20:38:33,0.809,0.251
dash,Easy Caramel Apple upside-down cake,american,65.34,710.83,190.01,10/16/2022,20:38:33,0.092,3.741
dash,Black Bean Burgers,american,77.08,309.03,45.43,10/16/2022,20:38:33,0.249,6.802
dash,"Spinach, Green Onion, and Smoked Gouda Quiche",french,70.65,141.46,129.23,10/16/2022,20:38:33,0.499,1.095
dash,Crab Cakes Chiarello with Shaved Fennel Salad,italian,193.07,116.06,500.84,10/16/2022,20:38:33,1.664,0.232
dash,Creamy Cabbage Soup with Chive Oil and Cumin Seeds,eastern europe,21.88,66.11,133.42,10/16/2022,20:38:33,0.331,0.496
dash,Cherry Tomato and Watermelon Salad,south american,11.14,70.22,58.18,10/16/2022,20:38:33,0.159,1.207
dash,Pasta e Fagioli,italian,139.39,321.44,87.42,10/16/2022,20:38:33,0.434,3.677
dash,Fresh Tomato Sandwiches,italian,39.91,63.19,37.71,10/16/2022,20:38:33,0.632,1.676
dash,Winter Fruit Compote with Selection of Cheese,eastern europe,19.85,411.72,19.35,10/16/2022,20:38:33,0.048,21.278
dash,Baked French Toast Casserole with Maple Syrup,american,128.81,541.41,374.69,10/16/2022,20:38:40,0.238,1.445
dash,The Ultimate Rosemary BLT recipes,american,167.72,603.67,318.46,10/16/2022,20:38:40,0.278,1.896
dash,The Michelada,world,4.01,31.24,0.14,10/16/2022,20:38:40,0.128,223.143
dash,Artichoke Fritters,mediterranean,44.63,174.64,69.66,10/16/2022,20:38:40,0.256,2.507
dash,Sticky Date and Coconut Cake,american,32.29,667.58,96.44,10/16/2022,20:38:40,0.048,6.922
dash,Indian Spiced Swiss Chard,indian,25.08,80.76,4.99,10/16/2022,20:38:40,0.311,16.184
dash,Cranberry Salsa recipes,american,1.58,86.84,0.52,10/16/2022,20:38:40,0.018,167.0
dash,Fried Onion Dip,american,11.26,45.62,100.02,10/16/2022,20:38:40,0.247,0.456
dash,Buffalo Chicken Salad,american,78.28,20.3,148.43,10/16/2022,20:38:40,3.856,0.137
dash,Amish Pumpkin Cinnamon Rolls with Caramel Icing recipes,american,56.31,494.69,107.09,10/16/2022,20:38:40,0.114,4.619
dash,Cranberry-orange cloud ice cream,american,20.8,366.9,56.27,10/16/2022,20:38:40,0.057,6.52
dash,Garlic and Herb Roast Pork and Vegetables,mediterranean,235.78,156.25,140.79,10/16/2022,20:38:40,1.509,1.11
dash,Pecan and Cranberry Crusted Salmon with Cran-Apple Drizzle,american,149.3,216.12,170.76,10/16/2022,20:38:40,0.691,1.266
dash,Dad's Chorizo and Egg Breakfast Tacos,mediterranean,50.96,127.37,83.64,10/16/2022,20:38:40,0.4,1.523
dash,Sweet Potato and Poblano Salad with Honey and Rosemary,south american,21.2,276.24,74.68,10/16/2022,20:38:40,0.077,3.699
dash,"Spicy, Creamy Chickpeas & Spinach (Chana Saag-ish)",indian,83.76,238.44,118.21,10/16/2022,20:38:40,0.351,2.017
dash,Tomato Bon Bons,american,187.36,261.5,1180.89,10/16/2022,20:38:47,0.716,0.221
dash,Lasagne that used to be Manicotti,italian,487.56,618.19,466.13,10/16/2022,20:38:47,0.789,1.326
dash,The Perfect Potato Chip,american,40.71,281.17,25.54,10/16/2022,20:38:47,0.145,11.009
dash,Cobb Salad recipes,american,290.17,147.07,594.46,10/16/2022,20:38:47,1.973,0.247
dash,Quinoa Pilau,south american,26.28,126.28,51.7,10/16/2022,20:38:47,0.208,2.443
dash,Vegetable Sushi with Asian Dipping Sauce,japanese,21.74,101.81,74.18,10/16/2022,20:38:47,0.214,1.372
dash,Old Bay Green Bean Casserole with Crab Recipe,american,81.74,160.38,91.31,10/16/2022,20:38:47,0.51,1.756
dash,Sour Cream Mushroom Soup,american,63.73,116.71,45.05,10/16/2022,20:38:47,0.546,2.591
dash,Potato Gnocchi with Lemon-Thyme Sauce,mediterranean,25.61,159.87,88.42,10/16/2022,20:38:47,0.16,1.808
dash,Roasted Oysters with Lemon-Anise Stuffing,mediterranean,80.02,81.98,34.97,10/16/2022,20:38:47,0.976,2.344
dash,Das Pear Pineapple Strudel,american,7.0,104.57,83.1,10/16/2022,20:38:47,0.067,1.258
dash,Berrylicious Sour Cream Pie,american,26.11,448.18,89.37,10/16/2022,20:38:47,0.058,5.015
dash,Spiced Jerk Turkey with Mango Salsa,american,51.49,19.44,30.32,10/16/2022,20:38:47,2.649,0.641
dash,Baked French Toast Casserole,french,129.12,543.33,398.98,10/16/2022,20:38:47,0.238,1.362
dash,Recipe: Braised Coconut Spinach & Chickpeas with Lemon,american,57.94,161.09,108.55,10/16/2022,20:38:54,0.36,1.484
dash,Turkey Pot-au-Feu,american,110.82,63.85,36.56,10/16/2022,20:38:54,1.736,1.746
dash,Individual Spinach-Asiago Gratins,french,31.99,56.85,23.33,10/16/2022,20:38:54,0.563,2.437
dash,Carrot Cake Whoopie Pies with Cinnamon Cream Cheese Frosting,american,59.66,719.77,202.56,10/16/2022,20:38:54,0.083,3.553
dash,"Canoas (Ripe Plantain ""Canoes"" Stuffed with Ground Meat)",south american,90.42,470.78,110.69,10/16/2022,20:38:54,0.192,4.253
dash,Miso and Corn Soup,japanese,102.07,176.96,79.36,10/16/2022,20:38:54,0.577,2.23
dash,Rioja-braised lamb shanks with chorizo and garlic,mediterranean,390.93,121.0,685.39,10/16/2022,20:38:54,3.231,0.177
dash,Avocado and Corn Tostaditas,mexican,23.18,112.72,53.92,10/16/2022,20:38:54,0.206,2.091
dash,Chicken & Mushroom Ragout,mediterranean,100.23,19.18,73.81,10/16/2022,20:38:54,5.226,0.26
dash,Cantaloupe & Green Tomato Salad,french,7.87,59.6,9.8,10/16/2022,20:38:54,0.132,6.082
dash,My killer guacamole,mexican,16.3,83.63,100.66,10/16/2022,20:38:54,0.195,0.831
dash,Apple Turnovers recipes,french,39.2,323.65,191.08,10/16/2022,20:38:54,0.121,1.694
dash,New York Strip Steaks,american,155.77,210.05,203.06,10/16/2022,20:38:54,0.742,1.034
dash,Mushy Peas With Oven Baked Chips,american,25.94,127.29,15.6,10/16/2022,20:38:54,0.204,8.16
dash,Double-Chocolate Soufflé with Vanilla Custard Sauce,french,61.74,291.87,58.58,10/16/2022,20:38:54,0.212,4.982
dash,Buttered-Pecan French Toast with Bourbon Maple Syrup,american,82.66,445.96,259.08,10/16/2022,20:38:54,0.185,1.721
dash,Chicken Salad Crostini with Pepitas and Cilantro,american,99.16,171.5,275.33,10/16/2022,20:38:54,0.578,0.623
dash,Crunchy Quinoa Salad,south american,33.82,137.61,11.39,10/16/2022,20:38:54,0.246,12.082
dash,Ramos Gin Fizz,world,4.93,10.77,18.54,10/16/2022,20:38:54,0.458,0.581
dash,Grilled Butterflied Lamb with African Spices and Herbed Yogurt,american,326.72,27.72,299.81,10/16/2022,20:39:03,11.786,0.092
dash,Pat's Smoked Catfish,american,164.38,72.04,121.89,10/16/2022,20:39:03,2.282,0.591
dash,Pumpkin Sheet Cake recipes,american,63.05,1102.87,367.85,10/16/2022,20:39:03,0.057,2.998
dash,Seelbach,world,0.19,6.63,0.0,10/16/2022,20:39:03,0.029,
dash,BALSAMIC GLAZED FIGS w/PANCETTA & MASCARPONE,american,21.73,268.42,48.52,10/16/2022,20:39:03,0.081,5.532
dash,Cold Noodle Salad With Peanut Butter Dressing,asian,70.51,210.97,237.98,10/16/2022,20:39:03,0.334,0.887
dash,Vegetarian Beyond Meat Juicy Lucy Burger,american,85.94,34.23,43.45,10/16/2022,20:39:03,2.511,0.788
dash,Mexican Stuffed Acorn Squash,mexican,89.45,176.5,101.1,10/16/2022,20:39:03,0.507,1.746
dash,Asian Vegetable Noodle Toss,asian,77.6,250.83,13.97,10/16/2022,20:39:03,0.309,17.955
dash,Dr. Zhivago Borscht,american,17.55,133.73,34.56,10/16/2022,20:39:03,0.131,3.87
dash,Cook the Book: Barbecued Lentils,indian,30.82,125.45,15.07,10/16/2022,20:39:03,0.246,8.324
dash,Caesar Bread Salad Or Panzanella Giulio,american,98.97,303.62,180.76,10/16/2022,20:39:03,0.326,1.68
dash,the most delicious chinese chicken salad,chinese,160.68,40.78,428.75,10/16/2022,20:39:03,3.94,0.095
dash,Roasted Pepper Pesto Cheesecake,italian,163.66,382.56,289.6,10/16/2022,20:39:03,0.428,1.321
dash,Pasta e Fagioli,italian,63.84,191.71,21.73,10/16/2022,20:39:03,0.333,8.822
dash,Wedge Salad with Parmesan-Peppercorn Ranch,american,56.5,185.26,225.97,10/16/2022,20:39:03,0.305,0.82
dash,Low Carb Praline Pumpkin Pie,american,43.14,93.16,275.08,10/16/2022,20:39:03,0.463,0.339
dash,Chicken Stir-Fry Lettuce Wraps,chinese,112.82,59.38,56.02,10/16/2022,20:39:03,1.9,1.06
dash,Atf Gingerbread Cake With Gingery Cream Cheese Frosting,american,43.7,834.47,175.62,10/16/2022,20:39:03,0.052,4.752
dash,Kentucky Chocolate Nut Tartlets,american,16.77,242.78,56.69,10/16/2022,20:39:09,0.069,4.283
dash,Quinoa Blueberry Muffins,american,68.27,413.95,90.63,10/16/2022,20:39:09,0.165,4.567
dash,Pear Crisp with Oat Streusel Topping,french,45.12,509.29,83.29,10/16/2022,20:39:09,0.089,6.115
dash,Duo of New England and Manhattan Clam Chowders,american,130.22,279.43,65.2,10/16/2022,20:39:09,0.466,4.286
dash,"Lamb tajine with apricots, saffron and ginger",middle eastern,213.18,224.76,312.84,10/16/2022,20:39:09,0.948,0.718
dash,"Potato Salad With Watercress, Cucumber And Radish",mediterranean,16.38,105.19,50.35,10/16/2022,20:39:09,0.156,2.089
dash,Spiked cranberry nut bread pudding,british,66.76,302.61,185.07,10/16/2022,20:39:09,0.221,1.635
dash,Sweet Potato And Beet Fritters With Herbed Buttermilk Dip recipes,south american,39.19,149.9,76.25,10/16/2022,20:39:09,0.261,1.966
dash,'Bella Asada Fajitas,mexican,12.39,85.11,14.77,10/16/2022,20:39:09,0.146,5.762
dash,A Charoset-inspired sweet relish,french,10.42,80.79,28.06,10/16/2022,20:39:09,0.129,2.879
dash,Chocolate Cupcakes with Vanilla Cream Cheese Frosting,american,49.88,577.51,142.08,10/16/2022,20:39:09,0.086,4.065
dash,Slow-Cooker Carrot Cake With Cream Cheese Frosting,american,33.42,286.1,144.75,10/16/2022,20:39:09,0.117,1.977
dash,Poached Eggs with Chipotle Dressing and Avocado Relish and Andouille Hollandaise,american,101.69,211.33,845.81,10/16/2022,20:39:09,0.481,0.25
dash,Turkey-Stuffed Mushrooms with Roasted Tomato Aioli,american,36.12,29.26,29.06,10/16/2022,20:39:09,1.234,1.007
dash,Cranberry-Apple French Toast Casserole,american,104.28,514.44,118.58,10/16/2022,20:39:09,0.203,4.338
dash,Caesar Salad,american,39.59,98.24,178.79,10/16/2022,20:39:09,0.403,0.549
dash,Chocolate And Peanut Butter Ice Cream Sandwiches recipes,american,108.02,614.91,525.87,10/16/2022,20:39:09,0.176,1.169
dash,Chicken Pastilla,mediterranean,205.32,191.6,203.38,10/16/2022,20:39:16,1.072,0.942
dash,Simple Butternut Squash,south american,11.86,85.54,14.96,10/16/2022,20:39:16,0.139,5.718
dash,Apple Inception Cocktail,world,0.23,7.09,0.1,10/16/2022,20:39:16,0.032,70.9
dash,Artichokes alla Romana,mediterranean,32.8,150.19,3.86,10/16/2022,20:39:16,0.218,38.909
dash,"Spinach Salad with Bacon, Blue Cheese, Pecans, and Cranberries",american,76.1,181.73,222.42,10/16/2022,20:39:16,0.419,0.817
dash,"Mixed Greens with Jicama, Orange, and Pickled Red Onions",american,20.13,122.65,161.22,10/16/2022,20:39:16,0.164,0.761
dash,Spicy Pickle Fries with Homemade Ranch Dip,south american,36.86,154.88,54.84,10/16/2022,20:39:16,0.238,2.824
dash,Seelbach Cocktail,world,0.13,10.32,0.07,10/16/2022,20:39:16,0.013,147.429
dash,Crawfish Beignets with Spicy Remoulade,american,40.9,238.4,203.47,10/16/2022,20:39:16,0.172,1.172
dash,Chocolate-Almond Cheesecake Bars,american,75.36,299.24,164.61,10/16/2022,20:39:16,0.252,1.818
dash,"Crostini with Gorgonzola, Caramelized Onions, and Fig Jam",italian,64.82,265.84,57.67,10/16/2022,20:39:16,0.244,4.61
dash,Grilled Chicken and Egg Potato Salad,south american,205.37,139.85,110.64,10/16/2022,20:39:16,1.469,1.264
dash,Cashew Chicken Bake,south american,149.18,173.27,113.57,10/16/2022,20:39:16,0.861,1.526
dash,Texas Caviar,american,48.42,178.41,46.04,10/16/2022,20:39:16,0.271,3.875
dash,Crispy White Fish + Sweet Potato & Beet Curly Fries,french,118.58,117.11,67.47,10/16/2022,20:39:16,1.013,1.736
dash,"Pasta with Lemon Cream Sauce, Asparagus, and Peas",italian,44.91,213.35,45.4,10/16/2022,20:39:16,0.21,4.699
dash,Peppermint Patty Cake with Vanilla Mint Frosting recipes,american,52.51,1212.98,571.51,10/16/2022,20:39:23,0.043,2.122
dash,Rum Old Fashioned recipes,british,0.35,284.46,0.0,10/16/2022,20:39:23,0.001,
dash,Black Bottom Banana-Cream Pie,american,45.4,294.66,73.43,10/16/2022,20:39:23,0.154,4.013
dash,Italian Wedding Soup,italian,154.59,166.97,138.85,10/16/2022,20:39:23,0.926,1.203
dash,Young Corn And Celery Soup,south american,44.54,162.83,58.11,10/16/2022,20:39:23,0.274,2.802
dash,Crisp Crab Cakes,american,113.3,55.98,56.34,10/16/2022,20:39:23,2.024,0.994
dash,Spinach Stuffed Spicy Panko Crusted Pork Chops with Creamy Rustic Pan Sauce,american,139.32,118.24,111.07,10/16/2022,20:39:23,1.178,1.065
dash,"Tagliata With Green Tomatoes, Oregano And Mustard Recipe",french,106.35,55.28,151.0,10/16/2022,20:39:23,1.924,0.366
dash,Strawberry Shortcake Cake,british,60.15,1218.48,404.79,10/16/2022,20:39:23,0.049,3.01
dash,Green Chile Tortilla Bake,mexican,196.16,486.11,289.14,10/16/2022,20:39:23,0.404,1.681
dash,Crab Cake Poppers,american,107.96,73.39,280.89,10/16/2022,20:39:23,1.471,0.261
dash,Potato-Zucchini Skillet Pancakes with Cherry Tomato Salad,american,20.1,199.24,26.91,10/16/2022,20:39:23,0.101,7.404
dash,Vermouth Cocktail Recipe,world,0.13,3.87,0.02,10/16/2022,20:39:23,0.034,193.5
dash,A&O Pasta (Almonds & Oysters Pasta),italian,77.66,256.82,169.44,10/16/2022,20:39:23,0.302,1.516
dash,Red-Braised Pork (Hong Shao Rou),chinese,79.05,67.02,340.88,10/16/2022,20:39:23,1.179,0.197
dash,Apple Crostata with Oat Crumble Topping,french,47.82,676.38,178.16,10/16/2022,20:39:23,0.071,3.796
dash,Mississippi Mud Pie,american,46.55,437.23,114.57,10/16/2022,20:39:23,0.106,3.816
dash,Queens Park Swizzle Recipe,world,0.23,18.61,0.06,10/16/2022,20:39:23,0.012,310.167
dash,Chocolate-Zucchini Loaf Cake,american,50.92,441.54,144.43,10/16/2022,20:39:23,0.115,3.057
dash,Sazerac,world,1.06,7.23,0.95,10/16/2022,20:39:23,0.147,7.611
dash,Salmon & Puy lentil salad with olive dressing,nordic,193.4,362.68,124.98,10/16/2022,20:39:30,0.533,2.902
dash,Capellini Primavera,italian,98.3,490.73,107.99,10/16/2022,20:39:30,0.2,4.544
dash,The Jameson Black Barrel Old Fashioned,world,0.23,14.99,0.14,10/16/2022,20:39:30,0.015,107.071
dash,"Gin and Tonic, Remixed",world,2.96,30.28,0.56,10/16/2022,20:39:30,0.098,54.071
dash,Pumpkin-Sweet Potato Soup,south american,15.75,107.52,75.15,10/16/2022,20:39:30,0.146,1.431
dash,Roast Chicken with Boiled Potatoes and Boston Lettuce Salad,south east asian,384.37,505.28,156.57,10/16/2022,20:39:30,0.761,3.227
dash,Baked Pita Chips with Charred Three Onion Dip,mediterranean,63.59,252.6,237.73,10/16/2022,20:39:30,0.252,1.063
dash,Toasted-Coconut Layer Cake,american,56.64,922.88,203.66,10/16/2022,20:39:30,0.061,4.531
dash,Amazing Apple Tart,american,13.39,175.6,55.28,10/16/2022,20:39:30,0.076,3.177
dash,Mozzarella in Carrozza with Sun-Dried Tomato and Roasted Red Pepper Jam,italian,58.61,232.13,93.34,10/16/2022,20:39:30,0.252,2.487
dash,Curry Potato Salad,indian,34.92,205.47,119.76,10/16/2022,20:39:30,0.17,1.716
dash,"Chicken Curry with Bananas, Raisins, and Peanuts recipes",south east asian,114.85,122.56,157.97,10/16/2022,20:39:30,0.937,0.776
dash,Bonnie’s Fish Stew,french,400.08,147.52,155.6,10/16/2022,20:39:30,2.712,0.948
dash,Cucumber Gazpacho with Shrimp Relish,american,79.47,53.8,31.92,10/16/2022,20:39:30,1.477,1.685
dash,Har Gow,chinese,73.27,143.16,38.56,10/16/2022,20:39:30,0.512,3.713
dash,"Halibut with Grapefruit, Parsley, Red Onion, and Shiitake Mushrooms recipes",american,137.2,67.4,323.06,10/16/2022,20:39:30,2.036,0.209
dash,Coffee Seafood Risotto,italian,72.08,210.69,86.22,10/16/2022,20:39:30,0.342,2.444
dash,Salsa,mexican,10.75,50.01,4.15,10/16/2022,20:39:30,0.215,12.051
dash,Ground Beef Tacos with a Zesty Guacamole,mexican,154.56,209.25,265.7,10/16/2022,20:39:30,0.739,0.788
dash,Chocolate Covered Pears Poached in Mulled Wine,american,11.36,255.41,122.76,10/16/2022,20:39:36,0.044,2.081
dash,"Broccoli, Cheddar, and Ranch Chicken Calzones",italian,83.38,16.85,102.3,10/16/2022,20:39:36,4.948,0.165
dash,Sara's Famous Sausage-Apple Gravy,american,98.23,96.41,184.67,10/16/2022,20:39:36,1.019,0.522
dash,Summer Tomato and Bell Pepper Soup,italian,30.35,42.33,69.84,10/16/2022,20:39:36,0.717,0.606
dash,Almond-Thyme-Crusted Mahi Mahi with Lemon Chardonnay Sauce,mediterranean,33.78,27.43,28.67,10/16/2022,20:39:36,1.231,0.957
dash,Flank Steak with Tomatillo Salsa Verde,south american,136.79,185.81,272.5,10/16/2022,20:39:36,0.736,0.682
dash,Taco Night,mexican,144.61,324.37,175.17,10/16/2022,20:39:36,0.446,1.852
dash,Coconut-Panko Shrimp With Orange-Glazed Sweet Potatoes,mediterranean,120.75,271.21,104.41,10/16/2022,20:39:36,0.445,2.598
dash,Fully-Loaded Cheesy Potato Soup with Gina's Spinach Salad,american,182.49,306.34,403.79,10/16/2022,20:39:36,0.596,0.759
dash,Squash Cheese Pie,american,112.04,79.92,118.34,10/16/2022,20:39:36,1.402,0.675
dash,Buffalo Chicken Sandwiches & Ranch,american,186.08,186.44,227.67,10/16/2022,20:39:36,0.998,0.819
dash,Strawberry And White Chocolate Passion Fruit Soups With Mixed Berry Muffins,american,86.53,606.03,390.41,10/16/2022,20:39:36,0.143,1.552
dash,Red Snapper Cocktail Recipe,world,1.64,8.71,0.61,10/16/2022,20:39:36,0.188,14.279
dash,Neely's Fish and Chips,british,215.31,470.7,621.31,10/16/2022,20:39:36,0.457,0.758
dash,Salmon & Crab Cakes,nordic,93.88,85.94,63.4,10/16/2022,20:39:36,1.092,1.356
dash,Maple Leaf Sazerac From Minetta Tavern,world,0.02,17.27,0.02,10/16/2022,20:39:36,0.001,863.5
dash,Triple cheese & aubergine lasagne,italian,201.57,460.02,245.9,10/16/2022,20:39:36,0.438,1.871
dash,Squash & Sprout Orzo Salad With Ginger-Walnut Dressing,mediterranean,133.61,684.05,107.04,10/16/2022,20:39:36,0.195,6.391
dash,Man About Town,french,0.02,0.77,0.0,10/16/2022,20:39:36,0.026,
dash,Family-Style Taco Night,mexican,226.45,173.83,190.15,10/16/2022,20:39:43,1.303,0.914
dash,Shrimp Cakes with Peach Jalapeno Relish,kosher,136.68,184.84,51.69,10/16/2022,20:39:43,0.739,3.576
dash,Potstickers with Spicy Dipping Sauce,chinese,111.69,463.15,85.39,10/16/2022,20:39:43,0.241,5.424
dash,Turkey Tetrazzini,american,78.39,131.57,21.1,10/16/2022,20:39:43,0.596,6.236
dash,Neely's Fried Zucchini,italian,64.97,168.72,322.27,10/16/2022,20:39:43,0.385,0.524
dash,Salmon & Puy Lentil Salad With Olive Dressing,nordic,188.3,362.68,121.63,10/16/2022,20:39:43,0.519,2.982
dash,Bloody Mary,french,1.71,10.42,0.56,10/16/2022,20:39:43,0.164,18.607
dash,Thai Turkey Salad,south east asian,67.43,50.79,79.95,10/16/2022,20:39:43,1.328,0.635
dash,Cardamom Blush Cocktail Recipe,world,0.11,23.24,0.07,10/16/2022,20:39:43,0.005,332.0
dash,Cobb Salad with Blue Cheese Dressing,american,290.22,160.03,596.29,10/16/2022,20:39:43,1.814,0.268
dash,Seafood Salad with Creamy Ginger Dressing,mediterranean,111.64,68.46,21.8,10/16/2022,20:39:43,1.631,3.14
dash,Zucchini Cheddar Hand Pies recipes,british,74.82,285.55,220.66,10/16/2022,20:39:43,0.262,1.294
dash,Crab Benedict,french,81.76,17.94,197.57,10/16/2022,20:39:43,4.557,0.091
dash,Southwestern Steak Pizza,italian,95.55,137.54,116.04,10/16/2022,20:39:43,0.695,1.185
dash,L’Artusi’s Famous Mushroom Ragu With Fresh Garganelli,italian,162.0,550.0,254.34,10/16/2022,20:39:43,0.295,2.162
dash,Gazpacho,mediterranean,32.28,118.15,127.5,10/16/2022,20:39:43,0.273,0.927
dash,Fresh Macaroni Salad,american,34.47,94.43,29.91,10/16/2022,20:39:43,0.365,3.157
dash,Orange-Hazelnut Dacquoise,italian,65.0,445.9,190.77,10/16/2022,20:39:43,0.146,2.337
dash,Joanie's Moules Ravigote,french,116.41,78.57,134.81,10/16/2022,20:39:43,1.482,0.583
dash,Vegetarian Banh Mi,south east asian,99.62,305.36,266.51,10/16/2022,20:39:50,0.326,1.146
dash,Carrot Cake Gelly Shots,british,31.96,155.41,22.11,10/16/2022,20:39:50,0.206,7.029
dash,Lentil-Red Pepper Salad,south american,42.98,129.67,3.98,10/16/2022,20:39:50,0.331,32.58
dash,My children love beet salad!,american,20.11,92.55,50.04,10/16/2022,20:39:50,0.217,1.85
dash,"Farro, Golden Beet, and Feta Salad with Pecans and Chive-Sage Dressing",mediterranean,40.66,186.3,111.8,10/16/2022,20:39:50,0.218,1.666
dash,Off the Cuff Turmeric Risotto,italian,50.28,319.5,14.67,10/16/2022,20:39:50,0.157,21.779
dash,Berry-Mandarin Tossed Salad,french,34.25,196.26,140.0,10/16/2022,20:39:50,0.175,1.402
dash,Spaghetti & Meatballs,italian,154.9,167.71,105.1,10/16/2022,20:39:50,0.924,1.596
dash,Mushroom and Bell Pepper Chicken with Linguine,italian,222.08,290.21,110.97,10/16/2022,20:39:50,0.765,2.615
dash,Cardamom Blush Cocktail recipes,world,0.11,23.24,0.07,10/16/2022,20:39:50,0.005,332.0
dash,Suzhou-Style Mooncakes,italian,93.64,288.31,151.0,10/16/2022,20:39:50,0.325,1.909
dash,Braised Coconut Spinach with Chickpeas and Lemon Recipe,french,63.68,218.05,109.19,10/16/2022,20:39:50,0.292,1.997
dash,Baked French Toast Casserole,french,130.39,774.89,403.71,10/16/2022,20:39:50,0.168,1.919
dash,Grilled Vegetable Sandwiches,mediterranean,51.19,205.38,82.67,10/16/2022,20:39:50,0.249,2.484
dash,Homemade ranch with iceberg wedge,american,15.77,43.1,205.37,10/16/2022,20:39:50,0.366,0.21
dash,Gougères recipes,french,219.81,200.28,302.05,10/16/2022,20:39:50,1.098,0.663
dash,Hungarian Sour Cherry Soup (Meggyleves),world,27.96,180.99,120.39,10/16/2022,20:39:50,0.154,1.503
dash,Summer Melon Salad,italian,20.76,50.15,44.85,10/16/2022,20:39:57,0.414,1.118
dash,Old-Fashioned Caramel Layer Cake,american,61.21,1019.34,105.84,10/16/2022,20:39:57,0.06,9.631
dash,Caesar Salad With Red Romaine,american,92.98,117.64,161.31,10/16/2022,20:39:57,0.79,0.729
dash,Orange Sweet Rolls,american,85.62,1314.61,276.55,10/16/2022,20:39:57,0.065,4.754
dash,Chicken with Green Olives,mediterranean,183.41,432.21,140.98,10/16/2022,20:39:57,0.424,3.066
dash,Curried Squash Soup,indian,37.22,144.41,69.73,10/16/2022,20:39:57,0.258,2.071
dash,Chicken & Cornmeal Dumplings,american,86.0,105.24,80.77,10/16/2022,20:39:57,0.817,1.303
dash,Asian Stir Fried String Beans with Pork,south east asian,49.65,47.34,78.72,10/16/2022,20:39:57,1.049,0.601
dash,Zombie Punch Recipe,world,0.25,89.85,0.06,10/16/2022,20:39:57,0.003,1497.5
dash,Raw Veggies with Chipotle Ranch Dressing,american,32.63,217.23,207.25,10/16/2022,20:39:57,0.15,1.048
dash,Mini Black Jack Burgers,american,190.75,205.38,158.75,10/16/2022,20:39:57,0.929,1.294
dash,Time for a Drink: Bloody Mary Recipe,world,1.03,5.12,0.37,10/16/2022,20:39:57,0.201,13.838
dash,Caesar Salad Le Cirque recipes,american,96.12,98.43,353.39,10/16/2022,20:39:57,0.977,0.279
dash,Preserved Lime Tabbouleh Salad,middle eastern,50.82,235.1,57.13,10/16/2022,20:39:57,0.216,4.115
dash,Quick-Marinated Cherry Tomato Salad recipes,french,242.97,618.82,571.91,10/16/2022,20:39:57,0.393,1.082
dash,Broiled Marinated Skirt Steak with Cilantro and Preserved Lemon Gremolata,american,92.32,12.71,65.46,10/16/2022,20:39:57,7.264,0.194
dash,Pumpkin Polenta Recipe With Tomatillo-Avocado Salsa,south american,25.55,215.41,94.48,10/16/2022,20:39:57,0.119,2.28
dash,"Chicken, Spring Pea and Farro Risotto with Lemon",italian,77.06,66.69,32.36,10/16/2022,20:39:57,1.155,2.061
dash,3-Bean Chili,american,114.28,422.73,65.73,10/16/2022,20:39:57,0.27,6.431
dash,"Sweet Potato, Orange and Ginger Cream Soup with Crispy Sweet Potatoes and Chilli Flakes",american,40.58,294.06,77.81,10/16/2022,20:39:57,0.138,3.779
dash,Plum Galette With A Whole-Wheat Crust,french,31.79,313.9,101.44,10/16/2022,20:40:03,0.101,3.094
dash,Shrimpylicious Egg Rolls,chinese,41.58,173.55,77.57,10/16/2022,20:40:03,0.24,2.237
dash,Cheesecake Factory's Fresh Banana Cream Cheesecake recipes,american,120.61,762.65,686.38,10/16/2022,20:40:03,0.158,1.111
dash,Garlic Chicken Lasagna,italian,316.09,434.39,311.08,10/16/2022,20:40:03,0.728,1.396
dash,Cockerel in Riesling Mushroom Sauce with Ribbon Noodles,asian,256.12,196.68,656.17,10/16/2022,20:40:03,1.302,0.3
dash,Pepper Confetti Macaroni and Cheese,mediterranean,102.48,341.31,64.1,10/16/2022,20:40:03,0.3,5.325
dash,Corn and Crab Cakes,american,68.03,89.88,110.77,10/16/2022,20:40:03,0.757,0.811
dash,Melty Chocolate-Stuffed French Toast with Lemon-Orange Syrup,french,105.45,422.23,98.8,10/16/2022,20:40:03,0.25,4.274
dash,Potato-Butternut Gratin With Poblano Béchamel,french,74.93,191.52,90.82,10/16/2022,20:40:03,0.391,2.109
dash,Italian Tomato Tart,italian,70.67,300.07,63.38,10/16/2022,20:40:03,0.236,4.734
dash,Arugula Salad with Shrimp and Grapes,american,59.82,74.45,23.0,10/16/2022,20:40:03,0.803,3.237
dash,Myrtle's Meatball Recipe,american,230.47,120.48,108.19,10/16/2022,20:40:03,1.913,1.114
dash,Crab Cakes,american,105.56,79.67,46.01,10/16/2022,20:40:03,1.325,1.732
dash,Buffalo Shrimp Salad with Spicy Pita Croutons,italian,23.61,44.49,29.27,10/16/2022,20:40:03,0.531,1.52
dash,Bean Cabbage Soup,middle eastern,21.49,58.32,8.68,10/16/2022,20:40:10,0.368,6.719
dash,"Polenta With Winter Salad, Poached Egg, and Blue Cheese From 'Feast'",american,62.66,135.6,128.75,10/16/2022,20:40:10,0.462,1.053
dash,Fall Lasagna with Pumpkin and Italian Sausage,italian,163.02,270.26,336.19,10/16/2022,20:40:10,0.603,0.804
dash,Chicken Taco Salad,mexican,111.69,182.51,124.41,10/16/2022,20:40:10,0.612,1.467
dash,Fireside Fajitas,mexican,149.74,251.38,58.06,10/16/2022,20:40:10,0.596,4.33
dash,Chocolate Raspberry Tart with White Chocolate Cream,american,50.95,337.64,101.7,10/16/2022,20:40:10,0.151,3.32
dash,Mita Mary,world,2.09,15.26,4.68,10/16/2022,20:40:10,0.137,3.261
dash,"Harvest pie with swiss chard, cheese, orange zest and fennel",american,289.73,1088.52,263.99,10/16/2022,20:40:10,0.266,4.123
dash,Classic Lasagna,italian,345.28,521.73,260.35,10/16/2022,20:40:10,0.662,2.004
dash,Parchment-Roasted Cornish Game Hens with Maple Root Vegetables,american,248.55,275.74,282.54,10/16/2022,20:40:10,0.901,0.976
dash,Time for a Drink: Cocktail à la Louisiane Recipe,world,0.04,7.45,0.06,10/16/2022,20:40:10,0.005,124.167
dash,Improved Negroni,american,3.51,56.44,0.72,10/16/2022,20:40:10,0.062,78.389
dash,Loaded Nachos,mexican,145.11,165.79,212.25,10/16/2022,20:40:10,0.875,0.781
dash,Lemon Asparagus Penne,italian,94.29,269.41,81.81,10/16/2022,20:40:10,0.35,3.293
dash,"Saffron Couscous with Roast Autumn Vegetables, Pecans, Cranberries and Figs",american,54.88,301.31,134.71,10/16/2022,20:40:10,0.182,2.237
dash,City of Lights Salad Nicoise,french,125.33,208.46,112.92,10/16/2022,20:40:10,0.601,1.846
dash,Braised Pork Belly Sandwich with Pesto Mayo,italian,196.72,279.07,713.11,10/16/2022,20:40:10,0.705,0.391
dash,Spicy Vegetable Bake,american,80.5,154.94,117.4,10/16/2022,20:40:10,0.52,1.32
dash,Pluot Galettes with Apple Mint and Calvados-Laced Whipped Cream,french,56.7,634.09,258.15,10/16/2022,20:40:17,0.089,2.456
dash,Denis Leary's Zesty Baked Chicken Wings,american,160.74,149.65,152.85,10/16/2022,20:40:17,1.074,0.979
dash,Seelbach Cocktail Recipe,world,0.1,3.71,0.0,10/16/2022,20:40:17,0.027,
dash,Improved Scotch Cocktail Recipe,world,0.0,3.73,0.01,10/16/2022,20:40:17,0.0,373.0
dash,Spicy Chicken and Butternut Squash Tortilla Soup,mexican,168.64,192.95,179.09,10/16/2022,20:40:17,0.874,1.077
dash,Song of Songs Cocktail,american,0.0,17.47,0.01,10/16/2022,20:40:17,0.0,1747.0
dash,Jazzed Up Turkey Tetrazzini,american,517.47,575.58,377.75,10/16/2022,20:40:17,0.899,1.524
dash,Manhattan Cocktail Recipe,world,0.02,0.83,0.0,10/16/2022,20:40:17,0.024,
dash,Ratatouille Galette,french,63.51,229.84,157.88,10/16/2022,20:40:17,0.276,1.456
dash,Tropical Gingerbread Cake,american,58.73,700.8,138.0,10/16/2022,20:40:17,0.084,5.078
dash,Southern Grits And Greens Casserole,american,79.85,166.58,135.26,10/16/2022,20:40:17,0.479,1.232
dash,Serious Salsa: (Not Exactly) My Uncle's Salsa Recipe,american,4.31,21.54,2.68,10/16/2022,20:40:17,0.2,8.037
dash,"Marinated zucchini noodles with tomato basil sauce, dried baby tomatoes + garlic portobello meatless balls",asian,13.92,85.7,19.91,10/16/2022,20:40:17,0.162,4.304
dash,Big Mama's Nacho Dip,american,135.46,118.26,161.92,10/16/2022,20:40:17,1.145,0.73
dash,Dumplings: those little Humpty-Dumptys,chinese,111.1,457.42,92.58,10/16/2022,20:40:17,0.243,4.941
dash,Class Act,world,1.63,7.6,0.04,10/16/2022,20:40:24,0.214,190.0
dash,Crafty Crescent Lasagna,italian,202.59,298.24,188.17,10/16/2022,20:40:24,0.679,1.585
dash,Homemade Turkey Alphabet Soup,american,1190.35,49.13,297.45,10/16/2022,20:40:24,24.229,0.165
dash,Lighter Beef Stroganoff,eastern europe,112.22,82.68,101.61,10/16/2022,20:40:24,1.357,0.814
dash,Sweet Chile Pork over Cumin Beans and Cilantro Rice,mexican,407.45,881.0,145.87,10/16/2022,20:40:24,0.462,6.04
dash,The Ultimate Ketel One Blood Mary,world,1.35,9.04,0.41,10/16/2022,20:40:24,0.149,22.049
dash,Marinated Portobello Stuffed Whole Chicken with Roasted Sweet Potatoes and Red Onion,american,187.41,123.19,389.06,10/16/2022,20:40:24,1.521,0.317
dash,"Broiled Fish with Maple Glaze, Braised Fennel, and Sautéed Chard Recipe",american,66.0,75.9,40.88,10/16/2022,20:40:24,0.87,1.857
dash,Shrimp Bisque,mediterranean,95.65,85.82,28.44,10/16/2022,20:40:24,1.115,3.018
dash,Fresh Tomato Bloody Mary with Garden Herbs and Celery Bitters recipes,french,8.38,38.04,2.26,10/16/2022,20:40:24,0.22,16.832
dash,"Beets, Tahini, Flatbread + Lentils",mediterranean,98.37,354.82,75.16,10/16/2022,20:40:24,0.277,4.721
dash,asian ginger & soy coleslaw salad,chinese,34.06,170.14,176.45,10/16/2022,20:40:24,0.2,0.964
dash,Pumpkin Chutney,indian,14.38,349.29,30.28,10/16/2022,20:40:24,0.041,11.535
dash,The Outcider from Prime Meats Recipe,world,2.13,58.24,0.7,10/16/2022,20:40:24,0.037,83.2
dash,In A Jiffy Spelt Veggie Burgers recipes,american,41.05,169.73,16.48,10/16/2022,20:40:24,0.242,10.299
dash,Best Ever Turkey Chili,american,135.54,135.43,67.71,10/16/2022,20:40:24,1.001,2.0
dash,Caesar Salad Le Cirque Recipe,american,96.11,98.41,353.39,10/16/2022,20:40:24,0.977,0.278
dash,Lillet of the Valley Recipe,world,0.42,14.98,0.15,10/16/2022,20:40:24,0.028,99.867
dash,Cinnamon Rolls,nordic,163.98,2450.17,709.82,10/16/2022,20:40:30,0.067,3.452
dash,Crab Cakes,american,105.82,81.28,46.09,10/16/2022,20:40:30,1.302,1.764
dash,Southern BBQ Pork Bowls,american,361.44,143.36,280.07,10/16/2022,20:40:30,2.521,0.512
dash,Pork Stew,british,250.91,128.52,216.81,10/16/2022,20:40:30,1.952,0.593
dash,Shrimp Hushpuppies with Vidalia Onion Dip,american,111.36,286.42,549.88,10/16/2022,20:40:30,0.389,0.521
dash,Potato Spinach Sausage Casserole,italian,93.44,164.59,165.22,10/16/2022,20:40:30,0.568,0.996
dash,Caesar Salad,american,61.36,94.97,126.22,10/16/2022,20:40:30,0.646,0.752
dash,New England Fish Chowder,american,209.48,117.08,163.87,10/16/2022,20:40:30,1.789,0.714
dash,"Old-Fashioned Fans, Meet The American Trilogy recipes",world,0.0,4.26,0.0,10/16/2022,20:40:30,0.0,
dash,Lean Lasagna,italian,194.53,435.09,78.18,10/16/2022,20:40:30,0.447,5.565
dash,Classic Hot Wings,american,152.04,8.53,312.86,10/16/2022,20:40:30,17.824,0.027
dash,Pumpkin Cheesecake With Bourbon-Spiked Cream,american,143.68,698.64,727.58,10/16/2022,20:40:30,0.206,0.96
dash,Pumpkin Gingersnap Cheesecake with Salted Caramel Sauce,american,93.08,887.87,519.63,10/16/2022,20:40:30,0.105,1.709
dash,Cognac Sparklers recipes,world,0.25,28.02,0.32,10/16/2022,20:40:30,0.009,87.562
dash,Fish Chowder,american,209.48,117.08,163.87,10/16/2022,20:40:30,1.789,0.714
dash,Smoked Pork Ribs,american,413.24,73.34,609.09,10/16/2022,20:40:30,5.635,0.12
dash,"Grilled Salmon & Cucumber, Fresh Herb & Feta Salad",mediterranean,157.58,50.82,149.36,10/16/2022,20:40:30,3.101,0.34
dash,Grilled Chicken Banh-Mi with Pickled Vegetables and Sriracha Mayo,japanese,118.37,215.29,102.24,10/16/2022,20:40:30,0.55,2.106
dash,Meatball Stroganoff,eastern europe,113.71,186.13,108.46,10/16/2022,20:40:30,0.611,1.716
dash,Mango and Quinoa Chopped Salad with Ancho-Mango Dressing,south american,75.39,362.92,18.19,10/16/2022,20:40:37,0.208,19.952
dash,Spinach & Feta Squash Quiche,mediterranean,53.45,54.58,61.72,10/16/2022,20:40:37,0.979,0.884
dash,Pomegranate Americano Recipe,french,0.09,7.44,0.16,10/16/2022,20:40:37,0.012,46.5
dash,Fresh Ginger Cake with Candied Citrus Glaze,american,65.37,787.82,181.09,10/16/2022,20:40:37,0.083,4.35
dash,Bloody Mary recipes,world,1.2,6.82,0.43,10/16/2022,20:40:37,0.176,15.86
dash,Pimento Cheese Sandwiches,american,137.16,27.73,516.8,10/16/2022,20:40:37,4.946,0.054
dash,Black Bean and Mushroom Vegetarian Meatless Balls,french,94.86,274.81,39.33,10/16/2022,20:40:37,0.345,6.987
dash,Manhattan,world,0.03,2.95,0.01,10/16/2022,20:40:37,0.01,295.0
dash,Neelys Egg Benedict on a Pork Croquette,italian,165.34,209.29,431.44,10/16/2022,20:40:37,0.79,0.485
dash,No Man's Land,world,0.05,15.26,0.03,10/16/2022,20:40:37,0.003,508.667
dash,Brown Butter-Sunchoke Soup With Brussels Sprouts and Bacon Recipe,italian,85.2,288.14,137.15,10/16/2022,20:40:37,0.296,2.101
dash,Make-Your-Own-Salad,american,141.98,123.18,323.5,10/16/2022,20:40:37,1.153,0.381
dash,Luis Buñuel Dry Martini,world,0.01,0.39,0.0,10/16/2022,20:40:37,0.026,
dash,Cornflake Semi-Fried Chicken Tenders,american,155.38,239.88,260.84,10/16/2022,20:40:37,0.648,0.92
dash,Emeril's Classic Manhattan,american,0.02,0.83,0.0,10/16/2022,20:40:37,0.024,
dash,Mango and Quinoa Chopped Salad with Ancho-Mango Dressing,south american,75.39,362.92,18.19,10/16/2022,20:40:44,0.208,19.952
dash,Spinach & Feta Squash Quiche,mediterranean,53.45,54.58,61.72,10/16/2022,20:40:44,0.979,0.884
dash,Pomegranate Americano Recipe,french,0.09,7.44,0.16,10/16/2022,20:40:44,0.012,46.5
dash,Fresh Ginger Cake with Candied Citrus Glaze,american,65.37,787.82,181.09,10/16/2022,20:40:44,0.083,4.35
dash,Bloody Mary recipes,world,1.2,6.82,0.43,10/16/2022,20:40:44,0.176,15.86
dash,Pimento Cheese Sandwiches,american,137.16,27.73,516.8,10/16/2022,20:40:44,4.946,0.054
dash,Black Bean and Mushroom Vegetarian Meatless Balls,french,94.86,274.81,39.33,10/16/2022,20:40:44,0.345,6.987
dash,Manhattan,world,0.03,2.95,0.01,10/16/2022,20:40:44,0.01,295.0
dash,Neelys Egg Benedict on a Pork Croquette,italian,165.34,209.29,431.44,10/16/2022,20:40:44,0.79,0.485
dash,No Man's Land,world,0.05,15.26,0.03,10/16/2022,20:40:44,0.003,508.667
dash,Brown Butter-Sunchoke Soup With Brussels Sprouts and Bacon Recipe,italian,85.2,288.14,137.15,10/16/2022,20:40:44,0.296,2.101
dash,Make-Your-Own-Salad,american,141.98,123.18,323.5,10/16/2022,20:40:44,1.153,0.381
dash,Luis Buñuel Dry Martini,world,0.01,0.39,0.0,10/16/2022,20:40:44,0.026,
dash,Cornflake Semi-Fried Chicken Tenders,american,155.38,239.88,260.84,10/16/2022,20:40:44,0.648,0.92
dash,Emeril's Classic Manhattan,american,0.02,0.83,0.0,10/16/2022,20:40:44,0.024,
